amount_reviews,critics_consensus,duration,genre,image_urls,images,rating,release_date,title
89,★笑中帶淚、感人肺腑，今年度最溫暖動人的家庭溫情系電影 ★廖慶松、徐若瑄領軍，金獎團隊聯手打造，再創台灣家庭電影經典 ★台灣重量級實力派女性演員，共同寫下屬於台灣女人的故事  缺席的人，是她們不能觸碰的心事… 林秀英（陳淑芳 飾）是台南赫赫有名的餐廳老闆，在丈夫（龍劭華 飾）無聲無息地離家後，便靠著賣蝦捲，獨自撫養三個女兒長大成人，不僅把蝦捲從路邊攤賣到開餐廳，三個女兒更是成就非凡，大女兒阿青（謝盈萱 飾）是國際舞者，二女兒阿瑜（徐若瑄 飾）在台北當整形醫生，小女兒佳佳（孫可芳 飾）則接手自己的餐廳事業。  眼看就要苦盡甘來，秀英卻在70大壽當天接到丈夫離世的噩耗，在替這位有名無實的丈夫籌辦喪禮的同時，竟意外迎來了另一位陪伴丈夫度過晚年的女人，令她不得不再次面對內心埋藏已久的怨懟……,片長：02時03分,,,/code/media/movie/images/孤味.jpg,4.4,2020-11-06,孤味
100,★ 第79屆威尼斯影展競賽單元 ★ 2019 日內瓦國際影展「最佳VR體驗金映獎」 ,片長：01時26分,,,/code/media/movie/images/5x1.jpg,0.0,2020-11-06,5x1
78,★繼《寄生上流》後南韓電影最受國際矚目之金獎作品！固定班底柏林影后金珉禧、徐永嬅等人再度攜手”逃亡”，拓展「洪常秀宇宙」又一新視界 ★「亞洲伍迪艾倫」洪常秀導演再突破的細膩新作！罕見以女性視角出發，尖銳看穿兩性愛情裡的貪嗔癡 ★洪常秀導演生涯四次入圍柏林影展，首次憑本片奪下2020柏林影展最佳導演銀熊獎殊榮  想從洗手間偷聽她們趁男人不在身邊時的評價，但還不只是這樣…  自命幸福的已婚女子，因丈夫暫別而興起拜訪朋友的念頭。她與住在首爾郊外的年長友人小聚，走進迷戀鄰居的女教師房間，又偶然遇上在獨立電影院工作的老友。在這個自得其樂的女性國度中，一連串的重逢與偶遇照亮了不同位置的韓國女人心境。一杯杯米酒與燒肉的絮絮叨叨裡，男人的自私軟弱被攤開來嘲諷笑語，深埋在女人們內心深處的慾望也方得傾訴。創作不輟的南韓名導洪常秀，這回以一貫簡約的風格與變焦攝影鏡位，帶著觀眾步入女人的世界，透過一票御用女演員金珉禧、徐永嬅、宋宣美、金璽碧，述說一群追求獨立自主的現代女性的故事，精準描摹那道男性無法跨越的鴻溝。  《逃亡的女人》是南韓金獎作者導演洪常秀生涯入圍四次柏林影展後，首度奪下最佳導演銀熊獎的集大成之作。這次同樣找來謬思女神、柏林影后金珉禧作為穿針引線的主角，並召集了固定班底如徐永嬅、宋善美、金璽碧、權海驍等人，一改過往作品中總愛描繪長篇大論又與年輕女子曖昧不明的男性們，這次聚焦在女子們「午茶閒聊」式的流言耳語，另類精準描繪出擅長的兩性母題。本片可說是繼《寄生上流》後南韓電影最受國際矚目的金獎作品，拓展「洪常秀宇宙」又一新視界，導演忠實粉絲絕不容錯過。什麼才是讓這群女人想短暫遠離家庭的真相？又有什麼一針見血地抱怨伴侶的閒話，聽了讓人不禁感同身受呢？ ,片長：01時17分,,,/code/media/movie/images/逃亡的女人.jpg,4.0,2020-11-06,逃亡的女人
92,★ 人氣漫畫家キヅナツキBL名作改編的同名動畫 首度映畫化！ ★ 以SNS為中心 「青春×樂團×BL」的最佳組合！ ★日本BL動畫知名品牌「BLUE LYNX」繼《鳴鳥不飛：烏雲密布》又一力作  キヅナツキ同名BL人氣漫畫，繼電視劇版後，終於登上大銀幕，這也是日本BL新銳廠牌「BLUE LYNX」繼《鳴鳥不飛：烏雲密布》的第二部作品。  高中生上山立夏熱愛演奏吉他，與春樹和秋彥合組一個小樂隊。某個午休，他意外幫佐藤真冬修好吉他弦後，被真冬拜託教吉他，而後又在聽到真冬的歌聲後邀請他加入樂隊。立夏在相處的過程中漸漸喜歡上真冬，真冬有一個彼此互相喜歡並支持的青梅竹馬，但那個人卻自殺了，因那個人喜歡吉他，真冬才一直很想學。那個人沒有做到的事，沒有堅持的陪伴，立夏都幫他實現了，真冬也開始慢慢喜歡上立夏。另外一對CP春樹和秋彥，春樹一直默默地喜歡著秋彥，為他留著長髮，但秋彥卻與極具音樂才華的小提琴家雨月同居在一起。動畫影集以高中生的真冬與立夏兩人間悲傷恬淡的愛情為主軸，首部劇場版則為大人組三人的春樹、秋彦、雨月，熾熱的三角戀拉開序幕。 ,片長：01時00分,,,/code/media/movie/images/GIVEN~被贈與的未來劇場版.jpg,4.0,2020-11-06,被贈與的未來
78,★韓國名導李滄東跨世紀經典之作，台灣首度公開上映 ★2002年威尼斯影展最佳導演、最佳新人演員、影評人費比西等三項大獎 ★2002年青龍獎最佳新人獎 ★2005年美國獨立精神獎最佳外語片入圍  在洪宗道出獄後，家人對他十分排斥，而他之所以被判入獄，只是為了頂替哥哥過失殺人的罪名。心冷意涼的他，來到死者的住所拜訪家屬，遇到死者的女兒韓恭洙，卻發現她是一名重度腦性麻痹患者，雖然她面容扭曲、手腳抽搐，但宗道卻被她吸引，並在衝動下做出大膽舉動…….  但在意外事件後，兩人卻彼此都萌生了愛情，兩顆孤獨心靈就此漸漸靠攏。他們看似身心不甚健全的非正常人，但卻擁有顆純潔之心，但卻一連串發生遭遇現實不公不義事件。最後，命運是否就此放過戲弄他們的機會呢？  【關於電影】  《綠洲》是李滄東的第三部電影，是一部關於「世界上最悲慘的男人與女人間不可思議的愛情故事」。跟《青魚》與《薄荷糖》帶有對社會與政治現實諷刺的略微不同的，《綠洲》就是一個獨特的愛情故事，一段所謂的「禁斷之戀」，通常不容見於世的。更特別的是，電影還添增了許多「奇幻」色彩，讓為躲避殘忍現實的女主角恭洙，能時而夢見屬於她自己的綠洲樂園。這絕不是一部只屬於韓國的電影，相信能感動來自世界各國，喜歡李滄東作品的影癡，一定能滿足你對他所有的期待。,片長：02時15分,,,/code/media/movie/images/綠洲：數位經典版.jpg,4.2,2020-11-06,綠洲
100,法國奧斯卡凱薩電影獎影帝皮耶尼內最新力作 ★ 「令人著迷的逆境重生故事」—《好萊塢報導》 ★ 捨己救人卻意外毀容，救火英雄該如何重拾勇氣？  法蘭克是巴黎的一名消防員，原本與懷了雙胞胎的妻子住在消防宿舍，過著幸福美滿的家庭生活。然而，法蘭克在一次出勤救火時，為了拯救隊員，自己反而陷入危機。當他在創傷治療中心中醒來時，才知道自己的臉已因強大的火焰而融化變形。面對意外毀容，法蘭克得重拾生活勇氣，揮別內心陰影，與妻子攜手走過生活巨變… ,片長：01時58分,,,/code/media/movie/images/火線情深.jpg,4.4,2020-11-06,火線情深
96,★ 《永劫》雙人組導演驚悚科幻新作 ★ 「獵鷹」安東尼麥基聯手「格雷」傑米道南 追查一連串神秘死亡事件 ★ 繼《天能》後，再度顛覆觀眾時間認知的燒腦之作 ★ 2019 多倫多國際影展特別展映單元 ★ 2019 德州奧斯汀奇幻影展 ★ 2019 西班牙錫切斯奇幻影展 ★ 2020 富川國際奇幻電影節  紐澳良擔任第一線救護人員的史蒂夫（安東尼麥基 飾）和丹尼斯（傑米道南 飾）遇上一連串恐怖命案，這些死亡事件的線索通通指向案發現現場發現的一種神祕藥物，究竟這神祕藥物的背後隱藏著什麼駭人的真相？,片長：01時42分,懸疑/驚悚,,/code/media/movie/images/藥命時空.jpg,4.2,2020-11-06,藥命時空
43,★改編中國藝術家夜山明根據真實生活體驗，自編自導自演甚至自創音樂、自畫自彈自唱，一展其跨領域的藝術奇才 ★和好友共同到城市闖蕩的期待與失意，宛如更為赤裸寫實的《海闊天空》，後半則轉為彷彿更靜謐寂寥的《德布西森林》 ★本片將繪畫理念創造成自成一格的詩意影像，是必須體驗的藝術家系列電影 ★行遍漫山濟滄海，終會得到迴響，電影中的主角每一次拿起畫筆和每一次拂動琴弦，不僅是音畫對話，更是他自己的一種藝術可能性  故事講述了一個十八歲來合肥上大學的美術生張小雨，在這個城市裡自己所謂的“天才藝術”屢遭失意，直到失落離開，去了徽州的古村落，後而久居山裡。從懵懂到思量，從輕狂到堅強，從堅強到無懼的過程。生命本身就是大自然的過客，我們探尋什麼？得到什麼？追憶和緬懷什麼？個人的價值？生命的 體驗？留下足跡而非荒漠。夢想是什麼？  夢想是落地生根，發芽成長。心懷坦蕩即心存希望。是對自我的審視，人與自然的共融。本片在音畫合一的基礎上真畫、真彈、真唱，從作詞到作曲，從到導演編劇皆為作者一手包辦，對中國電影產業將帶來更新的啟發。,片長：01時41分,,,/code/media/movie/images/夜山明.jpg,0.0,2020-11-06,夜山明
97,★ 金球獎影后蕾夢娜葛瑞自編自導恐怖鉅作 ★ 2020 日舞影展「午夜單元」  ★ 2020 富川國際奇幻電影節 ★ 當恐懼成為信仰，他將無處可逃… 　　 自軍中退伍的托瑪斯因事故而無家可歸，好心的年輕女子瑪格達收留了他，讓他暫住在她與母親所居住的小屋內避難。朝夕相處之下，托馬茲逐漸對瑪格達產生了情愫。然而，此時他卻注意到小屋內詭異且無法解釋的現象，瑪格達口中重病的母親竟從未露面過，而老母親所居住的閣樓更日益讓托瑪斯感到不對勁…… ,片長：01時40分,懸疑/驚悚,,/code/media/movie/images/附身符.jpg,3.7,2020-11-06,附身符
94,“生如夏花之絢爛，死如秋葉之靜美”～泰戈爾  年老的禮儀師尚吉（安聖基 飾）長期照顧著癱瘓的兒子智赫（金彗星 飾），龐大的經濟壓力迫使他加入大型的禮儀公司，大公司利字當頭，讓一心想好好送亡者最後一程的尚吉經常與公司起嫌隙。單親媽媽恩淑（柳真 飾）因為臉上的傷疤求職無門，因緣際會之下，當起了智赫的看護，樂觀開朗的母女倆為生無可戀、一心求死的智赫，和總是心事重重的尚吉帶來一線曙光，然而，溫馨的日子卻在不速之客的到來後破滅，恩淑藏在笑臉背後的悲傷過往也浮出檯面…。同時，總是溫暖收容弱勢的麵店老闆不幸病逝，沒有家人的他，依照政府規定，只能直接火化。然而，一群受過恩惠的遊民，卻因無法幫恩人辦一場體面的告別式而悲憤不已。他們竟從殯葬處偷走遺體，並找上尚吉，打算非法在廣場為恩人舉行公開的葬禮，面對冰冷的制度，他們是否能完成最後的心願？  【關於電影】  宛如韓版《送行者：禮儀師的樂章》 國民影帝安聖基X韓流女團始祖柳真X花美男金彗星 共譜生命奇蹟 《紙花》為南韓新銳導演高勳自編自導之作，找來南韓國民影帝安聖基，與睽違十二年未出現在大銀幕的前S.E.S.女子團體成員柳真共同演出。從影超過六十年，參演過無數大師名導得獎作，以及大製作商業片的安聖基表示，《紙花》雖為新銳導演獨立製片之作，預算片酬都不高，但劇本結構完整、人物刻劃動人，說服了他參演，「對我來說，無論是商業電影還是獨立電影，只要是好劇本，就該給予更多機會，能成為電影後輩的引路人，是我對自己的期許。」導演高勳也坦言，自己是在一次偶然中，看到電視正在採訪禮儀師，產生濃厚的興趣，決定以此為題材創作。而故事的主人翁尚吉，一開始則是命名為「安聖吉」，可說是從製作初期就鎖定了安聖基為男主角，並以他的形象量身塑造角色。安聖基也為了演出專業禮儀師，接受訓練，並且在開拍前每天在家努力練習摺紙花，他坦言：「禮儀師對一般人來說，已是充滿距離感的職業；對演員來說，要揣摩這樣的職人，更是難上加難。」  最終，安聖基細膩生動的演出在海內外影展好評連連，更一舉摘下休士頓影展影帝榮耀，成為南韓首位在該影展得到演技獎項的演員。同時該作也被影展評審給予高度肯定：「這部作品道出了受傷、痛苦還有死亡之間，靈魂心痛的共鳴。」至於安聖基片中因長期癱瘓在床，生無可戀的兒子智赫，則找來曾在家庭喜劇《搞笑一家親》中，以正太形象深植人心，一度紅極一時，卻因過於可愛的外型導致角色受限，加上當兵入伍、車禍意外而淡出戲劇圈的金彗星飾演，從戲外的回歸，到戲中的重生，金彗星將角色從絕望到重拾希望的轉折，表演得恰如其分。女主角恩淑則找來同樣因結婚生子，一度淡出演藝圈的柳真回歸飾演，柳真表示，自己如今現實生活中已是兩個女兒的母親，此次在片中飾演單親媽媽，獨自照顧一個女兒，相當能體會這個堅強母親的心境。同時柳真也坦言導演對她表演最主要的指示就是「成為整部片光明的存在！」因此，儘管故事圍繞著各種死亡、令人沮喪的處境，柳真的演出依然充滿活力與笑顏，為尚吉的壓抑、智赫的絕望帶來一線曙光。 ,片長：01時43分,,,/code/media/movie/images/紙花.jpg,4.3,2020-11-06,紙花
75,★第76屆 威尼斯影展競賽單元 ★2020 富川奇幻影展 ★2019 法國安錫國際動畫影展「VR 水晶獎」 ★2019 台北金馬國際影展 ★,片長：00時35分,,,/code/media/movie/images/咕嚕米的眼睛.jpg,0.0,2020-11-06,咕嚕米的眼睛
50,就算瞎了眼，電影也得完成… 本名馬泰歐的哈利，在當年是叱吒風雲的新銳導演，於一場車禍中失明後再也無法繼續拍片，於是化名為哈利肯恩擔任編劇一職。某日，一則突如其來的死訊揭開塵封已久的往事回憶，破碎的真相也一片片地拼湊了起來……  14年前，哈利執導處女作《女孩與手提箱》期間，邂逅了美豔動人的女演員莉娜，兩人愛得濃烈，然而莉娜卻是富商艾尼斯的情婦，由愛轉恨的艾尼斯不擇手段地介入電影拍攝。當哈利與莉娜決定私奔，艾尼斯竟決心摧毀電影，讓電影招來惡評如潮。哈利氣急敗壞回到馬德里，萬萬沒想到，這一次的離別竟讓兩人走上命運的分歧……,片長：02時07分,,,/code/media/movie/images/破碎的擁抱經典數位修復.jpg,4.1,2020-10-30,破碎的擁抱
50,亂倫、謀殺、異裝癖，一趟贖罪之旅 蕾貝卡的母親是當紅的流行歌手，為了追求演藝事業拋下年幼的蕾貝卡遠赴墨西哥。每當蕾貝卡想念母親時，就會來到劇場，看異裝癖藝人戴上金髮、穿上迷你裙，模仿母親的表演。蕾貝卡對於母親有著異常的迷戀，她盡其一生去模仿追趕，想要成爲母親那樣的人，同時對母親又充滿了妒與恨。於是她努力當上了新聞主播，還嫁給了母親的舊情人。多年後，母親回到馬德里即將舉行公演，卻與舊情人重燃愛火。得知消息的蕾貝卡一氣之下殺了丈夫，並在新聞播報時公開了自己的罪行。蕾貝卡鋃鐺入獄之後，母親也在首演當晚的舞台倒下了，她將不計一切代價讓蕾貝卡尋回幸福。 ,片長：01時52分,,,/code/media/movie/images/高跟鞋經典數位修復.jpg,4.1,2020-10-30,高跟鞋
57,★ 2003奧斯卡最佳原創劇本 ★ 2003金球獎最佳外語片 ★ 2003歐洲電影獎最佳影片、最佳導演、最佳劇本  個性靦腆的班尼諾在私人診所擔任看護，他全心全意照顧著因車禍陷入昏迷長達四年的芭蕾舞學生艾莉西亞；馬可是一名旅遊記者，他的女友莉蒂亞在一次鬥牛過程中身受重傷昏迷不醒。兩個完全不相識的男人，在一場舞蹈家碧娜•鮑許的現代舞作「穆勒咖啡館」比鄰而坐。幾個月後，兩人在私人診所正式相遇，正當兩個男人的友情愈來愈深厚，莉蒂亞的前男友卻在此時來探病，並告訴馬可自己與莉蒂亞在出事前就已舊情復燃，讓馬可深受打擊而離開，不久便在報紙上看到莉蒂亞的死訊。同時，成為植物人許久的艾莉西亞，竟被發現懷有兩個月的身孕，一切矛頭都指向班尼諾…,片長：01時53分,,,/code/media/movie/images/悄悄告訴她經典數位修復.jpg,3.3,2020-10-30,悄悄告訴她
64,★2006坎城影展最佳女主角、最佳劇本 ★ 2007金球獎最佳女主角、最佳外語片入圍 ★ 2007奧斯卡最佳女主角入圍  某晚，寶拉在公車站等待母親蕾木妲下班，兩人回到家中，蕾木妲驚覺丈夫竟倒在血泊之中。寶拉顫抖地坦承父親在喝醉後，不斷聲稱自己不是她的父親並想進一步地侵犯她，兩人在拉扯中於是導致意外…蕾木妲二話不說地擔起殺人的罪責，並將屍體暫時放在餐廳的冰箱。蕾木妲的母親伊列涅死於一場大火之中，盛傳伊列涅的鬼魂時常出沒，鄰居奧古斯汀娜對此深信不疑，她堅信自己失蹤的母親必定也與那場大火有關，於是拜託蕾木妲向伊列涅的鬼魂求證，卻遭蕾木妲斥為謬論。但沒想到蕾木妲的妹妹索蕾竟真的看見了伊列涅…,片長：02時01分,,,/code/media/movie/images/玩美女人經典數位修復.jpg,3.3,2020-10-30,玩美女人
82,★ 2004年坎城影展開幕片 ★ 2004歐洲電影獎最佳影片、最佳導演等5項提名  神父、戀童、變性，愛越深…罪越重 伊納修與安利奎是馬德里一所教會學校同學，懵懂的兩人有著非一般「同窗之愛」。戀童癖的馬諾羅神父迷戀上擁有天籟美聲的伊納修，為了擁有他，馬諾羅神父勒令安利奎退學，更進而性侵了伊納修。  20年後成為導演的安利奎，收到一份來自伊納修的劇本。劇本影射兩人幼時的教會生活、情慾的初長、神父對男童的性幻象等等，安利奎決定開拍成電影搬上大銀幕。安利奎對伊納修心有存疑決定私下展開調查。電影開拍後，片場出現了一名不速之客–馬諾羅神父，神父告訴了安利奎另一個版本的故事……  童年禁忌的初戀、神父的戀童癖以及同性間的情慾糾纏，交織出一場慾望的狂風驟雨。 ,片長：01時45分,,,/code/media/movie/images/壞教慾經典數位修復.jpg,3.5,2020-10-30,壞教慾
97,★全球觀眾引僅期盼，最〝燃〞神作動畫首部劇場版 ★《獵人》作者「富堅義博」感動力推 ★日本漫畫總銷量 5 年內突破 6 千萬  《鬼滅之刃》是家人慘遭鬼殺害的少年－竈門炭治郎，為了讓化為鬼的妹妹禰豆子恢復回人 類，自願加入「鬼殺隊」的故事。以人鬼間的悲痛故事、驚心動魄的劍戰，以及偶然穿插的 滑稽場景，贏得廣大人氣，不僅紅遍日本，更掀起全球觀眾的熱烈討論。  緊接在電視版動畫《竈門炭治郎‧立志篇》之後的故事《無限列車篇》，即將登上大銀幕。 炭治郎等人完成「蝴蝶屋」的訓練，下一個目的地是開往黑暗的「無限列車」。  以多人行蹤不明的這輛列車為舞台，炭治郎帶著禰豆子與善逸、伊之助一行人，與鬼殺隊最 強劍士〝柱〞其中之一「炎柱‧煉獄杏壽郎」會合， 新的任務即將開始！ ,片長：01時57分,,,/code/media/movie/images/鬼滅之刃劇場版無限列車篇.jpg,4.6,2020-10-30,鬼滅
95,★ 《史達林死了沒？》英國喜劇鬼才阿曼多伊安努奇最新力作 ★ 狄更斯經典文學作品《塊肉餘生記》全新華麗視野改編 ★ 《失控危城》戴夫帕托、《窒息》蒂妲絲雲頓、《怪醫豪斯》休羅利 實力派卡司笑看人生 ★ 入圍2019 英國獨立電影獎最佳英國獨立電影、最佳男主角、最佳男女配角、最佳劇本在內11項大獎 ★ 獲2019 英國獨立電影獎最佳劇本、最佳男配角、最佳整體卡司、最佳服裝設計、最佳美術設計5項大獎 ★ 北美由探照燈影業盛大發行  改編自1849年出版的小說《塊肉餘生錄》，講述主角大衛考柏飛（戴夫帕托 飾）充滿歡笑與淚水的人生故事。 ,片長：01時59分,喜劇,,/code/media/movie/images/狄更斯之塊肉餘生記.jpg,4.1,2020-10-30,狄更斯之塊肉餘生記
92,這部作品以黑色幽默又暖人心房的手法，述說在1967年年底，有一個孤苦伶仃的男童（賈瑟布魯諾 飾）來到阿拉巴馬州鄉下的迪莫波利斯鎮，去跟他親愛的奶奶（奧塔薇亞史班森 飾）一起住。男孩與奶奶遇到一群神祕、迷人卻又殘忍的女巫，機靈的奶奶很快帶著孫子逃到一處熱鬧的海濱名勝。好巧不巧，就在他們抵達時，世上最厲害的「高階女巫」（安海瑟葳 飾）召集了她在全世界的同伴來到這裡，她們都做了偽裝，要一同展開高階女巫的邪惡計劃。  【關於電影】  這部電影改編自童書作家羅德達爾的原著，電影編劇是勞勃辛密克斯與肯亞巴里斯（影集《喜新不厭舊》、《新殺戮戰警》）和奧斯卡金像獎得主吉勒摩戴托羅（《水底情深》）。製片人是勞勃辛密克斯、傑克雷克、吉勒摩戴托羅、艾方索柯朗和盧克凱利，監製則是賈桂琳李文、瑪麗安娜詹金斯、麥可辛格、基登史密洛夫和凱特亞當斯。  幕後製作團隊囊括勞勃辛密克斯的老班底，包括奧斯卡金像獎提名的攝影指導唐伯吉斯（《阿甘正傳》）、製作設計蓋瑞佛里曼、剪輯傑瑞米奧德里斯科爾和陳萊恩、奧斯卡獎提名的服裝設計喬安娜強斯頓（《同盟鶼鰈》、《林肯》）和奧斯卡金像獎提名的配樂家亞倫席維斯崔（《北極特快車》、《阿甘正傳》）。,片長：01時44分,劇情,,/code/media/movie/images/女巫們.jpg,3.8,2020-11-05,女巫們
50,★第74屆威尼斯影展競賽單元 ★2019上海國際電影節 ★2019日內瓦國際影展 ★2018墨爾本國際電影節 ★2017台北金馬國際影展 ★第42屆香港國際電影節  蔡明亮執導的全球首部華語VR電影長片。 入圍2017年第74屆威尼斯影展VR競賽單元，作品安排在小島Lazzaretto Vecchio上播映，乃威尼斯影展為VR播映量身訂作擁有50個位置的16世紀建築劇院中觀賞作品。  故事描述小康在山裡養病，他的亡母來為他做飯，但是他吃不到。 他的鄰居是一名女鬼，也走不進他的生活，他唯一傾訴的對象-是一條魚。  【售票資訊】  10/30 (五) 開放預售 購票請上 https://vrcinema.tixi.com.tw/ ,片長：00時55分,,,/code/media/movie/images/家在蘭若寺.jpg,2.2,2020-11-06,家在蘭若寺
98,★ 青龍影帝劉亞仁為戲增重15公斤，再創人生角色！ ★ 《梨泰院CLASS》「張會長」劉宰明再展多變演技 ★ 《玉子》製作團隊最新犯罪鉅獻 ★ 為犯罪組織毀屍滅跡的兩個男人，竟意外成為誘拐犯？  泰仁（劉亞仁 飾）與昌福（劉宰明 飾）平常接受犯罪組織的委託，勤奮、專業地協助收拾屍體，以這樣的工作維生。某日，兩人收到經常合作的犯罪組織室長永錫的委託，將被誘拐的11歲女孩楚熙託付給他們。然而隔天，泰仁與昌福打算將女孩帶回給永錫時，竟發現他已身亡，兩人捲入出乎意料的事件中…… ,片長：01時39分,犯罪,,/code/media/movie/images/收屍人.jpg,4.1,2020-10-30,收屍人
99,★影壇天后鄭秀文突破性演出，化身腹黑女，蔡卓妍（阿Sa）演出愛情狂，兩大女星演技飆火花 ★風光旑旎的美國聖荷西，一間美麗小屋，一對恩愛夫妻，一次好友的探訪，隱藏了嫉妒、猜疑、佔有慾，人性的陰暗猙獰，引爆一場無可挽回的殺人命案  故事由女子阿欣（蔡卓妍 飾）為了逃避自己一場失敗的戀情，前往美國探望多年不見的好朋友玲（鄭秀文 飾）展開。玲與丈夫鄧（佟大為 飾）移居聖荷西多年，過著彷彿寧靜無憂的理想生活。  玲因工作在身，讓老公帶著阿欣四處遊玩，而在短短5天的探訪中，阿欣意外發現了這對夫婦在優雅的生活背後，隱藏了真相。3個人心中各自有著不可告人的故事，更重演著多年前一場兇案的軌跡，讓他們衝向你死我亡的結局。異鄉人的美國夢，孤寂與懷疑累積成沉重的代價。  【電影源起】  《聖荷西謀殺案》改編自香港劇作家莊梅岩的同名舞台劇。該劇獲第19屆香港舞台劇獎4大獎項、並曾3度公演，廣受歡迎。電影版本由《踏血尋梅》金獎編劇翁子光改編，潘源良執導。《聖荷西謀殺案》是一部心理懸疑電影，藉聖荷西這個風光旖旎的地方，襯托人性的陰暗，讓觀眾得到巨大的反差和衝擊。  一間湖邊小屋、一對恩愛夫婦，透過生活化的情節、平實的對白展開故事，但美好的表象原來不堪一擊，一位好友的來訪，和諧溫馨的關係，頓生暗湧。玲的酸風醋雨、控制慾與語言殺傷力；阿欣的過份天真卻偏偏戮中這對夫妻的死穴；看似開朗其實壓抑的鄧突然覺得無法再忍耐......電影一方面把人性一層一層地剖開，逐步揭示每一個陰暗的內心；另一方面，電影也道出異鄉人在他鄉如何被孤寂侵蝕，繼而走錯往後每一步、做錯一次又一次的決定，最後付出沉重的代價。 ,片長：01時28分,懸疑/驚悚,,/code/media/movie/images/聖荷西謀殺案.jpg,4.1,2020-10-30,聖荷西謀殺案
88,劇情描述遭受校園霸凌的四名青少女意外擁有魔法巫術，然而有人為愛走火入魔濫用施法，惹出連串意外並鬧出人命，情況一發不可收拾....。,片長：01時34分,劇情,,/code/media/movie/images/入魔.jpg,2.1,2020-10-30,入魔
94,★ 第31屆東京國際影展競賽部門出品作品 ★ 改編自直木賞作家角田光代同名戀愛小說 ★ 《小小夜曲》新生代導演今泉力哉刻劃寫實現代愛情之作 ★ 獻給所有無法說出「喜歡」的人  28歲的山田光子（岸井雪乃 飾）在5個月前對守（成田凌 飾）一見鍾情，她的生活開始以守為重心。不論是工作中、半夜時，在任何情況下都以守為優先。即使工作岌岌可危，遭受朋友冷眼對待，她仍痴戀著守。  相較於光子如此熱切的愛意，守對她卻毫無愛意。對守而言，光子僅是個好相處的女孩。光子以留宿在守的家為契機，兩人的關係急速親近，但某天守突然失去聯繫…… ,片長：02時05分,,,/code/media/movie/images/愛情是什麼.jpg,4.4,2020-10-30,愛情是什麼
68,弱不禁風的小野田坂道（永瀨廉）是個熱愛動漫的宅男，最大的興趣就是騎著愛車，每周從千葉騎到秋葉原往返九十公里，用省下的電車錢多轉五顆扭蛋！  升上高中的他，滿心期待加入動漫研究社，社團卻因社員不足而廢社了。與此同時，活躍於自行車競賽的王牌今泉俊輔（伊藤健太郎），入學的第一天在訓練坡道與小野田相遇了，那個哼著奇怪動漫歌曲的眼鏡男，居然騎著老舊的淑女車，輕輕鬆鬆騎上連專業選手都無法駕馭的「地獄坡道」。好勝的今泉向這個有趣的傢伙立下戰書，小野田則在這次的比賽中體會到和同伴一起馳騁的樂趣，於是決定加入總北高中自行車競賽社。  在這裡，他認識了社團經理寒咲幹（橋本環奈）、同年級的浪速超人鳴子章吉（坂東龍汰），還有人稱山峰上的蜘蛛男卷島裕介、肉彈列車田所迅，以及主將金城真護，一同經歷接連到來的迎新賽以及高中聯賽，充滿熱血的青春故事從此展開……  【關於電影】  改編自超人氣暢銷漫畫，真人版電影首登大銀幕 全片實景拍攝，動畫聲優直呼神還原 『飆速宅男』漫畫自2008年起在《週刊少年Champion》連載，便深受大眾歡迎，現銷量已突破2500萬冊，接著陸續推出動畫、日劇、舞台劇、音樂劇，累積超高人氣。如今首度推出真人版電影搶攻大銀幕，找來新生代人氣影星永瀨廉、伊藤健太郎、橋本環奈、坂東龍汰等人熱血演出。全片都在真實的道路實景拍攝，未使用任何CG特效，因此整個拍攝過程，對演員們的體力有相當大的考驗，影片所見的每滴汗水，都是演員們辛苦的證明。就連為動畫版配音的聲優：山下大輝、鳥海浩輔、諏訪彩花等人看了電影，也紛紛表示驚艷，不僅直呼電影場景簡直神還原，也讚嘆演員們一個個努力踩著自行車奔馳的活力。其中，為男主角小野田坂道配音的山下大輝表示：「這部電影的每個鏡頭，都拍得如此嚴謹，太感動了！讓我一邊回憶起自己配音時的點滴，一邊微笑看完整部電影。  零替身，爬坡、抽車演員通通自己上！ 永瀨廉X伊藤健太郎X橋本環奈X坂東龍汰 齊力揮灑青春 全片拍攝歷經近兩個月，在片中飾演又酷又帥氣的人氣王今泉俊輔的伊藤健太郎，坦言這次拍攝真的相當艱辛，整個過程完全沒用替身，騎車爬陡坡騎到腳都腫起來，可說是運動最劇烈的一段日子。而近期接連出演《十二個想死的少年》、《閉鎖病棟》的坂東龍汰，則笑稱自己第一次演像鳴子章吉這麼嗨、隨時元氣滿滿的角色，且對於身為北海道人的他，關西腔設定也是一大考驗。拍攝前，演員們一起從基礎開始，經過一長串專業訓練，才正式上路。除了熱血和堅持到底的精神外，主角永瀨廉也有感而發表示，在小野田坂道這個角色身上，同時看到了自己的演藝心路歷程。「小野田坂道是在一次無意間，與其他騎士一同比賽，發現與他人一起騎車的樂趣，並從中找到歸屬感，進而愛上自行車。就像我加入傑尼斯事務所，從一個人活動，到組成團體，和大家一起工作，才發現大家一起努力，比自己一個人努力有趣多了！」《飆速宅男》是一部講述為一件事情竭盡全力，在群體中找到屬於自己定位，然後不畏困難勇往直前的青春成長故事。 ,片長：01時53分,,,/code/media/movie/images/飆速宅男.jpg,4.0,2020-10-30,飆速宅男
73,★ 腦洞大開！刷新三觀！有夠可笑！韓國科幻喜劇新品種全面降臨！ ★ 抓姦抓到外星人？《夫妻的世界》竟演變成夫妻的「弒」界！ ★ 科幻、懸疑、爆笑、驚悚、動作一應俱全！萬聖節強檔爆笑首選！ ★《特務情人IRIS》、《雅典娜》金牌韓劇監製爆笑打造！ ★ 史上最搞笑救世者聯盟！甜美嬌妻、兩光女星、犀利肉販竟成人類救星！ ★《屍速列車：感染半島》李貞賢這回不打活屍，轉身對抗外星人！ ★《鎖命危機》金聖午搞笑演出，變身史無前例外星生物「摧不毀」！ ★ 徐令姬 × 李美到 × 梁東根聯手演出，呈現超乎想像的喜劇表演！ ★ 新生代巨星「怪奇比莉」名曲〈Bad Guy〉為電影強勢助陣！  昭熙（李貞賢飾演）與溫柔、細心又完美的萬吉（金聖午飾演）結婚，讓好友們都羨慕不已。某天，昭熙不小心看到萬吉手機中的訊息，懷疑老公有了外遇。她請神祕研究所所長張醫生（梁東根飾演）暗中調查，卻在過程中意外發現老公的真實身份，竟是打算消滅人類、佔領地球的外星生物「摧不毀」，並擁有難以想像的不死之身。面對老公不是人，自己生命即將遭受威脅，昭熙轉而與高中同學莎拉（徐令姬飾演）及楊善（李美到飾演）聯手，打算先發制人殺掉萬吉。就在這對夫妻展開大亂鬥的同時，一群政府官員的加入，也讓這不寧靜的夜晚變得更加混亂…。  【關於電影】  有夠可笑！韓國科幻喜劇新品種全面降臨 活屍、吸血鬼靠邊閃，外星生物入侵地球才夠看！超乎想像、腦洞大開的新形態科幻喜劇《老公不是人》，全片融合科幻、懸疑、爆笑、驚悚、動作等眾多元素，在顛覆常理的故事當中，呈現一對乍看婚姻幸福美滿的夫妻，老婆某天以為老公外遇，卻在抓姦過程當中，意外發現老公是來自外太空，打算到地球毀滅人類的外星生物「摧不毀」，進而與老公展開「相愛相殺」的生存喜劇。劇情一開始以為會是韓劇《夫妻的世界》走向，沒想到中間卻超展開，演變成《夫妻的「弒」界》，讓人莞爾不已。  本片是以《我們全村都不是人》、《駭人巨獸》、《驅鬼特攻隊》等片，樹立自身「類型喜劇」風格的名導申政沅，他睽違八年的導演新片，並展現南韓影壇至今未出現過的電影類型。一如日本電影《一屍到底》這類惡搞風格，申政沅的作品，向來以獵奇、恐怖、喜劇、荒唐，甚至是惡趣味的風格聞名影壇，並廣受類型影迷愛戴。從《我們全村都不是人》與比鬼更可怕的村民對決，到《駭人巨獸》與食人野豬展開殊死搏鬥，或是《驅鬼特攻隊》解決受詛咒村莊的神祕事件等獨創故事。申政沅這回將主題對準外星生物，降臨地球打算消滅人類的故事，導演也對此掛保證：「本片既有魅力又有趣，可以確定的是，觀眾將會看到至今在南韓電影當中，前所未見的東西。」  本片演員也是一時之選。有「韓流始祖」、「電音女王」之稱的李貞賢，上回在《屍速列車：感染半島》對抗活屍，這回則在本片對付自己的外星人老公，將展現滑稽的搞笑演出。金聖午（前譯金盛吳）則飾演外表完美，實際上卻是外星生物的老公「摧不毀」。此外，還有在每部作品中展開強烈形象的徐英姬，還有在綜藝節目《我的超人爸爸》當中廣受好評的影、視、歌三棲男星梁東根，以及有「全天候演員」之稱的李美到（前譯李美度）都參與演出。一方是要密謀滅亡人類，另一方則共組「救世者聯盟」守護地球，眾人將發揮幽默不已的搞笑功力，過程中也將充滿緊迫的懸疑感。劇情後半段，更將加入政府要員之間的決戰，將趣味化為最大，勢必將讓觀眾體驗到超乎想像，既搞笑、又恐怖、又讓人爆笑的奇特經歷，勢必成為台灣觀眾在萬聖節強檔的爆笑觀影首選！ ,片長：01時50分,科幻,,/code/media/movie/images/老公不是人.jpg,2.6,2020-10-30,老公不是人
87,,片長：02時49分,劇情,,/code/media/movie/images/異端鳥.jpg,4.4,2020-10-30,異端鳥
70,,片長：01時58分,,,/code/media/movie/images/幸運女神.jpg,3.5,2020-10-30,幸運女神
92,《大法師：公開完整版》改編自同名小說，故事源自1949年羅蘭多伊驅魔事件，劇情敘述一對單親母女開始在公寓裡聽見詭異的聲響，小女兒在毫無預警之下被魔鬼纏身，感到身體不適，不僅口出惡言、焦躁不安，更做出許多小女孩不應有的行為，母親帶著她看了許多醫生卻不見好轉，因此決定轉向兩位神父求助，希望透過宗教的方式成功對抗邪靈，幫助自己的女兒。  電影在1973年上映當時即造成全球轟動，不僅獲得奧斯卡金像獎10項提名，更是第一部角逐奧斯卡最佳影片的恐怖片，最後拿下最佳改編劇本及最佳音效獎，帶起魔鬼孩童恐怖片熱潮，締造前所未有的佳績。該片也被美國電影學會選為百年百大驚悚電影的第三名，至今仍擁有極高的知名度。,片長：02時02分,懸疑/驚悚,,/code/media/movie/images/大法師：公開完整版.jpg,3.9,2020-10-30,大法師
92,《感官世界》故事描述曾是當紅藝妓的酒館服務生阿部定，與已婚的老闆石田吉藏有了不倫戀，兩人只要有空檔，常常就近或到偏僻地點幽會。隨著投入情感越深，阿部定對於石田吉藏妻子的存在越是無法忍受。戀情被揭發後，阿部定更是無法接受情夫的身體不單屬於自己。當殘酷現實無法改變，兩人跟著世界一起沉淪，瘋狂做愛，在彼此的歡愉中放縱性本能，奔向死亡本能，在不斷突破性愛的極限中，終於達到絕對的佔有。,片長：01時42分,,,/code/media/movie/images/感官世界.jpg,3.0,2020-10-30,感官世界
88,在片中飾演前退役海軍陸戰隊隊員艾莉(Ali)的露比·蘿絲，回鄉尋求療癒，低調生活，沒想到竟捲入另一場奪寶紛爭，而對方來勢洶洶，要的不只是藏在公寓裡的千萬名畫，還想要趕盡殺絕。她隻身一人對抗菁英傭兵軍隊，從肉搏戰至炸彈爆破全部自己來，她不只要跟時間賽跑，還要小心四處埋伏的殺機，讓這些侵門踏戶的敵人親眼見識「來自特種部隊的守門人」。,片長：01時37分,懸疑/驚悚,,/code/media/movie/images/奪命守門人.jpg,3.1,2020-10-16,奪命守門人
99,★ 改編自韓國經典犯罪電影《盲證》，由日本新生代實力派女星吉岡里帆聯手鮮肉帥哥高杉真宙演出 ★ 一個因意外失明的警校畢業生，卻是連環女高中生綁架案的唯一證人，她要如何指認極惡罪犯？ ★ 少女連環分屍慘案，智慧型殘暴罪犯與看不見的前女警展開一場鬥智對決  濱中夏目（吉岡里帆 飾）在警察學校畢業典禮當晚，因過失車禍，導致弟弟死去，自己也雙目失明，她放棄成為警察的夢想，3年來，她將自己完全封閉，只有導盲犬陪伴她過日子。  某天，夏目遭遇交通事故，在現場，她聽到車中傳出少女微弱喊救命的聲音，曾在警校受過專業訓練的她，判斷車內可能是一宗綁架案。但警方並不相信她所提供視覺以外的情報，停止調查，但少女的呼救聲讓她一直揮之不去，她找到當時也同樣目擊車禍的滑板少年（高杉真宙 飾），說服他一起尋找犯人蹤跡。  他們逐漸順著線索追查到可能遭到綁架的受害人，和一位被稱為「救神」的神秘人物。木村警官與搭檔吉野（大倉孝二 飾）也開始覺得事有蹊蹺，決定出手相助，並發現了疑似遭到殺害，堆積成山的青少女斷肢屍體。木村警官發現此案與15年前一宗謀殺案之間似乎有相關之處，這時，凶手突然出現並開始跟蹤夏目，讓她身陷險境，…… ,片長：02時09分,懸疑/驚悚,,/code/media/movie/images/看不見的目擊者.jpg,4.3,2020-10-16,看不見的目擊者
77,★揭開高麗王室神秘面紗的南韓情慾經典，在台上映超過10年人氣重映！ ★《江南1970》導演柳河聯手《滿城盡帶黃金甲》服裝團隊、《卑劣的街頭》特技團隊，打造繼《色，戒》後最受國際爭議的亞洲大膽之作 ★改編自韓國稗史醜聞，一段複雜又無分性別的禁忌三角戀，當時打破南韓影史限制級電影上映戲院數 ★第45屆百想藝術大賞最佳男主角！超強卡司趙寅成、朱鎮模、宋智孝，集結創造超高話題之年度奇情鉅作，打破南韓上映四天即超過百萬人次的觀影紀錄  耗資近千萬美元突破當年各種拍攝紀錄！全片超過5萬公里的移動距離、打造超過2千五百套服裝、超過5百把劍、單一場景集結超過千名演員！  曾經熾熱的愛，如何導致無法避免的命定背叛？  高麗末期受到中國元朝的政治威脅，高麗國王組織了皇家護衛隊「健龍衛」。護衛隊長洪麟和高麗王從小一起長大，兩人時常同床共枕，感情早已悄悄超出了友誼。同時，高麗與元朝的關係惡化，由於高麗國王遲遲沒有子嗣，元朝要求冊封國王的堂弟為太子。國王毅然拒絕，導致傾向元朝的高麗高官們，對國王相當不滿。某天，國王暗中下了一道指令，為了一個能繼承皇位的子嗣，要求洪麟代替自己，與無法結合的王后燕好。洪麟身不由己地與王后一夜纏綿，而暗中窺伺的高麗王妒火狂燒，那一夜起，命運從此扭轉，複雜難解的三角習題，眼看就要引爆，甚至波及整個國家...。  《霜花店：朕的男人》是《江南1970》導演柳河和《滿城盡帶黃金甲》服裝團隊、《卑劣的街頭》特技團隊，攜手打造繼《色，戒》後最受國際爭議的亞洲大膽之作。此片取材自高麗王國史上最著名的稗史醜聞，片名”霜花店”即是由高麗忠烈王執政時期一位匿名者所創作的同名歌曲，泛指那些禁忌的秘密情事。複雜的禁忌三角戀，更吸引了趙寅成、朱鎮模這對帥氣CP加盟，宋智孝更在片中有相當大膽的裸露性愛場面。本次是在台上映超過10年人氣重映，讓新舊世代觀眾再次見證這部雙雙打破南韓上映四天即超過百萬人次觀影、當時南韓影史限制級電影上映戲院數紀錄的古裝情慾經典。 ,片長：02時23分,,,/code/media/movie/images/霜花店：朕的男人.jpg,3.9,2020-10-23,霜花店朕的男人
96,★ 繼《厲陰宅》《陰兒房》後，《絕命終結站》系列編劇挑戰恐懼極限 ★ 《陰兒房》「美國龍婆」琳雪伊x《奪魂鋸》「拼圖殺人魔」托賓貝爾 強強聯手再創驚悚高峰！ ★ 想活命撐過60秒就能活命！通往地獄的死亡遊戲正式開始！  一群年輕人將一名被懷疑是女巫的老婦人折磨致死後，他們被迫去撥打一支安裝在老婦棺材內的電話，而另一頭神祕的通話對象將讓他們生不如死……,片長：01時37分,懸疑/驚悚,,/code/media/movie/images/地獄通話.jpg,3.3,2020-10-23,地獄通話
64,★《終極警探》布魯斯威利年度動作強檔！ ★《鋼鐵墳墓》、《紅翼行動》億萬製作團隊，最新動作鉅獻！ ★ 動作場面精彩刺激，讓您狂飆腎上腺素！  最後任務，重裝上陣，即刻救援 科技公司總裁查默斯（布魯斯威利飾演），他的女兒創造出一個足以毀滅世界的量子AI系統，卻因此遭到恐怖組織綁架，並脅迫查默斯付出代價。查默斯雇用同為前海軍陸戰隊雇傭兵的米勒（傑西麥卡菲飾演），試圖深入敵營，卻意外發現誤入死亡陷阱。想要生存下去，只能團結抗敵。查默斯最終能否成功制裁歹徒、救出女兒呢？  【關於電影】  《終極警探》布魯斯威利年度動作強檔 《綁票追殺令》是由《鋼鐵墳墓》（Escape Plan）與《紅翼行動》（Lone Survivor.）億萬製作團隊，傾力打造的動作強檔新片。本片由麥特伊斯坎達里（Matt Eskandari）執導，並找來《終極警探》（Die Hard）中的「硬漢警探」布魯斯威利（Bruce Willis）領銜主演。劇情描述從海軍陸戰隊退休的查默斯，轉行當起科技公司總裁，他的女兒研發出一個足以改變世界的設備，如果落入壞人手中，將會消滅所有現代世界的技術與設施。由於某個恐怖組織想獲得這項技術，因此綁架了他的女兒。查默斯於是雇用同為前海軍陸戰隊的隊友米勒，希望他能組織一支團隊幫他救出女兒。當他們深入敵營之後，卻發現誤入死亡陷阱，為了擺脫受控局面，他將豁出一切…。  導演表示，本片就如同最經典的動作驚悚電影，一隊擁有不同技能的夥伴，被派去執行不可能的任務。歷年的電影題材，都反映出當代的焦慮與恐懼，不論是1980年代的《獵殺紅色十月》（The Hunt for Red October），或是1970年代的《黑色星期五》（Black Friday），甚至是1960年代的《五月裡的七天》（Seven Days in May）。他也特別提到：「本片結合未來科技與前衛，加上精彩動作場面，勢必充滿緊張刺激的氣氛！」 ,片長：01時38分,懸疑/驚悚,,/code/media/movie/images/綁票追殺令.jpg,2.0,2020-10-23,綁票追殺令
89,★2020年萬眾期待搞笑浮誇系，最母湯漫改真人電影！ ★今年錯過的夏天，大銀幕再ㄎㄧㄤ一次！ ★校園！青春！大海！原作者認證：可以看到帥哥的胯下喔！ ★燃燒的烏龍茶、沸騰的白開水！ ★裸體! 裸體! 還是裸體! 養眼帥哥全裸爆走，青春就是要充滿著馬賽克！ ★電影主題曲: Sumika「絶叫セレナーデ」熱血歡唱  主角-北原伊織在升上大學後，寄宿在叔父所經營的潛水商店「GRAND BLUE」，並且與相隔十年不見的表姐妹-古手川奈奈華和古手川千紗同住一個屋簷下生活。對青春大學新生活充滿期待的他，被大學潛水社團「Peek a Boo」盯上，殊不知被社團前輩盯上，連熱愛二次元世界的友人今村耕平也一起被扯進來，於是展開了一段結合潛水、裸體、酒精、打鬧、妄想、戀愛的荒謬大學生活。  為什麼在大學裡全裸狂奔？！ 因為瘋狂的青春只有一次！！ ,片長：01時48分,,,/code/media/movie/images/碧藍之海劇場版.jpg,4.2,2020-10-23,碧藍之海
85,林健一不只看護生病的房東周秀玉，還收養她9歲的孫子王悠宇。他的行為看似超出普通房客，但其實這都是他思念一個人的方式。  然而在周秀玉過世之後，他的動機開始受到質疑。在檢警調查之下，發現越來越多對健一不利的證據……  擅於處理人際關係及身分認同的導演鄭有傑，睽違五年的新作挑戰在陰暗的故事線下，刻畫愛的極限與界線，懸疑中暗藏他擅長的溫暖基調。觀眾隨著敘事遊戲峰迴路轉、抽絲剝繭，現實亦或記憶，是真是假，孰善孰惡，世界豈是非黑即白？由莫子儀、姚淳耀、是元介等全演員陣容，引領觀眾親身深入眾角色矛盾的內心世界。 ,片長：01時46分,,,/code/media/movie/images/親愛的房客.jpg,4.3,2020-10-23,親愛的房客
78,★2020年台北電影節開幕片 開賣10分鐘秒殺完售 ★台灣真實事件改編 【天黑請閉眼】柯貞年導演 首部作品躍上大銀幕 ★年度重磅話題國片 後座力超強！天真「有」邪 VS驚悚人性 ★校車最後一排的祕密 什麼是可以玩 卻不能說的遊戲？ ★金馬獎最佳男配角劉冠廷X金馬獎影后楊貴媚X金馬獎最佳男配角太保 同台飆戲 ★新生代潛力演員 劉子銓X陳妍霏X金玄彬 震撼演出 ★奪金馬獎最佳原創歌曲 盧律銘再度打造動人配樂  學校裡很寧靜，但卻充斥著詭異氛圍。天真無邪的學生一起在玩一個遊戲，但這個遊戲卻是不能說的秘密，可是到底為什麼不能說…在這個遊戲中，什麼才是勝利？誰勝誰負？又或，大家口中不能說的遊戲只是一種無助的求救訊號？在孤寂的無聲世界中，聽不見，不代表看不見，其實，你並不孤單。  新銳導演柯貞年的首部長片以大膽敘事方式探討「愛與救贖」，現實雖然未能盡如人意，但世界上的每個人都是值得被愛的。「他們只是在玩」一句輕描淡寫的話，在無聲的世界中蔓延，究竟什麼是一起玩，卻不能說的遊戲？ ,片長：01時44分,,,/code/media/movie/images/無聲.jpg,4.2,2020-10-15,無聲
95,★ 超人氣原創電視動畫《高校艦隊》躍上大銀幕！ ★ 應該守護的船艦，應該前進的航路，少女們嶄新的故事將揭開序幕！  距今約100年前，日本大部分的國土沉入海中而成為海上大國。守護海洋安全的「藍色人魚」，因而成了女孩們所嚮往的職業。想成為「藍色人魚」的岬明乃，進入了橫須賀女子海洋學校，被任命為教育艦「晴風」的艦長，與同學們一同參與海洋實習。個性豐富的班上成員們，一起克服種種困難，加深彼此的羈絆。某日，日本國內全體女子海洋學校學生齊聚一堂的文化祭與體育祭「競鬥遊戲會」在橫須賀舉辦，明乃等晴風班成員們也為了準備歡迎祭而忙碌不已。大和．信濃．紀伊等超大型艦的班級也都前來集會，就在各式各樣的演出與競技正火熱進行時，新的「危機」正朝她們逼近…… ,片長：01時44分,,,/code/media/movie/images/劇場版高校艦隊.jpg,4.4,2020-10-16,高校艦隊
96,★ 《Voice 聲命線》性格演員張赫大展精湛劍術，挑戰高難度動作戲！ ★ 《玩命關頭6》喬．塔斯利姆展現華麗武打場面 ★　人氣團體「BTOB」成員 李旼赫大銀幕出道作 ★ 《大叔》製作公司最新痛快動作鉅獻  光海君遭廢位後，朝鮮最棒的劍客泰律（張赫 飾）消聲匿跡。這時，朝鮮內部正處極為混亂的時局，清國皇族（喬．塔斯利姆 飾）提出無理的要求，逼迫朝鮮。  朝鮮百姓們痛苦不堪，清國皇族的手下竟趁機擄走泰律的女兒（金賢秀 飾）要她成為宮女。原本打算遠離塵囂默默度過餘生的劍客泰律，為了拯救女兒而重拾毫無慈悲的劍，追擊帶走女兒的惡徒們……,片長：01時40分,劇情,,/code/media/movie/images/浴血劍客.jpg,4.3,2020-10-16,浴血劍客
80,★2020香港暑假檔票房冠軍，黑馬之姿衝破千萬票房 ★榮獲2020香港電影金像獎最佳導演、最佳女主角、最佳新人獎等6項提名 ★榮獲2019香港電影評論學會大獎 最佳男演員、最佳女演員及年度推薦電影 ★2020台北電影節參展電影、2019香港亞洲電影節參展電影  個性善良憨厚的小學老師阿樂（劉俊謙 飾），是一名精神分裂症復原者，渴望愛情但從來不敢與人有更進一步的關係，某日在街頭偶遇了清新脫俗的欣欣（蔡思韵 飾），對她一見鍾情卻掙扎是否該託出自身病史。但阿樂又再次復發後，此時發現她的真正身分，竟然是位工於心計的心理系研究生，在幻覺與真實世界，兩人陷入了一場如幻似真的懸疑禁戀中。,片長：01時59分,劇情,,/code/media/movie/images/幻愛.jpg,4.2,2020-10-15,幻愛
91,電影《刻在你心底的名字》故事聚焦在80年代剛解嚴的台灣，一對遊走在友誼，愛慕之間的高中同窗，他們在青春的騷動與性啟蒙的渴望牽引下冒險，因為學妹的出現而讓曖昧關係產生變化。,片長：01時54分,劇情,,/code/media/movie/images/刻在你心底的名字.jpg,4.1,2020-09-30,刻在
86,★好萊塢鬼才大導演 提姆波頓 ★強尼戴普、薇諾娜瑞德主演最浪漫奇幻愛情電影 ★榮獲奧斯卡最佳化妝獎提名 ★本片獲英國電影獎最佳藝術設計等多項獎項 ★最悲傷和感動人心的奇幻愛情故事 揭開奇幻世界的神秘面紗  科學家住在一棟久無人跡的城堡裏，因為寂寞製作了一個人造男孩愛德華來陪他，只差手部尚未安裝完成，而留下一雙剪刀手。一天當科學家正要替愛德華換上正常手臂時，卻突然猝死。不知過了多久，雅芳小姐發現愛德華，將他帶回人類生活的社區，剛開始大家很害怕，後來發現愛德華有一雙妙手，能修剪花木，便請他來家中修飾庭園，或是幫鄰居剪出各式新穎的創意髮型，受到大家的喜愛，也是他與一個女孩戀愛的愛情故事。  【關於電影】  這是一個很悲傷的故事，然而它卻悲傷得很美麗....  年輕的主人翁愛德華（強尼戴普Johnny Depp飾演）是老科學家生前所未製造完成的「半成品機器人」 ，只差手部尚未安裝完成，而留下一雙剪刀手。後來他被雅芳小姐收養，帶到人類生活的郊區社區居住，體會到人類的友情、愛情溫馨的一面，也體會到殘酷的現實。  相當震撼的原創故事，點子來自導演「提姆波頓」小時候的想法。全片將童話般天真的元素和大量諷刺社會的元素作混合。全片仍然是相當迷人及幽默的。男主角「Johnny Depp」將心思敏感易碎的剪刀手男孩飾演的十分精湛，而恐怖片老天王「文森普萊斯」更在片中客串了片頭的老科學家一角。 ,片長：01時45分,,,/code/media/movie/images/剪刀手愛德華.jpg,4.0,2020-09-30,剪刀手愛德華
93,★2020法國安錫動畫影展 世界首映 ★《女王的柯基》導演打造全新冒險童話，將率領傻萌動物大鬧破壞環境凶手，對抗邪惡的人類開採石油公司！ ★《冰原歷險記》《神偷奶爸》幕後製作團隊，中秋連假唯一闔家動畫首選 ★男孩與森林動物家庭的冒險新篇章！生態教育媲美《與森林共舞》，動物瘋狂更勝《動物方城市》 ★全片以絕美的阿拉斯加為背景，山巒、冰川及廢棄金礦等多樣壯闊地貌，歡迎全家一同前往大銀幕親身體驗  人類持續破壞環境，是時候動物們該站出來捍衛生存權益…  看似平凡的亞當，和雪麗（母親）、大腳怪（父親）以及他們的朋友偉波（大灰熊）、蒂娜（松鼠）、崔波（浣熊）一家人，這個非凡的大家庭一起在森林裡定居。沒想到隨著大腳怪父親越來越有名，父親也利用名氣嘗試改變世界。某天動保團體與父親聯繫，打算一起阻止石油公司開發並汙染動物的生存環境，沒想到父親在一次追查真相的過程中竟然莫名失蹤了！亞當和他的動物家人們，決定聯手找出大腳怪父親的下落，同時透過社群媒體試圖揭發石油公司的邪惡陰謀，他們一家人還有機會再次團聚嗎？  《森林特攻隊：大腳Y家族》是賣座動畫《女王的柯基》導演班史塔森的動物冒險新作，並聯手《冰原歷險記》《神偷奶爸》製作團隊、《地球人壞壞》編劇、布魯塞爾在地樂團Puggy共同傾心打造闔家觀賞的叢林童話。故事場景以絕美的阿拉斯加為藍圖，還加入了山巒、冰川及廢棄金礦等多樣地貌，讓這趟救援旅程增添豐富刺激的視覺效果。片中各種可愛的森林動物們紛紛出籠，對抗「大鯨魚」般的人類石油公司，除了伸張森林居住權的正義外，更貫徹「是一家人就要團結在一起」這樣普世卻最能貼入人心的溫暖理想。生態教育媲美《與森林共舞》，動物瘋狂更勝《動物方城市》，歡迎走進男孩與動物好友們的森林冒險新篇章！ ,片長：01時29分,冒險,,/code/media/movie/images/森林特攻隊：大腳ㄚ家族.jpg,3.8,2020-09-30,森林特攻隊
84,★2020動作喜劇再「進化」掀視覺新震撼！ ★《警察故事》神組合 成龍X唐季禮 九度聯手出擊！ ★流量男神楊洋《微微一笑很傾城》挑戰高強度動作片！ ★橫跨歐亞非三大洲，展開陸海空跨國大搜救！ ★導演唐季禮：「最棒、最爽、最過癮的動作喜劇！」  蜚聲國際的民營國際安保公司「急先鋒」由老闆唐煥庭（成龍 飾）成立，秉承傳統鏢局文化，「俠肝義膽、使命必達」。倫敦唐人街，數十萬居民和遊客參與春節舞龍遊行。受保人秦國立（樓學賢　飾）被不明身分人士劫持，休假中的急先鋒隊員雷震宇（楊洋　飾）、張凱旋（艾倫　飾）、彌雅（母其彌雅　飾）奉命趕來救援，經過一場惡鬥，最終救出秦國立。 秦國立曾為中東富商Massym工作，並不知其真實身份為中東某武裝組織頭目，待瞭解實情後秦國立已是後退無門。隨後，Massym在美軍的一次空襲行動喪生，其子Omar僥倖生還，他懷疑秦國立出賣父親並私吞財產故前來復仇，於是策劃了唐人街綁架。得救後的秦國立向急先鋒請求派人去非洲保護女兒Fareeda（徐若晗　飾）。  唐煥庭帶領隊員們前往非洲草原找到Fareeda，Omar則派來傭兵聯合當地盜獵集團與急先鋒隊員展開激戰，急先鋒隊員和Fareeda分散逃入叢林。敵人緊追在後，Fareeda駕駛水陸兩棲車駛入激流，上演一場驚險的激流搏鬥，險象環生，直至急先鋒後援駕直升飛機趕到，救出唐煥庭、彌雅，而雷震宇和Fareeda則落入敵人手中成為人質。  急先鋒利用高科技鎖定人質位置，派出精兵前往位在中東的組織基地實施營救計畫，在炸彈爆炸前一秒救回雷震宇和Fareeda。撤退之際，張凱旋為掩護眾隊友，遭崩塌的建物所掩埋。雷震宇冒著槍林彈雨返回救援，背回已無呼吸的張凱旋。眾人乘車撤離，雷震宇拼死搶救張凱旋，但張依然毫無生命跡象，團隊沉浸在悲傷的氛圍，雷震宇依然不放棄，拼死搶救，最終張凱旋奇蹟似地醒來，眾人轉悲為喜。可是Fareeda父親秦國立被敵人抓走。  原來Massym的財產全用來購買黃金，秦國立帶Omar前往在杜拜的黃金藏匿處。唐煥庭根據秦國立先前留下的資訊，聯合杜拜警方，布下天羅地網。交易現場，出現數輛鍍上黃金的超跑。Omar以黃金車與軍火商交換武器發射密碼，攻擊目標是杜拜港口的美國航母，急先鋒配合杜拜特警展開追緝。  Omar駕駛黃金車衝上杜拜街頭逃竄，購物中心水族館內，Omar及其手下被唐煥庭和雷震宇等急先鋒隊員擊倒，走投無路之下遭到逮捕，急先鋒不辱使命完成任務，收穫各方讚譽！ ,片長：01時47分,懸疑/驚悚,,/code/media/movie/images/急先鋒.jpg,3.4,2020-09-30,急先鋒
96,★「京都動畫」虐心打造最動人催淚的愛情物語！ ★延續《紫羅蘭永恆花園》電視動畫情節，正宗本傳續集最終完結！ ★以電視動畫劇情為基礎，原創故事打造女主角「薇爾莉特」的未來！ ★ 集結石川由依、浪川大輔等超人氣聲優陣容擔綱配音！ ★全台動畫迷爭相傳頌「人類聖經」、「宇宙神作」的感人物語！ ★京都動畫大賞輕小說獲獎作品改編，電視動畫原班人馬再度回歸！ ★美不勝收的場面、扣人心弦的故事、響徹心底的音樂、聲優精湛的表現！  為心愛之人，送上最後一封信 ——「愛」究竟是什麼？ 曾經將愛告訴自己、給予自己的那個重要之人。 即使想見，卻再也無法相見。 永遠放開了手的，那個最最重要之人。  從事代筆職業的她，名叫薇爾莉特伊芙加登（石川由依配音）。在讓人們傷痕累累的戰爭結束後數年，嶄新的時代來臨，世界也逐漸恢復平穩，生活並隨著新技術開發而改變。就在讓人們開始往前邁進之時，心懷思念重要之人的薇爾莉特，卻必須在沒有「那個人」的世界中活著。直到某天，她看到了一封信…。  【關於電影】  京都動畫最動人催淚的愛情故事，正宗續集最終完結 《紫羅蘭永恆花園》由日本知名優質動畫品牌「京都動畫」打造，改編自曉佳奈創作、榮獲第5屆京都動畫大獎的輕小說作品，也是京都動畫大獎有史以來，唯一獲得「大賞獎」的作品（其餘幾屆的大賞獎都從缺）。本作女主角「薇爾莉特伊芙加登」，是位擁有金髮藍眼的美麗少女。身為孤兒的她，父母、年紀不詳，然而與她美貌相反的，是她那罕見的戰鬥能力。也因為她在戰爭時期的強大戰力，讓她被軍中同袍無視為人類，反而視為「武器」般的存在。之後因為戰爭失去雙手，薇爾莉特離開軍隊，並裝上義肢，開始在C·H郵政社擔任起「自動手記人偶」的代筆工作。這位像人偶般清澈無暇、沒有多餘感情的少女，為了想要理解當時戰場上重要之人，對她所要傳達的話語，她不斷前往各地，踏上一段尋找何謂「愛」的旅程。透過一次次為不同委託人工作，她與各式各樣的人們相遇，並將對方無法言說的話語，或是綿密的思念，化作一封又一封的書信，將重要之言給投遞出去。她也從這些人身上，逐漸學會人與人之間的相處與情感，並逐漸開始懂得什麼是「愛」…。  電視動畫於2018年1月10日起播出，一播出就引發極大轟動與討論，甚至被網友高度讚譽為「人類聖經」、「宇宙神作」。尤其電視動畫以劇場版的製作品質來打造，也再度證明京都動畫的誠意與製作實力。也因為電視動畫的轟動，讓製作團隊繼續在2019年推出劇場版動畫《紫羅蘭永恆花園外傳－永遠與自動手記人偶－》。尤其外傳在台灣上映後，隨即在影迷之間造成轟動，雖然全台當時只有12家戲院限定映演，不過隨著高度口碑，以及忠實觀眾們的多刷支持，讓該片的最終票房熱賣直逼1200萬元，充分展現本系列作品的絕佳魅力，也讓這部即將在台灣上映的《紫羅蘭永恆花園電影版》未演先轟動，再度受到全台觀眾的廣大關注。  本片將會以完全原創的劇情，為電視動畫的劇情作出延續，並將以「愛」作為主題，讓本系列邁向最終完結。製作團隊與原著作者曉佳奈也彼此分享劇本與設定資訊，讓薇爾莉特在這段追尋、感受「愛」的過程當中，又將會遇到什麼樣的人、事、物？而她某天無意中看到的一封信，內容又將會是什麼樣感動人心的內容？此外，本片的畫面尺寸也從電視動畫系列的16:9，調整為更寬、更適合電影銀幕比例的2.31:1。透過如此適合電影院觀賞的畫面比例，更生動描繪出天空、大海，甚至是山脈的遼遠廣闊。不僅對製作團隊來說是個挑戰，也顯示京都動畫一直推出優質動畫的堅持，值得台灣觀眾進戲院支持！,片長：02時20分,,,/code/media/movie/images/紫羅蘭永恆花園電影版.jpg,4.6,2020-09-30,紫羅蘭永恆花園
100,★ 討債變養孩擔保品 變脫油瓶！ ★ 韓國影視天后河智苑 回歸大銀幕！ ★ 國民爸爸成東鎰 化身討債大叔！ ★ 新秀童星朴昭怡 萌度破表！  1993年仁川，粗魯又不好相處的高利貸業者頭石（成東鎰 飾）和宗培（金熙元 飾）想拿回欠債，卻意外地帶回九歲的承怡（朴昭怡 飾）作為擔保。  「擔保是什麼意思？」不知道什麼意思就成為擔保的承怡，因承怡媽媽遭到遣返，頭石和宗培必須負責把孩子送給別人領養。本以為承怡被有錢人家領養，卻發現送到不是原先想像的地方，兩人決定把承怡帶回家照顧。突然接管小孩，必須擔保小孩人生的頭石和宗培，與因欠債而被作為擔保的承怡，頭石、宗培、承怡這三個人，不知不覺成為彼此很特別的存在。 去討債卻遇到人生的寶貝！ 今年秋天，「擔保」將成為「寶貝」！  【關於製作】  打造出《機密同盟》、《國際市場：半世紀的諾言》、《喜馬拉雅：返家之路》、《那才是我的世界》等無數賣座電影的JK Film，這次以溫馨療癒的感動新作《無價之保》和觀眾見面。JK Film以訴求滿滿父愛的《國際市場：半世紀的諾言》；詼諧描繪南北韓刑警協同辦案的《機密同盟》；真實事件改編，挑戰遠征高峰的《喜馬拉雅：返家之路》；前拳擊手哥哥和罹患學者症候群的弟弟，開啟一段與眾不同人生的《那才是我的世界》等，透過有趣的劇情，引發群體共鳴，受到廣大觀眾的喜愛。 JK Film在2020年帶給觀眾療癒系新片《無價之保》，訴說著冷酷無情的高利貸業者「頭石」和他的後輩「宗培」，為了去討回欠債，卻意外以九歲的女孩「承怡」作為擔保，及其養育過程中所發生的故事。前往討債的高利貸業者「頭石」和「宗培」，偶然間以孩子作為擔保的獨特設定，引發觀眾的好奇。在電影《美麗的和聲》中使用溫暖的視角，引發在觀眾引發共鳴的導演姜大奎，再次發揮了細膩的執導能力，更增添了對《無價之保》的期待。  一開始讀了劇本後，飾演大人「承怡」的河智苑就感動的流下了淚水，她表示：「觀眾看了《無價之保》之後，一定能夠深刻地感到共鳴，本片是這個時代必不可或缺的電影。」表達出毫不猶豫接演電影的原因。飾演「頭石」的成東鎰表示：「我有自信到可以用我的三個小孩保證，我也很想讓我的小孩看這部電影。」如此表達出強烈的自信，令人更加期待這部電影。像這樣討喜且擁有溫暖魅力的2020療癒系電影《無價之保》，將於今年秋天溫暖上映，不僅給觀眾帶來幸福的微笑，更能讓各年齡層都能感到共鳴，傳遞真誠的感動，留下令人回味的餘韻。 ,片長：01時53分,,,/code/media/movie/images/無價之保.jpg,4.3,2020-10-08,無價之保
86,"「一個人創造一個江湖，鄭問的作品，讓我們跟千古英雄有了共同的呼吸。」  鄭問為風靡全亞洲之漫畫巨擘，其融合水墨藝術與西方繪畫技巧之美學獨樹一幟，加以對創作媒材、技法不拘一格的靈活運用，迄今尚無人能超越。他對歷史、社會、人性的觀察與思考，亦透過其畫技與構圖的掌控力，鎔鑄成獨樹一幟的「鄭問美學」。  鄭問的職業生涯足跡遍佈臺灣、日本、香港、中國等地，亦為臺灣極少數同時親身參與日本、香港、中國動漫與遊戲產業運作之重量級漫畫家；1990年代在日本發表作品引起轟動，以《東周英雄傳》獲得日本漫畫家協會「優秀賞」。  耗時2年，王婉柔導演帶著拍攝團隊踏上15,000公里的飛行航程，橫跨台灣、香港、日本和中國訪談超過 50 位漫畫及出版界人士。期以鄭問之生涯及創作為經緯，重現老師之精神與美學，將鄭問超越時代的藝術成就，透過影像設計與人物訪談，令其帶給後世之影響力予以持續擴散。",片長：02時15分,,,/code/media/movie/images/千年一問.jpg,3.9,2020-10-08,千年一問
98,★ 《即刻救援》地表最強硬漢連恩尼遜再次提槍上陣！ ★ 《會計師》製作團隊打造，今年最緊張、過癮的犯罪動作鉅作！ ★ 黑警槍戰、飛車追逐、炸彈爆破，刺激場面讓你腎上腺素飆到最高點！  湯姆（連恩尼遜 飾）是名海軍陸戰隊退役的拆彈專家、同時也是個連續盜取了12家銀行偷得900萬美元現鈔的神鬼大盜，卻在愛上了一位女子安妮（凱特沃許飾）後，決定洗心革面坦白自己的犯罪前科，來換取未來的自由。正當湯姆準備自首時，竟被兩位貪圖鉅款的FBI探員尼文斯（傑寇特尼 飾）、霍爾（安東尼拉莫斯 飾）誣陷殺警。一夜之間，湯姆被聯邦調查局布下天羅地網通緝，為了找回屬於自己的清白，湯姆決定奮力一搏誓死反擊，讓罪有應得的FBI探員付出慘痛的代價！,片長：01時39分,劇情,,/code/media/movie/images/倒數反擊.jpg,3.6,2020-10-08,倒數反擊
95,★2018轟動中、日、台的科普動畫，2020年度最具教育意義院線電影！ ★醫學界、教師界強力推薦，捲起校園課堂cosplay風潮！ ★分秒發生於你我體內的真實劇情，刻畫生動，引人入勝！ ★日本癌症專家「大須賀 覚」與「紐約知名醫師－Doctor Mike」大力推薦！  「為了苦讀生物的妹妹」而誕生的超人氣作品漫畫《工作細胞》，在眾所期盼下推出電視動畫，讓你我了解身體內部的故事，是任何人都能有所共鳴的體內細胞擬人化作品。  細胞們在名為「身體」的世界中，依舊活力滿點，全年無休的工作著。  有著搬運氧氣的紅血球，和細菌奮戰的白血球……細胞們在體內正上演著不為人知的精彩好戲。而原作漫畫經典長篇則獨立製作成特別上映版《強「菌」來襲！人體腸道大騷動！》，即將可在大銀幕上看到「賭上生命，守護生命」的細胞們為了身體奮戰！ ,片長：01時52分,,,/code/media/movie/images/工作細胞特別上映版-強「菌」來襲！人體腸道大騷動！.jpg,4.3,2020-10-08,工作細胞
81,公車司機阿泰（劉冠廷/飾），是一個動作慢吞吞、連手錶的時間、地震的感應都比別人慢的奇葩。他每天都會去郵局，找櫃員楊曉淇（李霈瑜/飾）寄一封不知道給誰的平信。櫃員楊曉淇和阿泰完全相反，是個凡事搶拍的超級急性子，唯獨感情生活毫無進展，年近三十還是母胎單身。情人節前夕，楊曉淇被天菜陽光男劉老師（周群達Duncan/飾）搭訕，終於情竇初開的曉淇和劉老師天雷勾動地火；想不到一覺醒來，劉老師再無音訊、而且情人節居然已經過了？！每天來寄信的阿泰也再也沒出現過...毫無記憶的楊曉淇，開始了一趟尋找真相的奇幻旅程...,片長：01時59分,劇情,,/code/media/movie/images/消失的情人節.jpg,4.3,2020-09-18,消失的情人節
75,★奧斯卡最佳影片、最佳導演、最佳男主角、最佳男配角、最佳原創劇本、最佳剪輯、最佳電影原創配樂七項大獎入圍 ★榮獲奧斯卡金像獎、英國電影學院、金球獎最佳男主角 ★90年代的經典，深刻難忘的動人樂章  改編名鋼琴家大衛赫夫考的真人實事。講述音樂天才心理受創的童年，大膽揭露父子間的愛與恨。  大衛從小就在父親彼得的嚴厲教導下練習鋼琴，經常取得優異的成績。年少的大衛渴望前往美國進修，然而其父卻阻擋他離家出國。大衛的音樂天份後來獲得賞識，得到英國皇家音樂學院獎學金贊助的機會，他不顧父親的阻撓執意出國留學，因此和父親決裂，這段關係在他心中留下無法抹滅的陰影。  患有躁鬱症的大衛其精神狀況在每次的表演後每況愈下，回到了澳洲，他父親拒絕接納他，最後大衛只能住進精神病院治療。大衛克制不住彈琴的慾望，總是不斷尋找可以彈奏的機會。在偶然的機會下，他遇見了占星師吉莉安，在吉莉安的協助下，大衛重新回到人群、克服陰霾再次站上演奏台。 ,片長：01時45分,劇情,,/code/media/movie/images/鋼琴師.jpg,3.9,2020-09-18,鋼琴師
95,★橫掃歐洲各大影展 勇奪8項德國奧斯卡蘿拉獎 ★天才童星海倫娜·澤格爾 震撼影壇 奪影史最年輕影后 ★國際影評盛讚 榮獲第21屆台北電影節-最佳影片 ★2020年奧斯卡「最佳國際電影」德國代表 ★2019柏林影展- 阿爾弗雷德鮑爾銀熊獎  她宛如混世魔王，獨自徘徊在瀕臨崩潰的世界邊緣… 啊～～～去死！！！走開，豬頭！臭矮子閃邊去！ 教室裡，年僅九歲的班妮臉上掛彩，發出死亡般的吼叫聲咒罵著同學。憤怒沖腦的她是社福機構裡最危險的不定時炸彈。數度被強制送醫的她，總在看似病情獲得控制後又急轉直下。在班妮一次次情緒失控下，週遭人們對她的寬容與耐心也逐漸動搖，社工們各個都對她束手無策，最終他們決定聘請青少年輔導員-米查做最後的嘗試。  米查提議讓他們在森林中度過一段時間，企圖藉由大自然的力量讓班妮脫離爆炸的人生。剛開始森林生活對米查與班妮都是嚴峻的考驗，但隨著時間的推移，雙方漸漸取得彼此的信任，一起蓋小屋、作飯、螢火玩耍。這是短期好轉的假像，還是米查真的成功改造班妮了嗎？回到文明社會的班妮有辦法融入嗎？班妮的唯一願望是「與媽媽同住」，卻因病情不穩而無法實現，她這次有機會了嗎？  【關於電影】  電影以「問題兒童-班妮」為主題出發，根據統計全球每100位兒童就有5～7位像班妮這樣患有好動及過動症狀的問題兒童，從小就在各種輔導機構與醫院穿梭的他們無法融入一般社會。隨著故事的推進，單純渴望得到母愛的班妮，在一次次情緒失控後再度被強制隔離，這樣的狀況使她內心感到更加不安，病情更加惡化。  本片不僅在歐洲各地大放異彩，去年也拿下台北電影節最大獎「最佳影片」。評審團稱許這部作品角色塑造極具說服力，攝影、剪輯、聲音與美術的處理策略鮮明，作者風格突出。演員整體表現亮眼，是從劇本、演員到技術層面成熟度極高的佳作。 ,片長：02時05分,,,/code/media/movie/images/蘿莉破壞王.jpg,4.3,2020-09-11,蘿莉破壞王
80,★ 韓國爆笑犯罪新作 《雞不可失》後最狂辦案 ★ 車禍唯一目擊者 奶奶爆笑神出擊 記憶雖然不靠譜 卻是破案唯一線索！ ★ 我的嬤嬤咪呀！韓國大滿貫影后羅文姬 X 實力男星李熙俊 聯手飆戲 ★ 不要小看長輩 別和奶奶作對！真相 永遠只有一個！  一位患有阿茲海默症的奶奶（羅文姬 飾），竟是肇逃案件的唯一目擊證人！平時和兒子（李熙峻 飾）與孫女相依為命，奶奶最疼愛的孫女竟慘遭車禍陷入昏迷。警方辦案只能依靠失憶奶奶毫無邏輯的胡言亂語、天外飛來一筆的說詞來回拼湊，他們能否用無厘頭的線索順利揪出兇手呢？ ,片長：01時50分,喜劇,,/code/media/movie/images/名偵探奶奶.jpg,3.6,2020-09-18,名偵探奶奶
92,★日本票房冠軍 ★ 「哆啦A夢」50週年紀念作品，第40部長篇劇場版系列作品！ ★ 《哆啦A夢：大雄的金銀島》編導搭檔 今井一曉 X 川村元氣 聯手再出擊 ★ 日劇天王 木村拓哉 X 搞笑女王 渡邊直美 特別獻聲演出 ★ 日本搖滾天團「Mr.Children」動人打造雙主題曲〈Birthday〉〈君と重ねたモノローグ〉 ★ 日語原音版本、中文配音版本同步獻映  大雄在恐龍博物館參加挖掘化石體驗時，偶然發現了一個化石，深信這是個恐龍化石的大雄，使用了哆啦A夢的道具「時光布」讓化石回到原本的狀態……結果竟然孵化了恐龍雙胞胎小Ｑ與小妙！而且，這兩隻恐龍似乎是從來沒被發現過的新品種。跟大雄一樣有點靠不住的小Ｑ以及個性活潑的小妙，兩隻恐龍雖然個性天差地遠，大雄還是像父母一樣用愛呵護著牠們長大，但是恐龍終究還是無法在現代生存長大。  於是，大雄下定決心要將小Ｑ與小妙帶回屬於牠們的年代，與哆啦A夢跟夥伴們一起前往6600萬年前的白堊紀末期。一場找尋小Ｑ與小妙同伴的大冒險就此展開……靠著哆啦A夢的道具與恐龍們的力量，大雄一行人循著恐龍的足跡來到了一座神祕島嶼。然而，在白堊紀迎接他們的竟是恐龍即將滅絕的命運。小Ｑ與小妙，以及大雄一行人的命運又將會如何……？,片長：01時50分,冒險,,/code/media/movie/images/電影哆啦A夢：大雄的新恐龍.jpg,4.2,2020-09-25,大雄的新恐龍
100,★贏家才能留名萬世！特斯拉和愛迪生世代恩怨! ★伊森霍克完美詮釋世紀天才特斯拉 ★2020日舞影展首映全場大獲好評，美國權威影評網站爛蕃茄92%新鮮推薦 ★他的故事比愛迪生更傳奇，他的每項發明，都讓全世界邁向巨大進步，怎能不認識他! ★1898年，特斯拉提出電動車構想，2003年，馬斯克將公司名為『特斯拉汽車』，就是為了紀念他，並逐步實踐特斯拉的構想。  聚焦發明家特斯拉生平故事，包括交流電的發明與湯瑪斯愛迪生的激烈對抗…  「交流電之父」尼古拉特斯拉，被譽為最接近神的男人，他對電的理解和運用遠遠超乎你我的想像。  交流電帶來的便利，無線電、遙控器等發明，這些都是特斯拉的貢獻，但天才遭嫉，愛迪生和許多財團迫害於他，讓特斯拉的許多發明和技術深埋… ,片長：01時42分,,,/code/media/movie/images/特斯拉.jpg,2.9,2020-09-30,特斯拉
97,★改編自全球暢銷150萬冊、橫掃國內外逾十項大獎小說《我的房間保衛戰》！  彼得(奧克斯弗格雷飾)與外公艾德(勞勃狄尼洛飾)的感情非常好，直到被迫讓出自己的房間給外公住，彼得搬到了陰森可怕的閣樓，讓他燃起要把房間搶回來的決心！彼得和好友們設計了一連串惡整外公的計劃，包括：把房門拆了、在床上放蛇、把刮鬍泡沫偷換成泡沫膠等無良行為，而被激怒的外公艾德也不是省油的燈，他和一群公嬤輩老友也擬定「加倍奉還」的反擊策略，一場超狂又超鬧的房間保衛戰就此展開！  【關於電影】  改編自全球暢銷150萬冊、橫掃「馬克‧吐溫獎」、「西北太平洋圖書館協會青少年圖書獎」、「內布拉斯加州金索維獎」等國內外逾十項大獎小說《我的房間保衛戰》的2020年度超鬧爆笑喜劇《阿公當家》，集結勞勃狄尼洛、鄔瑪舒曼等影壇金牌卡司聯手搞笑，片中飾演孫子的奧克斯弗格雷更傳承了「教父」阿公與「追殺比爾」憤怒新娘的超狂基因，為搶房間展開超無良惡整大戰，讓飾演阿公的勞勃狄尼洛險些招架不住，在片中隸屬勞勃狄尼洛的公嬤隊員克里斯多夫華肯表示，其中一場彈簧床躲避球PK戲拍到膝蓋差點爆炸，他說：「那天我們這群公嬤隊員只要不小心跌倒，要再站起來還真得花點時間，彷彿聽到鈣質流失的聲音。」而勞勃狄尼洛拋開形象的爆笑演技更讓全劇組都笑到不行，製片馬文波特表示：「勞勃狄尼洛在每一場戲都有各種不同的詮釋方法，他散發著天生的演員魅力，每次看他現場演出都覺得很幸福，他總能用出乎意料的方式逗樂所有人。」,片長：01時37分,喜劇,,/code/media/movie/images/阿公當家.jpg,4.0,2020-09-30,阿公當家
60,季末（春夏 飾）從小就因為能看見「怪物」而被視作異類，直到有一天她在工作的超市再次看到了「怪物」並神奇的邂逅了「怪物先生」—猛哥（余文樂 飾），她才發現原來世界上真的有「怪物」存在。猛哥幸運地解決了在超市出現的怪物，但打怪的過程不幸被監控器拍下並流出，兩個年輕人因此捲入了一場新的風波。,片長：01時44分,奇幻,,/code/media/movie/images/怪物先生.jpg,3.2,2020-09-11,怪物先生
96,★ 爆笑超越《雞不可失》，南韓年度最瘋狂動作喜劇！ ★ 南韓影史首部劫機動作喜劇，意想不到的救援英雄爆笑登場！ ★ 地面賣麻花，空中救全家，前所未見、高潮迭起的逆轉動作喜劇！ ★《偷天對決》、《王牌計中計》、《北風》製作團隊爆笑打造！ ★《白頭山：半島浩劫》、《極限逃生》視覺公司打造超狂特效場面！ ★ 集結南韓華麗卡司，帶來搞笑無極限的完美動作喜劇！ ★「韓流天后」嚴正化再展矯健身手，麻花店老闆娘帥氣變身女打仔！ ★《闇黑新世界》陰森奸角朴星雄，將以前所未見的最可愛形象登場！ ★「國民女婿」李相侖跳脫暖男形象，大展身手詮釋反派恐怖劫機份子！ ★《明明會說話》搞笑特務裴正楠，延續喜劇戲路，化身神經質新人空少！  地表最強大媽，拯救空中危「機」  ★ 爆笑超越《雞不可失》，南韓年度最瘋狂動作喜劇！ ★ 南韓影史首部劫機動作喜劇，意想不到的救援英雄爆笑登場！ ★ 地面賣麻花，空中救全家，前所未見、高潮迭起的逆轉動作喜劇！ ★《偷天對決》、《王牌計中計》、《北風》製作團隊爆笑打造！ ★《白頭山：半島浩劫》、《極限逃生》視覺公司打造超狂特效場面！ ★ 集結南韓華麗卡司，帶來搞笑無極限的完美動作喜劇！ ★「韓流天后」嚴正化再展矯健身手，麻花店老闆娘帥氣變身女打仔！ ★《闇黑新世界》陰森奸角朴星雄，將以前所未見的最可愛形象登場！ ★「國民女婿」李相侖跳脫暖男形象，大展身手詮釋反派恐怖劫機份子！ ★《明明會說話》搞笑特務裴正楠，延續喜劇戲路，化身神經質新人空少！  地表最強大媽，拯救空中危「機」 人氣麻花店老闆娘美英（嚴正化飾演），雖然一家人生活艱困，但她卻非常珍惜家人。某日，她意外獲得夏威夷旅行的機會，讓她帶著電腦修理高手老公石煥（朴星雄飾演）與女兒，展開人生首次的海外之旅。就在她們準備登機時，一群恐怖分子也登上同一班機，並在起飛後不久劫持了整架班機。眼看人生最大的幸福即將變調，也為了拯救家人與其他乘客，美英決定放下平凡過往，展現她隱藏已久的內功，開始營救全機乘客…。  【關於電影】  爆笑超越《雞不可失》，年度動作喜劇就看這一部 《特務搞飛機》是南韓影史首部以「劫機」作為題材的話題電影，故事描述麻花店老闆娘「美英」，和她專作電腦修理的年下老公「石煥」，兩人在生平首度的家庭旅行當中，為了拯救被劫持的班機，而展開一場超ㄎㄧㄤ的爆笑動作救援，並將透過動作、諜報、喜劇等多樣看點，挑動觀眾捧腹大笑的神經。全片不僅將在銀幕上展現痛快不已的動作場面，更將在放聲歡笑的同時，帶來驚心動魄的劫機場面。尤其主角並非是有特殊能力的超級英雄，而是過著平凡生活的普通人，因為是班機上的唯一救星，意外成為了全機的救援英雄。除了男女主角之外，還有為了活捉目標而劫機的恐怖份子、夢想成為特務的空少、看似可疑的神秘女人、目中無人的國會議員，本片編劇為各個人物注入不同的情境與設定，即便大部分都在有限的機艙空間當中，導演也透過高超的場面調度功力，讓觀眾絲毫不會感到無趣，甚至還有許多劇情反轉，讓觀眾在電影結束之前，一刻都無法移開視線。  本片演員也是一時之選，憑藉電影《大浩劫》吸引千萬觀眾，並陸續榮獲百想藝術大賞、大鐘獎最佳女主角獎肯定的嚴正化，將從「韓流女王」搖身一變，成為解救全機的麻花店老闆娘。她將完美消化高強度的動作演技，並以無極限的爆笑魅力緊抓觀眾的心。而在《闇黑新世界》展現讓人不寒而慄角色的朴星雄，也將延續《我裡面的那傢伙》中的冷面笑匠功力，在本片化身精通電腦的高手，並與嚴正化詮釋女大男小的甜蜜夫妻。此外，李相侖、裴正楠、李先彬三位影星的加入，以及金南佶驚喜的客串演出，都將為全片碰撞出不同的火花，並為觀眾帶來爽快的爆笑場面。  不僅如此，本片也出動南韓影壇最精銳的製作團隊。首先，攝影指導金正宇將透過《明明會說話》、《致命目擊》、《偷天對決》等片所積累的技術性拍攝技法，成功拍出飛機內部的空間與速度感。曾獲青龍獎、大鐘獎肯定的美術指導朴逸賢，也為本片設計出輕快又帶些復古的配色，真實展現出全片獨特的浪漫與溫暖氣氛。而曾參與《極惡對決》、《飆風特警隊》、《北風》、《偷天對決》、《神之一手》等片的動作指導崔奉祿，也將透過獨特的動作編排，打造角色們在機艙中的極限動作。此外，曾打造出《白頭山：半島浩劫》、《極限逃生》等片的知名視覺特效公司「Demolition」，這回也為本片創造出滿足視覺的超狂特效場面，引領觀眾進入從未體驗過的搞笑動作世界。台前幕後的精采打造，不僅讓本片在上映前勇奪預售率冠軍，上映後的好評更持續升溫，並在南韓三大電影評分網站CGV獲得87%金蛋評分、Megabox觀眾評分8.5高分，更在Naver獲得觀眾9.64分極高評價。超高的娛樂性，也讓許多網友在觀賞後盛讚本片「年度最搞笑！」「是近期觀賞過最有意思的電影，強力推薦！」 ,片長：01時41分,喜劇,,/code/media/movie/images/特務搞飛機.jpg,4.1,2020-09-11,特務搞飛機
92,《蠟筆小新》將以充滿無限想像的「塗鴉」主題，帶各位將視角集中在充滿神秘的「塗鴉王國」上，原本依靠豐富隨意的「塗鴉」作為運作來源的「塗鴉王國」，是以自由的塗鴉為能量來源，漂浮於空中的一個王國。但是，隨著時代變遷，近年在地面上看到塗鴉的機會減少，導致王國能源不足而快毀滅了…「塗鴉王國」的皇家軍隊賭上國家命運，開始進攻地面！！沒想到他們來到的地方，竟然是小新等人居住的春日部！！塗鴉王國珍寶「奇蹟蠟筆」能讓畫出來的東西動起來獲得珍寶的那位勇者就是－「超樂天的五歲小朋友」野原新之助！究竟小新能不能和他大筆畫出的塗鴉們一起拯救世界呢？,片長：01時43分,喜劇,,/code/media/movie/images/蠟筆小新：激戰！塗鴉王國與差不多四勇者.jpg,4.5,2020-09-11,蠟筆小新
99,★1998年柏林影展金熊獎、最佳女主角等三項大獎 ★1999年奧斯卡金像獎最佳外語片、最佳女主角提名、金球獎最佳外語片 ★二十二週年數位修復經典傑作，全世界上最好看的電影國際首映 ★一生必看十大電影_多倫多時報 ★感人肺腑、熱淚盈眶_洛杉磯時報 ★精采絕倫的演技_綜藝報 ★最後結局絕對讓你哭著離場_芝加哥太陽報 ★撼動心靈的傑作_巴西日報  中央車站是巴西里約熱內盧流量最大的車站，朵拉靠著自身識字能力，替不識字的人們寫信為生。  某日，一名少婦帶著十歲的兒子約書亞給他從未謀面的父親寫信，希望約書亞的父親能夠來里約熱內盧找他們，但少婦卻在一出車站後就意外身亡。留下孤苦無依的約書亞在城市裏頭，隻身流落街頭著，本來為人現實的朵拉由於母性的驅使和內心的善良下，答應約書亞要去陪他尋找到父親。  剛開始兩人的相處是十分不愉快，但一路上他們不斷遇到重重難關時，對彼此卻越來越能坦誠相對，而在這段旅程中，朵拉與約書亞相伴在一起，約書亞尋找著父親，朵拉卻也同時尋找到了自己。 ,片長：01時51分,,,/code/media/movie/images/中央車站：數位修復版.jpg,4.6,2020-09-11,中央車站
92,漫威影業首部驚悚作品，顛覆影迷對漫威英雄的想像，全新型態《變種人》驚悚登場。當五位擁有特殊能力的青少年被關入秘密機構，有一股超自然惡勢力正蠢蠢欲動，他們必須面對過去的罪惡，但內心的恐懼即將成真。神秘的背後似乎有巨大的陰謀正在成形，他們是否能勇敢對抗自身的力量，逃脫這一切枷鎖…,片長：01時34分,冒險,,/code/media/movie/images/變種人.jpg,3.1,2020-08-27,變種人
99,諾蘭導演的全新鉅作《TENET天能》演員卡司包括約翰大衛華盛頓、羅伯派汀森、伊莉莎白戴比姬、亞倫泰勒強森，肯尼斯布萊納和米高肯恩。,片長：02時29分,劇情,,/code/media/movie/images/TENET天能.jpg,4.1,2020-08-27,天能
88,★ 女神蒂妲絲雲頓奠定江山代表作 ★ 英國傳奇名導莎莉波特一戰成名 威尼斯競賽片 享譽國際 ★ 我不是男，也不是女 穿越時空四百年的自我追尋之旅 ★ 突破當代性別意識的超前衛電影 ★ 兩項奧斯卡提名 英國奧斯卡最佳化妝得主  故事述敘主角四百年的傳奇生涯。出身英國貴族的歐蘭朵，是伊麗莎白一世時的美少年，做過其侍衛深得寵幸，並被賜予「不凋零不老去」。在一次次的沉睡後，從性別的錯亂覺醒，享有永恆青春的他/她，品嚐過愛情的甜蜜，面對創作的折磨，和戰爭的荒誕。他談過與俄羅斯公主的戀愛，也曾躲進文字裡尋求失戀的解脫；他為躲避煩擾自請出使東方，還與可汗結下友誼，又因英國殖民主義的利益衝突而破裂。精神受到衝擊的他陷入昏睡，一覺醒來變成女性。四百年後，歐蘭朵來到了現代，與單親撫養的女兒重回貴族時的古堡領地，雖然她不再擁有財富和地位，但卻終於擁有自由，成為一個二十世紀的獨立女性。  改編自維吉尼亞吳爾芙的同名小說，1993年轟動歐美影壇的傑作，27年後在台灣大銀幕重現，這也是台灣首度數位高清版的院線上映。 ,片長：01時33分,奇幻,,/code/media/movie/images/美麗佳人歐蘭朵.jpg,4.1,2020-08-28,美麗佳人歐蘭朵
90,★荷蘭鹿特丹國際影展 最佳影片老虎獎 ★維也納國際影展 費比西影評人獎 ★東京FILMeX影展 最佳影片 ★2000年《時代雜誌》年度10大電影  在上海蘇州河上，騎摩托車替人送貨的馬達，接下接送少女牡丹的工作，兩人日漸相處愛上彼此，但就在她決定把終身託付給對方時，馬達財迷心竅，聯合黑道朋友綁架了她，令牡丹心灰意冷，一氣之下跳進蘇州河。臨跳前，牡丹留下遺言：「我要是跳下去了，我會變成一條美人魚來找你的。」  五年後出獄的馬達，在酒吧遇見一位扮成金髮美人魚的酒店女郎美美，和牡丹長得一樣，然而美美表示絲毫不知情牡丹的事，但聽著故事開始仰慕馬達對牡丹的愛，馬達則陷入心理交戰，他直覺牡丹一定還在世上，決心要找到她...  【創作背景】  《蘇州河》是婁燁導演的第3部長片作品，與《危情少女》、《周末情人》和之後的《紫蝴蝶》一樣都是以上海為背景並在當地拍攝完成的。上海不只是婁燁的出生、求學之地，更是讓他為人所知，孕育他創作出這些經典早期作品的靈感城市。《蘇州河》是婁燁自編自導作品，他堅持全程參與實驗性創作，時時都在思考、修改、找尋靈感，他以獨具的抒情文學性敘事、似真似假的人物設定、神秘的主觀旁白，創作出這個迷人上海都會裡，中下階層小人物不凡的淒美故事。  婁燁獨具慧眼，無懼相中當時毫無名氣的演員來擔當主演，卻總成功一舉將他們推上巨星之列。從劇場出身的賈宏聲，並非傳統典型電影演員，然而婁燁深受他有靈性的自然神韻所打動，堅持要讓這位藝術圈好友變成他鏡頭下的男主角。而當年出道不久沒沒無聞的周迅，與婁燁的相遇卻是在一次北京酒吧聚會上，她的美貌與純真機靈的性格讓人印象深刻，婁燁看見了她的潛力，大膽找上她擔當主演，而《蘇州河》後的周迅果真一戰成名，甚至躍上國際舞台。  【回顧20年】  身為千禧年第六代導演浪潮的代表人物之一，婁燁即使與所有同代影人一樣必須面對大環境資金資源短缺、電影審查、無法上映等困境，但他堅持以自己的創作、實驗性的電影語言，嘗試不落俗套地為故事找到最適合的呈現方式。婁燁沒有因大時代的不安而迷失，他很確定要走出與眾不同的道路，對自由與原創的自我表達是他從影以來一貫的理念，而《蘇州河》就是在這樣的精神下誕生。拍攝進入後期階段，開始面臨預算不足的困境時，婁燁因緣際會下認識了當時也沒沒無聞的製片人菲利浦泊拜（Philippe Bober），想不到正是獲得坎城影展金棕櫚大獎《抓狂美術館》（The Square）的重量級製片。  當初一起在藝術圈打拼的菲利浦泊拜，原打算參與婁燁未來的製片計畫，卻一次無意間搶先看到了《蘇州河》的半成品，被這個質樸唯美又奇幻的作品深深打動，看見它更多可能性，所以在最後一刻決定加入後期製作，並找來了剪輯師卡爾里德（Karl Riedl）、配樂家約克萊茵伯格（Jörg Lemberg），讓《蘇州河》搖身變成一部歐陸合製作電影，增添了與同期電影完全不同的迷人色彩。20年了，如今菲利浦泊拜成為坎城金棕櫚肯定的知名製片，婁燁更早已成為國際肯定的代表性華人導演，而周迅更是華語影壇的影后級指標名人！回頭看當年這群來自各地，為夢想奔走的年輕人們，他們無畏地走出了不確定的年代，並找到了屬於自己的無限道路，更為影壇後備帶來深遠啟發。,片長：01時20分,,,/code/media/movie/images/蘇州河.jpg,3.9,2020-08-28,蘇州河
91,★根據台灣送肉粽民間習俗改編 ★金馬影帝李康生親身上陣搏命演出祭吊煞 ★淒厲邪靈連環奪命鬼王鍾馗命懸一線 ★金獎團隊製作恐懼指數刷新你的感官極限  十七歲的佳敏(許安植飾)從小擁有靈異體質，她被阿姨玉蘭收養，雖然玉蘭對她疼愛有加，但姨丈昌仔(顏正國飾)卻對兩人長期家暴。某日，佳敏的國中同學芊芊，和網紅男友灰熊(孫安佐飾)想拍攝著名的民間傳說「椅仔姑」，希望由佳敏召喚神靈，吸引直播流量。過程中灰熊為求畫面精彩，故意激怒椅仔姑，召靈情況失控，幸而得到路過的火哥(李康生飾)相助，才化解危難。  火哥與佳敏一樣擁有靈異體質，且配戴著師父金龍師(雷洪飾)傳給他的五雷令項鍊，他擁有「鍾馗身天命」，可以召喚鍾馗降妖伏魔。五年前，火哥與金龍師、師兄阿西法師(陳博正飾)至毒窟除煞，遇到異國邪靈「鬼師傅」。除煞過程中，火哥遭入魔身陷險境，從此喪志像灘爛泥，成天喝酒逃避，但天命的機遇仍不斷找上他…  邪靈鬼師傅引發連續多起上吊事件，佳敏的阿姨玉蘭遭附身，許多無辜民眾也遭受牽連，極度的恐懼降臨在整個小鎮之中。「你有兩個選擇，一輩子逃避，或者勇敢面對。」金龍師曾對火哥這麼說，火哥把這句話，轉送給想救阿姨的佳敏。其實這句話，也是火哥要對自己說的，「天命，中邪，一線之隔。」一場驚悚激烈的神鬼對峙將全面展開…  【電影介紹】  《粽邪》於2018年創下全台暑假檔期華語票房冠軍，主創團隊延續民間「送肉粽」的儀式概念，以更高預算打造更高規格的續集電影，將觀影恐懼感提升至新境界。《馗降：粽邪2》故事除圍繞在悼念上吊往生者「送肉粽」儀式外，更加入了台灣民俗信仰元素「椅仔姑」，以及更淒厲更邪惡的異國邪靈。此次由金馬影帝李康生親身上陣，演繹擁有「鍾馗天命」的法師，這份「天命」帶給他巨大的挑戰與負擔，甚至陷入凶險的性命危機。電影將於農曆鬼月隆重上映，極致的驚悚環節與刺激的神鬼對峙，《馗降：粽邪2》將在今年暑假帶給你驚涼快感，再創台灣國片話題巔峰！,片長：01時44分,懸疑/驚悚,,/code/media/movie/images/馗降：粽邪2.jpg,3.9,2020-09-02,粽邪2
83,★連霸日本雙週冠軍，十天突破票房二十億！！ ★原班人馬瘋狂回歸，演員陣容絕贊升級！！ ★保證讓你笑到抽筋，銀魂導演最新力作！！ ★大咖巨星崩壞扮醜，超有哏魔性看個夠！！ ★4000萬本漫畫熱銷，日劇破億點播熱潮！！  「告訴你啦！！我很強又夠卑鄙，所以我天下無敵啦！！」  三橋貴志（賀來賢人 飾）和伊藤真司（伊藤健太郎 飾），兩個文質彬彬高中生在同一天轉學，並且決定在新學校開始「囂張」，從此做個不良少年；所以兩人決定改變髪型，剛好在兩間相鄰的理髪院「變型」，也發現了彼此的秘密，因此結成盟友。這就是他們相識的開始。  三橋染了一頭耀眼金髮，他的信念是「無論用卑鄙的手段，只要能贏就行！」不僅要稱霸高校，還立志成為日本最強的男人。伊藤頂著浮誇刺蝟頭，充滿男子氣概又富有正義感，常常被三橋利用卻不自覺，帥氣臉龐風靡許多高中少女的心。兩人憧憬成為硬派不良少年，誤打誤撞組成最佳拍檔，迎戰無數強敵，登上校園大哥大的寶座。兩個人不斷挑戰校內校外的不良少年，引發了一連串爆笑事件，也成為校園傳說！  要囂張就要做到最囂張的！某天，2人曾進行死戰的不良高中-開久高校被鄰鎮的北根壞高校借用。當中柳銳次（柳樂優彌 飾）及戰鬥力高的巨漢-大嶽重弘（榮信 飾）壓制全校學生，並向同學們出售高價「御守」，不買的人就會受懲罰威脅，他們與三橋及伊藤因此引爆衝突激戰，大哥大們將遭遇此生最大性命危機！！  【關於電影】  以漫改電影《銀魂》知名的導演福田雄一再度出招，於2018年將《我是大哥大》改編成同名日劇，大膽玩壞眾多帥哥美女！除了還原漫畫復古造型，演員還得賣帥搞笑；賀來賢人化身卑鄙的金髮惡魔還要扮女裝，新生代男神伊藤健太郎頂上怪異刺蝟頭，而千年一遇美少女橋本環奈則是要翻白眼咆哮演不良大姐頭，再一秒切換成清純嬌弱的可愛小女友！這麼有哏的日劇播出後果然大受歡迎，火紅到相關影片在網路上累積超過一億播放次數，引起大熱潮！ 日劇粉絲直喊：「看不夠！」2020年，總算讓我們千呼萬喚出《我是大哥大！！劇場版》！  電影版將原作「VS北根壞高校篇」搬上大螢幕，除了日劇原班人馬外，還追加多位新角色，分別是北根壊高校的首腦-柳鋭次（柳樂優彌 飾）、永架高校的女番長森川涼子（山本舞香 飾）等新卡司。柳樂優彌飾演狡猾的反派-柳鋭次，長直髮披肩、根根分明的稀疏瀏海，神還原復古裝束！全片仍會有笨蛋情侶伊藤健太郎和橋本環奈，繼續聯手閃瞎眾人！ ,片長：01時54分,喜劇,,/code/media/movie/images/我是大哥大！！劇場版.jpg,4.1,2020-09-04,我是大哥大
46,★ 榮登法國三週票房冠軍 ★ 凱薩獎最佳影片《花落花開》名導馬丁波渥斯最新力作 ★ 大滿貫影后茱麗葉畢諾許、凱薩獎影帝提名艾德華貝爾、凱薩獎影后友蘭達夢露、坎城導演雙週SACD獎得主諾艾米勞佛斯基、凱薩獎最佳男配角弗朗索瓦貝蘭演技派群星同台飆戲 ★ 《美好拾光公司》《從前的我們》製片團隊妙趣橫生新作 ★ 《大藝術家》《情陷高達》凱薩獎最佳攝影得主掌鏡 ★ 用幽默而諷刺的角度，闡述一個關於團結與性別平等的普世故事  波萊特（茱麗葉畢諾許 飾）和丈夫長年在法國阿爾薩斯的比奇開設一所家政學校，在那個婦女對丈夫百依百順的年代，他們的任務是訓練年輕女孩成為完美的家庭主婦。在丈夫驟逝後，波萊特發現學校處於破產邊緣，她必須肩負起拯救學校的責任。在準備參加一個家政競賽電視節目的過程中，正值1968年五月風暴全國抗爭之時，波萊特和她的活潑學生們一直以來的信念，也逐漸開始動搖。於此同時，波萊特與初戀重逢，並加入了女學生們的陣營，一同克服被壓迫的狀態，走向成為自由女性的康莊大道。,片長：01時48分,喜劇,,/code/media/movie/images/完美嬌妻養成班.jpg,3.3,2020-09-04,完美嬌妻養成班
65,★迪士尼經典動畫《花木蘭》真人版登上大銀幕 ★仙女姐姐劉亦菲化身花木蘭 ★穿上戰袍挑戰高難度武打動作 ★集結亞洲巨星功夫皇帝李連杰、《葉問》甄子丹、國際影后鞏俐同台飆戲  迪士尼帶來的《花木蘭》，重新再現了有著數百年歷史的中國詩歌中，不朽的傳奇女戰士。這部真人電影秉承其中國的根源，也呈現了華裔巨星與年輕新秀的精彩結合。  知名電影人妮琪卡羅將花木蘭的史詩傳奇化為現實，變成一場激勵人心的精彩冒險，一位無畏的年輕女子出於對家庭與國家的愛而冒著生命的危險，成為中國史上最偉大的戰士之一。當皇帝頒佈法令，每個家庭都要派出一人從軍服役，以保衛國家免受北方侵略者的危害，花木蘭，一位知名戰士的長女，代替她年老體衰的父親，假扮成男人，花軍。她通過每一次的考驗，充分利用她的內在力量，發揮自己真正的潛力。這個史詩般的旅程，將她轉變為一位優異的戰士，並讓她贏得國家的感謝與尊敬，以及父親的引以為傲。 ,片長：01時55分,奇幻,,/code/media/movie/images/花木蘭.jpg,2.6,2020-09-04,花木蘭
89,★一位失去母親的女兒、一位失去女兒的母親、一位失去摯友的閨密，她們攜手走出傷痛，一起追逐夢想！ ★最溫馨動人的劇情、最療癒的美食旅程！ ★重啟荒蕪已久的味蕾，喚醒靈魂深處的烘焙魂！ ★獻給每一位追求夢想與愛的您！  19歲的柯麗莎（Clarissa）決心要實現母親莎拉（Sarah）生前想在諾丁丘開一家烘焙店的夢想，在母親閨密好友伊莎貝拉（Isabella）以及一直過著與世隔絕生活的古怪祖母咪咪（Mimi）的幫助下，她們在倫敦共同啟動了開店的夢想，為了這個夢想，她們必須學習跨越悲傷、懷疑和意見分歧，而將這三個世代女性緊緊牽繫在一起的力量，源自於對莎拉的愛與思念。 夢想中的烘焙屋歷經了現實的種種考驗，終於復刻出莎拉夢寐以求的滋味，烘焙屋裡充滿了香氣、愛、希望和五彩繽紛的美味甜點，動人的滋味在舌尖綻放，同時也為來自世界各地的思念旅人們，訂製專屬於自己的幸福滋味。  本片的取景地諾丁丘（Notting Hill），也是休葛蘭與茱莉亞羅勃茲主演電影《新娘百分百》的英文片名及拍攝地，有著迷人風景和人文景觀，像甜點般五顏六色的街道房屋，世界各地的移民在此居住融合，彷彿是世界地球村的縮影。 ,片長：01時38分,,,/code/media/movie/images/訂製幸福滋味.jpg,3.8,2020-09-11,訂製幸福滋味
97,★ 2020白色情人節，最純粹可愛，又帶有一絲傷心的初戀告白 ★ 億萬名導林孝謙編劇，改編知名作家肆一同名暢銷作品 ★ 集合台灣新生代清新組合，再造愛情電影全新CP  田筱湘（陳妤 飾）是個熱愛肆一散文及塔羅牌算命的女孩，但內心深處，她還有另一個摰愛，就是青梅竹馬的李助豪（曹佑寧 飾），在她求神問卜算出天時地利人和的時機，準備要告白時，李助豪竟先向校花網紅，也是她的好友宋依靜（林映唯 飾）告白了！  宋依靜卻對李助豪開了交往條件，她要求李助豪展現追求誠意的任務就是必需促成3對絕緣的男女展開戀情！包括：冰山美人的美術老師史東與暗戀她多年的健身房老闆劉志晾，還有全校最討人厭的怪妹阿余，她病態般的不停向校草羅丹尼公開示愛，以及黑社會大姊頭御姊竟然看上了哲學系的阿山，要讓這3對神組合交往，簡直是MISSION IMPOSSIBLE。  一向是工具人的李助豪竟傻傻同意要求，消息一出轟動全校，其實束手無策的他趕忙向好友田筱湘求援。田筱湘初戀破滅，卻因捨不得看著好友難過，不得不懷著複雜心情，半推半就下同意幫忙，她心中的初戀會走向剛剛好的完美結局嗎？ ,片長：01時48分,劇情,,/code/media/movie/images/可不可以，你也剛好喜歡我.jpg,4.6,2020-08-21,可不可以
89,★ 日本人氣NO.1 的「角落小夥伴」首躍大銀幕！全新角色「小灰雞？」獨家登場！ ★日本票房大賣14億日幣，蟬聯4週日本動畫片冠軍，超過120萬名觀眾感動推薦！ ★ 不只風靡兒童界！超感人劇情受封「給大人看的催淚神作」，進場必備衛生紙！ ★ 榮登日本兩大知名網站「PIA映畫生活」、「Filmarks映畫」觀眾首日滿意度冠軍！  為了夥伴，再踏出一步，勇敢走出角落吧！ 這天，角落小夥伴們一如往常地窩在他們最熟悉的角落咖啡廳，卻意外發現地下室中一本古老繪本，正當大家看著繪本時，書上的圖案卻突然動了起來，將他們都吸進了繪本世界裡，還變成了桃太郎、小紅帽與賣火柴的女孩等童話故事的主角！正當小夥伴們不知所措時，遇見了一隻不知道自己從何而來的「小灰雞？」，為了幫忙這位孤零零的新夥伴找到回家的路，小夥伴們決定勇敢走出角落，踏上一段奇幻的童話冒險旅程！,片長：01時06分,動畫,,/code/media/movie/images/角落小夥伴電影版：魔法繪本裡的新朋友.jpg,3.8,2020-07-10,角落小夥伴
86,劇情描述律師貞仁（申惠善 飾）得知罹患失智症的母親花子（裴宗玉 飾）涉嫌下毒殺人，因故與家人失聯多年的她懷疑事有蹊翹決定親自出手調查。追查案情的過程中，貞仁遭遇各方層層阻撓，到底她該自保並為母親翻供，揭開這樁謀殺案背後隱藏多年、不可告人的醜陋真相？,片長：01時51分,,,/code/media/movie/images/翻供.jpg,4.0,2020-07-22,翻供
100,★榮登韓國六月新片票房冠軍 ★經典神劇《信號》、《毒戰》演技派男星 趙震雄 再度化身正義警探，追查謎樣多重真相 ★韓劇多產作品實力派 裴秀彬 X《與神同行》鄭海均  名叫炯求的刑警(趙震雄飾) 前來調查小鎮上發生的神祕火災，他探查每一個村民，卻得不到任何線索，全村總有種不安的詭譎氣氛。一晚，村民們邀請炯求作客，酒後三巡，炯求失去意識，第二天他醒來時，全村民卻尊稱他為“老師”，炯求漸漸意識到他變成了小鎮上另一個身分…這到底是一場夢、騙局、還是現實…他要如何發掘這一連串的謎團真相！？,片長：01時45分,懸疑/驚悚,,/code/media/movie/images/雙面追緝.jpg,3.4,2020-07-31,雙面追緝
82,★ 2020柏林影帝之作．義大利梵谷 傳奇再現 ★ 20世紀瘋子天才畫家 安東尼奧利加布 傳記 ★ 坎城影帝 艾利歐傑曼諾 脫胎換骨驚人詮釋 ★ 榮獲 義大利銀緞帶最佳年度電影 多項大獎  一生瘋狂，卻無法阻止他創作 電影回顧 安東尼奧利加布 震驚全義大利的戲劇性人生，自幼就展現繪畫天賦的他，童年卻十分坎坷，義大利父母非法到德瑞邊境打零工，母親過世後，被送給一對夫妻收養，但精神問題卻讓他不受歡迎，隨著身分問題被揭發，而被迫遣送回義大利。一生顛沛流離，進出精神病院無數次，直到認識了一名雕刻家，開始學習畫畫和雕塑，而成為了20世紀重要的素人藝術畫家。電影由義大利金像導演 喬治歐迪里蒂 指導，今年柏林影展首映獲得熱烈回響，義大利金像三度稱帝的坎城影帝 艾利歐傑曼諾 如附其身的強大演技，更是不負眾望一舉榮獲柏林影展最佳男主角等多項國際大獎，重新喚起藝術史上一代狂人的傳奇色彩。,片長：02時00分,,,/code/media/movie/images/隱藏的畫家.jpg,4.0,2020-08-07,隱藏的畫家
96,★ 繼《安娜貝爾》《陰兒房》後，最驚悚恐怖懼作！ ★ 取材自真實駭人事件，揭發歐洲病院不為人知的黑歷史！  走的進去，躺著出來.. 懷有身孕的女醫師碧昂卡（卡羅麗娜 飾）剛來到一家兒童病院的夜班任職，上工首日便聽聞前任醫師於院中墜樓身亡的消息。某日夜晚巡房，她遇見6號床上一位尋找母親的哭泣男童，從此成了她惡夢的開端。碧昂卡開始產生詭異幻覺、且接連遭逢怪事，甚至短暫失去意識差點跳下樓，她逐漸發現這間醫院隱瞞了的一個個可怕的駭人秘密….為了活下去，她必須找出這男孩身世，以及揭開這不可告人的恐怖真相…,片長：01時52分,懸疑/驚悚,,/code/media/movie/images/6號鬼病床.jpg,2.9,2020-08-07,6號鬼病床
83,在愛情的世界裡，我們是彼此的怪胎。 陳柏青是一名嚴重神經性強迫症患者，有非常嚴重的潔癖，非不得已要出門時都是全副武裝；穿防塵衣、戴手套、戴口罩，還會不停的洗手，所以他幾乎沒辦法正常社交生活。在一般人眼中，柏青就是個異於常人的怪胎。每月的15號是柏青唯一一天出門採買的日子，就在某個命運的15號，他遇見了與他「同病相憐」的另一個怪胎—陳靜。陳靜除了跟柏青一樣有嚴重的潔癖之外，她的皮膚只要在家以外的地方待上超過四小時就會嚴重過敏，全身長出紅斑。原本以為自己要永遠孤單活在這世界上的兩人，老天爺讓他們相遇，發展出一塵不染的愛情，彷彿擁有了彼此就不再害怕被世界遺棄。然而這段看似命中註定的關係，卻在柏青的強迫症突然消失後，漸漸的變了調…愛情的承諾，真的能永保新鮮嗎？ ,片長：01時44分,劇情,,/code/media/movie/images/怪胎.jpg,4.0,2020-08-07,怪胎
97,《天劫倒數》故事敘述一顆名為「克拉克」的彗星，從地球旁邊高速掠過，其大型碎片落入地球，造成城市毀滅與難以估計的生命財產損失。政府緊急開放給某些人有資格躲入地下緊急避難所，以躲避48小時後更具毀滅性的隕石衝擊，約翰蓋瑞迪(傑哈巴特勒 飾)雖然不明白自己為何被選中，但是他決定把握這個機會，為自己與家人爭取活下去的機會。,片長：02時00分,,,/code/media/movie/images/天劫倒數.jpg,3.9,2020-08-12,天劫倒數
78,★東森幼幼台最熱門日本卡通登上大銀幕！  為了搶奪地球，新的敵人以及謎之巨大怪物體從宇宙出現。 超進化研究所秘密開發的“新幹線戰士ALFA-X”是掌握著一切的關鍵！  由於突然出現的敵人強大攻擊導致父親北斗失踪了，隼人變得坐立不安。此時，出現在他面前，竟是穿越時空而來的“9歲北斗”。隼人為了守護地球，少年北斗想返回自己原本的世界，兩人找上最新技術“新幹線戰士ALFA-X”的駕駛員，並集合北海道支部、山形支部、大宮支部、名古屋支部、京都支部、門司支部的“新幹線戰隊”對抗宇宙最強的敵人！  新幹線戰隊能否維護日本的和平安全？ 隼人和父親北斗能否再會？ 少年北斗是否能平安回到原本的世界？  所有謎團只在大銀幕完整揭曉！ ,片長：01時19分,,,/code/media/movie/images/劇場版新幹線變形機器人—來自未來的神速ALFA-X.jpg,3.2,2020-08-14,新幹線變形機器人
92,★ 七夕情人節 戀愛電影首選 ★ 新海誠力推！岩井俊二 繼情書後最動人的純愛的電影書寫 ★ 時隔22年 松隆子&福山雅治再結戲緣  裕里的姊姊未咲撒手人寰。裕里（松隆子 飾）在告別式上，從外甥女鮎美（廣瀨鈴 飾）口中得知，有一封寄給未咲的同學會通知。裕里前往姊姊的同學會，想告知姊姊過世的消息，卻被眾人誤認為是曾為校花的姊姊，並且與她的初戀對象鏡史郎（福山雅治 飾）重逢。  一場誤會開啟了裕里與鏡史郎之間奇妙的書信往來。學生時期的鏡史郎（神木隆之介 飾）和少女未咲（廣瀨鈴 飾）以及少女裕里（森七菜 飾）之間淡淡的初戀情誼，又彷彿透過往返的信札鮮活起來。書信悄然串起他們的心，讓未咲死亡的真相、過去及現在，以及各自深藏在內心的初戀情懷，即將穿越時空有新了的發展───  催生出《情書》、《燕尾蝶》、《四月物語》、《花與愛麗絲》等經典名作的電影導演──岩井俊二。他闖蕩影壇的20多年當中，巧妙地切入各個時代，刻劃出各種當代的愛情。每部作品都有忠實支持者的岩井俊二導演，首度以自身的出身地「宮城縣」作為故事背景，讓錯過的書信情牽兩個世代的男女，《最後的情書》描繪出他們各自的心靈重建與成長。大師岩井俊二的新片，集結到松隆子、廣瀨鈴、庵野秀明、森七菜、神木隆之介、福山雅治等超豪華卡司，老班底中山美穗和豐川悅司也來友情客串。不但讓人重溫名作『情書』的世界，並構築出全新的娛樂視角。 ,片長：02時01分,劇情,,/code/media/movie/images/最後的情書.jpg,4.0,2020-08-21,最後的情書
78,他搶救岌岌可危的最後正義，卻掀起更猛烈的滔天巨浪… 柏林豪華飯店發生了一起殘暴命案。85歲的財團企業家漢斯麥爾，遭凶手柯里尼（法蘭柯尼洛 飾）以行刑式槍擊頭部三槍，面目全非、當場死亡。嫌犯雖旋即自首並坦承犯案，卻一心求死、對殺人動機三緘其口。案情陷入膠著下，檢察官只得將柯里尼以謀殺罪起訴…。  承接此案的菜鳥辯護律師卡斯帕萊恩（埃利亞斯穆巴里克 飾），懷抱年輕壯志，堅持徹查真相。這看似能讓他成名的大好機會，卻瞬間竟成了夢靨：他發現死者竟是他好友的祖父，更是成長過程中對他情深義重的長輩。這位人人敬重的企業家漢斯麥爾，與殺他的車廠退休工人柯里尼之間，究竟有著什麼深仇大恨？  情感糾葛、案情膠著，全國民眾開始關注這起謀殺懸案。萊恩的昔日教授李察馬汀格（海納勞特巴赫 飾），此時以控方律師身份加入庭審，為他帶來極嚴重威脅。馬汀格跟萊恩提出交易：只要說服柯里尼吐實認罪，將協助他保住一命。不料當凶器證物曝光，瞬間勾起萊恩的記憶，他立刻申請延緩審判，欲藉新物證來進行翻案…。萊恩執意踏入險境，在司法的顢頇巨輪之下，搶救岌岌可危的最後正義，卻在司法世界掀起了更猛烈的滔天巨浪…。  【關於電影】  脫罪懸案首登大銀幕《罪人的控訴》揭開動搖國本的案外案 犯罪懸疑電影《罪人的控訴》（The Collini Case）改編自德國律師作家費迪南馮席拉赫（Ferdinand von Schirach）最暢銷小說《誰無罪》，從一起謀殺案、發現其中還隱含另一個更讓人背脊發涼的驚悚事件，一個連殺人兇手都無法追緝、正義也無法伸張的歷史懸案。票房名導馬可克魯茲沛納（Marco Kreuzpaintner）成功改編這個司法殺人案件故事，看似犯罪電影，更是法學推理傑作。電影除震驚德國上下，更逼出貌似沉著冷靜的德國人、一度不願面對的真相，連續七週稱霸德國電影票房冠軍，創下2億多台幣的票房佳績，並獲美媒大推「力道震撼，值得一看！」。  《罪人的控訴》劇情描述：柏林豪華飯店發生一起殘暴命案。85歲的企業家漢斯麥爾，遭凶手柯里尼以三槍行刑式槍決、當場死亡。嫌犯對殺人動機三緘其口，承接此案的菜鳥辯護律師卡斯帕萊恩誤觸險境，意外掀起了動搖國本的滔天巨浪…。該片由德國首屈一指的康斯坦丁影業製作，除遠赴羅馬、三顧茅廬請出義大利影帝法蘭柯尼洛（Franco Nero）飾演關鍵兇手「柯里尼」，更邀請「票房金童」埃利亞斯穆巴里克（Elyas M'Barek）飾演「菜鳥律師萊恩」。曾以《不良鮮師》、《無聊的人生我死也不要》等片瘋迷德國的埃利亞斯穆巴里克，片中展現出並不符合大眾印象中的律師形象，除賦予該片不同的層次，更超越世代、滿足觀眾追求正義的渴望，被形容「既感動又驚悚」。  《罪人的控訴》全片在德國東北部的烏克馬克縣「阿倫策城堡」拍攝，並應劇情需要，遠赴義大利佛羅倫斯小鎮取景。導演馬可克魯茲沛納為精準呈現片中的三個時代，甚至同時動用數位攝影機搭配變形寬銀幕鏡頭、35底片加上球型鏡頭進行拍攝，效果令人驚艷。全片陣容堅強，光是有台詞的角色就有46個，法庭戲在柏林郊區搭景拍攝時，不僅6名主要演員都在，現場更有近百名臨時演員。  最驚人的是，電影《罪人的控訴》還勇敢挑戰了德國司法，觸及被視為法界醜聞的「德雷爾法」（Dreher Law）＊。藉由一起謀殺案、帶出該法案足以動搖國本的秘密真相，除表達捍衛正義的重要性，更期許該法案能在未來某個時刻，獲得最公正的解決。,片長：02時03分,懸疑/驚悚,,,3.9,2020-05-29,罪人的控訴
80,《黑暗騎士》由上集《蝙蝠俠：開戰時刻》的導演克里斯多夫諾蘭（Christopher Nolan）與飾演蝙蝠俠（本名布魯斯韋恩）的男主角克利斯汀貝爾（Christian Bale）再度聯手打造全新的蝙蝠俠系列。  蝙蝠俠全力打擊犯罪活動，這次加上正義警官吉姆戈登和地方檢察官哈維丹特的鼎力相助，蝙蝠俠蓄勢待發剷除危害高譚市的犯罪組織。蝙蝠俠與兩位官方人物的合作雖然更具優勢，不過他們很快就發現自己成為敵人鎖定的目標，此人便是高譚市居民聞之喪膽的「小丑」（Joker），正是勢力漸大的犯罪組織首領。他在高譚市掀起一片混亂，使得替天行道的除惡英雄蝙蝠俠再次出擊。  本片的演員陣容堅強，曾獲奧斯卡獎提名的希斯萊傑（Heath Ledger，《斷背山》）飾演「小丑」這個邪惡的壞蛋角色；亞倫艾克哈特（Aaron Eckhart，《料理絕配》）飾演地方檢察官哈維丹特；瑪姬賈倫荷（Maggie Gyllenhaal，《口白人生》）飾演蕾秋道斯；《蝙蝠俠：開戰時刻》中已現身的蓋瑞歐德曼（Gary Oldman，《哈利波特》系列）飾演警官吉姆戈登；奧斯卡獎得主米高肯恩（Michael Caine，《心塵往事》）飾演老管家阿福潘尼沃斯；以及奧斯卡獎得主摩根費里曼（Morgan Freeman，《登峰造擊》）飾演盧修福克斯。,片長：02時32分,科幻,,/code/media/movie/images/黑暗騎士.jpg,4.2,2020-05-29,黑暗騎士
100,《銀翼殺手最終版》是一部黑色反烏托邦的科幻電影，由英國知名導演雷利史考特執導，探討21世紀複製人倫理及道德問題，片中絕美的視覺特效及敘事節奏，被認為是賽博龐克（Cyberpunk）類型的經典始祖，影響後世無數的科幻作品。多年來雖有不同版本，但2007年由導演雷利史考特親自監督操刀的最終版，有著更多令人驚豔的影像畫面及劇情內容，被影迷視為最精彩的版本。華納兄弟電影6月12日（週五）起將重新上映《銀翼殺手最終版》，並於今（29）日釋出該片的海報及預告，呈現38年前所描繪的21世紀未來故事，邀請全台觀眾體驗一個與現在不一樣的未來世界。  《銀翼殺手最終版》電影根據科幻小說家菲利普狄克1968年的小說《仿生人會夢見電子羊嗎？》改編，故事背景設定在21世紀的未來世界中，科技昌明卻道德淪喪、早已不適合人類生存，因此透過基因科技生產複製人於外太空殖民地從事危險、卑下的奴隷工作，然而違反禁令、跑到地球的複製人，則有「銀翼殺手」的特別警察負責追捕、使其「退役」。由哈里遜福特飾演的戴克即是一名銀翼殺手，在追捕複製人瑞秋（西恩楊飾演）的過程中感受到複製人存在及生命本質的複雜問題。  《銀翼殺手最終版》深刻探討基因工程倫理、複製人與人類的人性及道德觀的哲學問題，儘管全片艱澀及陰鬱的末日氣氛無所不在，然而其美術設計、配樂及特效的相互搭配展現對未來世界的想像，也運用大量的比喻及類比供觀眾理解，進而多面向思辨人的存在價值。該片重新定義科幻電影概念，上映多年來仍擁有崇高的地位，維持IMDb 8.1、爛番茄90%高分。,片長：01時57分,科幻,,/code/media/movie/images/銀翼殺手最終版.jpg,3.5,2020-06-12,銀翼殺手
88,★SXSW西南偏南電影節話題電影，首波爛番茄影評100%好評！ ★改編不凡的真實故事! 歡笑感人更勝《逆轉人生》《一路玩到掛》 ★沒有走不動，只有不想動! 人生苦短，必須性感! 說走就走，帥氣勇敢! ★美聲天籟網路人氣王《魚乾》優雅詮釋，電影同名中文主題曲<最瘋狂的旅程>  故事講述三個正值青春年少、性致勃勃的少年：全身癱瘓的史考特、重度視障的阿莫和罹患腦瘤必須坐輪椅的麥特。在聽聞有間專為殘疾人士提供「特殊」服務的天堂俱樂部後，決定排除萬難也要讓自己轉大人。  他們開始安排名為“湖光之旅”計畫，並說服父母讓他們結伴去旅行；但卻遭到父母的強烈反對。三個大男孩開始密謀B計畫，不開葷誓不罷休！三個行動不便的好友，加上看護，四人奇妙組合一起勇闖天涯，遇見前所未有的驚喜，個性南轅北轍的四人，在朝夕相處下，改變彼此無趣的人生。  正當萬事俱備、美夢即將成真的前夕，麥特的病情卻惡化，計畫近乎停擺。父母們也從蛛絲馬跡中，找到下榻飯店，企圖阻止更多事情的發生…,片長：01時47分,,,/code/media/movie/images/最瘋狂的旅程.jpg,3.8,2020-06-19,最瘋狂的旅程
83,萊拉日以繼夜地在一間老舊的工廠工作，只為餬口並養活12歲的兒子阿米爾與剛出生的寶寶。此時一個足以拯救她貧困生活的提議出現，工廠的巴士司機卡贊打算娶她，但麻煩的是，卡贊也有一個跟阿米爾差不多大的女兒，在傳統禮節下，改嫁的萊拉是不能帶與男方女兒年齡相近的大兒子進門的。社會大眾無情的眼睛，以及公司同僚心懷不軌的看好戲，萊拉如果要擺脫她的悲慘命運，只有一個辦法。迫於無奈，她只好將阿米爾送去聾啞寄宿學校，她要兒子裝聾作啞等她三個月，三個月確認完婚後就會接他回來。實際到了那邊的阿米爾，才發現身邊同學都是一些被媽媽永遠拋棄的小孩，所以他決定逃回家，然而屢次回去他都會因看到媽媽的辛苦而不捨再回來。阿米爾必須做出他小小年紀的第一個重大決定......  【關於電影】  這是伊朗第一部以國家遭受國際經濟制裁為背景，描寫底層人民悲苦生活的電影。曾因支持女權運動數度入獄的導演瑪娜莫罕瑪迪，透過自己多年拍攝紀錄片的訓練，以一種慈悲並富有感情的寫真手法，刻畫一對母子在面臨傳統文化逼迫下，難能可貴的親情關係與複雜幽微的道德人性。,片長：01時42分,,,/code/media/movie/images/親愛的小孩.jpg,3.9,2020-06-24,親愛的小孩
99,★改編自日本知名作家貴志祐介經典作品《黑色之家》，獲得日本驚悚小說大賞首獎，暢銷突破百萬冊 ★金馬影后林嘉欣改頭換面扮傷殘的怪媽媽，聯手金獎影帝黃秋生合作，飆出嚇人神演技 ★一條人命值多少錢？一對古怪夫妻的兒子上吊自殺，保險員直覺是詐領保險金的謀殺案，越調查就越陷入危機之中  保險經紀葉永信（陳家樂 飾）做事熱情認真，一天突然被神秘客戶指定跟進一張保單，上門拜訪時，竟然親眼目睹客戶朱重德（黃秋生 飾）的兒子吊死在潻黑的房間內，嚇出一身冷干的他，認為朱重德在現場的反應古怪，直覺認定他是為了詐取保險金而殺了兒子，決心對朱重德和他殘障的妻子沈子玲（林嘉欣 飾）展開調查。  葉永信卻驚覺越接近真相的同時，恐嚇的事件接二連三地發生，危險向他和他身邊的人逐步逼近，他也處身死亡邊緣...。,片長：01時50分,,,/code/media/movie/images/死因無可疑.jpg,4.2,2020-07-03,死因無可疑
83,★榮獲各地影展觀眾票選獎，媒體譽為法國的史蒂芬史匹柏傳人。 ★結合奇幻、愛情、親情、冒險元素，劇情高潮起伏，結局動人  來自孤兒院的男孩西蒙天生具有兩個超能力：變成任何人的外型、和傷口的極速復原。  在一次校外教學的巧遇，西蒙與湯瑪斯、麥德琳兄妹相遇，三人一拍即合，成爲摯友。兄妹倆隨後邀請西蒙到他們山上的家中度假，分享彼此的秘密，西蒙向他們展示自己的超能力，當晚三人立下了結拜兄弟姊妹的誓約。  隔天湯馬斯和西蒙一同開心到鄰近的森林出遊，不幸卻意外發生，最後回到家中的，是化身成湯馬斯的西蒙。  西蒙就這樣以湯馬斯的身份在他們家長大成年……  然而隱藏在湯馬斯外型底下的西蒙還是有許多被壓抑住的憂慮，除了個人飲食上的差異、興趣志向，也對患有先天性疾病的麥德琳產生了超越家人的情愫。西蒙原以為可以這樣生活可以快樂過一輩子，但秘密隨時可能會被揭發，他嚮往的人生並沒他想像中的簡單容易。  此科幻的類型電影在法國非常罕見，在各地影展放映時屢次獲得觀眾票選獎，亦被法國媒體譽為有如史蒂芬史匹伯作品般單純且動人的劇情電影。 ,片長：01時43分,科幻,,/code/media/movie/images/超能西蒙的奇幻旅程.jpg,3.9,2020-07-03,超能西蒙的奇幻旅程
67,一個人該如何改變世界？,片長：02時20分,科幻,,/code/media/movie/images/蝙蝠俠：開戰時刻.jpg,4.0,2020-05-29,開戰時刻
78,《黑暗騎士：黎明昇起》是名導演克里斯多福諾蘭《蝙蝠俠》三部曲的史詩終篇。,片長：02時44分,科幻,,/code/media/movie/images/黑暗騎士：黎明昇起.jpg,4.2,2020-05-29,黎明昇起
72,★ 想登大人？少年郎脫魯必看寶典 ★ 荒謬「性」喜劇國片　人不中二枉少年 ★ 濃濃青春賀爾蒙的冒險電影  神器以巨屌跟處男聞名於學校間，有令人羨慕的身體和單純直男腦袋。  阿烈，來自香港的富家子，聰明搞怪。  行影不離的兩人是學校裡的最佳拍檔，成日盡惡搞些白爛事。在神器十八歲生日當天，好兄弟阿烈堅持要帶神器破處，於是在網路上約熟女姐姐來幫助神器破處「轉大人」。但這場破處之夜，竟然讓這對難兄難弟得要開始準備跑路？！ ,片長：01時41分,喜劇,,/code/media/movie/images/破處.jpg,2.7,2020-07-03,破處
96,★ 日本上映票房大破52億日圓，創下歷史新紀錄 ★ 劇本由《你的名字》《怪物的孩子》王牌製作人川村元氣執筆 ★ 《月薪嬌妻》人氣男星星野源演唱同名主題曲〈哆啦A夢〉 ★ 集結日本豪華卡司長澤雅美、大泉洋等巨星加入配音行列  出發尋寶 「我一定會找到金銀島！」大雄這麼對胖虎宣言後，就向哆啦A夢求救，使用道具「尋寶地圖」尋找金銀島。而地圖指示出來的位置，居然是太平洋上莫名冒出來的新島嶼……。  海盜來襲 大雄一行人搭著名為「大雄奧拉號」的船前往金銀島，就在即將靠岸時，卻有海盜來襲！面對突然現身的敵人，大雄他們陷入一陣苦戰，此時靜香卻被抓到海盜船上了！  「找到的是，超越寶物的寶物」 海盜們逃走後，大雄他們遇到了一名在海上漂流的少年「弗洛克」與機器鸚鵡「謎題」。弗洛克是從海盜船逃出來的機械工，而且知道金銀島隱藏的重要秘密！究竟大雄他們是否能夠從海盜手中救出靜香！？而沉眠於金銀島上的財寶究竟又有什麼秘密！？,片長：01時48分,冒險,,,4.4,2018-06-29,大雄的金銀島
89,在有罕見疾病孩子的家庭裡，爸爸，常常是最先落跑的那個人。,片長：01時55分,紀錄片,,/code/media/movie/images/一首搖滾上月球.jpg,4.2,2013-10-04,一首搖滾上月球
92,,片長：01時46分,,,,3.9,2018-07-20,願望咖啡館
68,★女主角全度妍榮獲第60屆坎城影展影后大獎，成為影史上第一位韓國籍坎城影后！動人且富層次的深度演技詮釋，橫掃當年韓國與國際影展無數女主角獎項 ★入選坎城影展主競賽單元，獲得國際傳媒一致好評，堪稱韓國電影殿堂級大師，李滄東國際聲譽最高峰作品 ★擊敗同年多部好評強檔，代表南韓角逐2008年奧斯卡最佳外語片大獎 ★十周年數位修復高畫質版本，影迷千呼萬喚，終於首度登上台灣大銀幕  33歲的李申愛（全度妍飾）在丈夫車禍身亡後，不願再觸景傷情，因此帶著兒子逃離首爾來到亡夫的故鄉－密陽。前往密陽的途中車子卻意外拋錨，於是電話找來了修車廠老闆宗燦（宋康昊飾）。沒想到宗燦竟然對這個陌生女子一見鍾情，這個像密陽一般平凡無奇的男子，就這樣不求回報的陪伴在申愛身邊。  來到密陽這個小城的申愛，無法完成鋼琴家夢想的她，開了一家鋼琴學院，希望可以展開一個嶄新的人生。沒想到某天兒子竟然被綁架撕票，幾近崩潰的申愛找不到活下去的目標與勇氣，最後在鄰居的帶領下走進教堂，透過宗教信仰減輕傷痛、學習寬恕惡人。表面上的她似乎在上帝的懷抱中找到重生的勇氣，事實上她的內心仍然一蹶不振，悲傷與絕望將她一步步推向痛苦的深淵。  無法預期的生命起伏轉折，是否會在申愛經歷谷底後找到出口？,片長：02時23分,,,,2.9,2019-02-28,密陽
90,★ 真人真事感人改編，榮登英國票房冠軍，笑淚交織好評如潮！ ★ 致敬影史最傳奇的喜劇天團！見證一生相隨的動人友誼！ ★《無敵破壞王》約翰萊利，強勢問鼎金球獎音樂喜劇類「最佳男主角獎」！ ★倫敦影展首映轟動，全場觀眾一致爆哭淚推！ ★ 熱烈好評一路延燒！爛番茄新鮮度超越92%！ ★ 獻給喜劇的一封情書！展現最純粹的表演之魂！ ★ 榮獲波士頓影評人協會獎「最佳男主角獎」肯定！ ★ 榮獲英國奧斯卡「最佳英國電影」等三項大獎提名！ ★ 榮獲英國獨立電影獎「最佳男主角獎」等七項大獎提名！ ★ 榮獲聖地牙哥影評人協會獎「最佳女配角獎」等三項大獎提名！  朋友一生一起走，這種友誼不再有  一胖一瘦的「勞萊與哈台」，曾是世界上最受歡迎的喜劇雙人組，但隨著時間推移，這個「喜劇天團」的人氣卻逐漸下滑，逐漸消失在觀眾眼前。面對這樣的狀況，他們決定展開巡迴演出，試圖力挽狂瀾。雖然一開始觀眾寥寥可數，但他們憑藉絕佳默契、幽默橋段，以及說學逗唱的本領，逐漸抓回大批粉絲的心，最後甚至轟動到一票難求。不料此時，哈台（約翰萊利飾演）的健康出現警訊，而他與搭檔勞萊（史帝夫庫根飾演）之間，深埋在心中多年的矛盾也逐漸浮出檯面。在醫生的嚴正警告之下，哈台決定停止演出。不過深愛表演、更珍惜彼此友情的他們，又該如何放棄心目中最愛的舞台呢…？  【關於電影】  我們的人生會變，但友誼永遠不變 在1920年代至1940年代，「勞萊與哈台」是全世界最受歡迎的喜劇雙人組合。他們幽默的表演不受語言和文化侷限，在世界各地擄獲大批粉絲。在1927年到1950年間，他們留下超過107部影像作品，其中還包括32部無聲短片、40部有聲短片、23部電影、12部客串演出。這些喜劇電影，在美國早期「古典好萊塢時期」當中佔有重要地位，不但使他們成為「搞笑」及「友誼」的代名詞，更被後世評價為影史最偉大的喜劇雙人組。  由「勞萊與哈台」真人真事改編的電影《喜劇天團：勞萊與哈台》，劇情聚焦兩人演藝生涯的最後一次巡迴演出。曾入圍奧斯卡金像獎的編劇傑夫波普（Jeff Pope）形容本片：「兩個名滿天下的喜劇泰斗，即使住在破爛的客房、在狹小的劇院演出，卻依然努力不懈地持續巡演。連他們自己都沒有發現，他們願意這樣做，全是因為對彼此的愛。」他更感性透露：「他們之間的動人友誼，激發我寫出這部電影，這是一個關於『愛』的故事。」製片人費耶沃德（Faye Ward）也補充：「本片不只是關於『勞萊與哈台』，更是關於兩個好友之間的深厚友誼。他們互相扶持，共同經歷生命的起伏與榮辱。本片以細緻的手法，描繪他們在彼此生命中扮演什麼樣的角色，同時也讓觀眾看到，這兩位偉大的表演者，在他們生命軌跡中所碰撞出來的驚人火花。」  本片演員也是一時之選。史帝夫庫根（Steve Coogan）過去曾和編劇傑夫波普合作過入圍奧斯卡金像獎「最佳影片」、「最佳改編劇本」等四項大獎的《遲來的守護者》（Philomena）。他在讀完劇本之後，馬上就同意參與演出，並表示：「劇本的切入點非常聰明，因為過去每當創作者試圖去總結某人的一生時，通常效果並不會那麼好，但傑夫選擇細膩描寫這場巡迴演出的點點滴滴，並從中見微知著。觀眾可以從每個時刻當中，真切認識『勞萊與哈台』的其言其行。」他進一步分析：「當演員主導劇本創作的時候，通常演員本人和所扮演角色之間，都會有一定程度的相似性，所以我希望透過這部電影，讓觀眾看到喜劇演員台上、台下的重疊之處。而對『勞萊與哈台』的粉絲來說，我認為我們真的透過電影，榮耀了觀眾對『勞萊與哈台』的記憶。而對於不熟悉『勞萊與哈台』的觀眾來說，這依然是部感動人心、同時極具娛樂效果的作品。我們在片中重現許多『勞萊與哈台』的經典橋段，而且我們將這些橋段拍得非常有趣，即使現在的觀眾也會捧腹大笑！」  製片人費耶沃德繼續補充：「這是一部新、舊觀眾都能夠享受的電影，尤其『勞萊與哈台』在全球有成千上萬的粉絲，甚至有很多現在當紅的喜劇演員，也都是他們的忠實粉絲。即使到了今天，依然有許多人不斷受到『勞萊與哈台』的激勵和啟發。我想即使是還不認識他們的觀眾，也絕對能夠從這兩位喜劇大師身上，感受到鼓舞與啟發！」 ,片長：01時38分,劇情,,,4.2,2019-03-22,喜劇天團勞萊與哈台
62,★「酷噗嚕啪」喊出英雄正義口號，跟著巧虎一起成為英雄吧！ ★每年專屬小朋友的電影盛事，拿著英雄變身棒，在電影院和巧虎一起加油 ★幫助巧虎、琪琪、妙妙、桃樂比解決英雄島大危機吧！ ★勇氣 團結 歡樂 好朋友 只有巧虎電影  卡歐先生的好朋友巫露露創造了英雄島，在島上大家可以與自己喜歡的英雄們認識。巧虎、琪琪、妙妙、桃樂比來到英雄島，開心的學習著自己喜歡的英雄魔法。但沒想到，英雄島突然出現了壞機器人，開始破壞英雄島，巫露露帶著英雄們準備要對抗壞人！  這個壞機器人到底是誰？  巧虎與他的好朋友們能拯救英雄島嗎？ ,片長：01時00分,動畫,,,3.4,2020-01-17,英雄遊樂園
99,★ 台灣漫迷爭相傳頌「這本BL不得了！」禁忌神作登上大銀幕！ ★ 改編《無法觸碰的愛》BL漫畫界天后Kou Yoneda最新作品！ ★ 人氣男星福山雅治大力稱讚：「超棒名作！」 ★ 各自背負的矛盾心理，對彼此隱忍而病態的愛情，虐心不已的虐戀物語！ ★ 深不可測的角色魅力，細膩描繪人物面對性、愛時的迷惘與躊躇！ ★ 富士電視台BL動畫品牌「BLUE LYNX」第一彈話題之作！ ★ 漫畫曾獲2014年腐女子網站年度大賞冠軍！ ★ 漫畫曾獲BL指標網站「CHIL CHIL」的「BL Award」五大冠軍！ ★「奧運級極速爵士樂團」H ZETTRIO打造動聽配樂！  我知曉喜歡上一個人的孤獨，也懂了對方是男人的絕望 性愛成癮的超級被虐狂「矢代」，不僅是真誠會二當家，同時也是真誠興業社長。雖然他被外界戲稱為「公共廁所」，卻從不讓人輕易看透真心。某天，他身邊來了一位名叫「百目鬼」的隨從兼保鑣。雖然矢代早就下定決心，絕不對部下出手，卻深深地被百目鬼的特質給吸引。反觀百目鬼即使被矢代的美貌所引誘，卻又因為自己的某個理由，無法對矢代做出任何回應。對自我感到矛盾的矢代、對矢代幾近愚忠的百目鬼，彼此懷抱傷痛的兩人，究竟會迎向怎麼樣的未來呢？  【關於電影】  ＜台灣漫迷爭相傳頌「這本BL不得了！」禁忌神作登上大銀幕！＞ 《鳴鳥不飛》是被漫迷們譽為「BL漫畫界天后」的作者Kou Yoneda的人氣BL作品。同時被粉絲暱稱為「攻鐵老師」的她，作品兼具娛樂與藝術性，尤其作品中的畫面、分鏡都充滿濃厚電影感，更跳脫BL漫畫當中，女性對男男戀愛幻想的既定印象，透過不同的人物刻畫與故事描述，呈現當代社會對BL風潮的觀察。這也讓她的《鳴鳥不飛》、《無法觸碰的愛》、《NightS》、《即使如此，依然溫柔地相戀》等作品，光是出道作《無法觸碰的愛》，就榮獲「這本BL不得了！」2009年的BL單元第三名肯定，之後更推出由谷口賢志、米原幸佑主演的真人版電影。  至於描繪黑社會虐心愛戀，宛如BL版《極惡非道》的《鳴鳥不飛》，更是一推出就轟動漫畫界，並獲得日本腐女子網站年度排名第1名、講談社FRaU第3屆漫畫大獎、BL指標性網站「chil-chil」的第5屆及第7屆「BL Award」漫畫部門類冠軍，更年年登上「這本BL不得了！」排行榜，無疑是不可撼動的本格派BL作品！這也讓富士電視台看上本作的潛力，成為其BL動畫品牌「BLUE LYNX」的第一彈電影版作品《鳴鳥不飛：烏雲密布》，並交由《Yuri!!! on ICE》製作公司「MAPPA」的子公司「GRIZZLY」擔綱製作；以超越以往BL動畫的超高品質，將原作的世界觀透過大銀幕完美呈現！  原著作者Kou Yoneda曾透露自己非常喜愛北野武的電影，讓她將北野武獨樹一幟的暴力美學延伸到漫畫當中。身為女性的她，更跳脫一般BL作品的角色設定，不把其中一方角色塑造得過度柔弱且女性化，反而是在俊美的外表之下，保留男子氣慨的個性，並細膩捕捉男性的心理與情感變化，再透過兩位主角各自背負的扭曲心病，還有對彼此隱忍又病態的愛情，把這份難以言喻的愛情意境，具象化到極高藝術層次。這也讓本作不但深受腐女喜愛，族群更擴大到各界男女，甚至連日前愛上閱讀BL作品的人氣男星福山雅治，都大方在廣播節目上盛讚本作是「超棒名作！」甚至還進一步表示：「我想過作品要如何真人化的問題，但如果真人化之後，會有多少演員願意接演呢？」雖然本作離真人化還有好一段距離，但如今將率先在2020年推出電影版，也將會是動漫迷們務必要進場觀賞的話題作品！ ,片長：01時26分,,,,4.3,2020-02-27,鳴鳥不飛烏雲密布
75,他的罪與美　化為巨石永恆不朽 十六世紀初，文藝復興盛世，挾著天縱之才的米開朗基羅，游移在兩大金權世家獻身藝術。一邊是現任教皇儒略二世的家族：德拉羅維雷（Della Rovere），一邊是即將入主梵蒂岡的家族：梅迪奇（Medici）。為了打造儒略二世的宏偉陵墓，米開朗基羅率領石匠翻山深入「大理石聖地」卡拉拉，賣命開採龐然巨石；另一方面，梅迪奇祭出豐厚酬勞，要他和德拉羅維雷毀約，專心修建聖羅倫佐教堂。兩方人馬交相逼迫，米開朗基羅飽受折磨。他想藉由藝術親近上帝，卻深陷人性煉獄，久久無法脫身……  本片是俄國大導演安德烈康查洛夫斯基最新力作，大銀幕上重金打造奢華的文藝復興盛宴。除了實景建構佛羅倫斯昔日城廓、震撼直擊採石場磅礡奇景，更帶領觀眾飽覽米開朗基羅經典神作《大衛》、《創世紀》、《摩西像》，見證這位藝術巨擘跌宕多姿的傳奇人生！ ,片長：02時14分,,,,3.9,2020-04-17,罪米開朗基羅
75,簡單來說… 岡薩雷斯就是個瘋子！！！ 「樂壇跨界狂人」岡薩雷斯（Chilly Gonzales）的首部電影紀錄片《閉嘴！彈琴》介紹其精彩狂妄的音樂生涯。從在家鄉加拿大接受古典音樂薰陶，到後來旅居德國柏林，展開前衛音樂事業，掀起古典融合龐克、嘻哈饒舌的樂壇旋風。他大膽翻玩鋼琴演奏的可能性，不只追求創新曲風，表演更要打破傳統，瘋狂不羈！《閉嘴！彈琴》以貼身訪談與私人影片，用完全不同的時間交織敘述岡薩雷斯傳奇的人生，不只是屬於岡薩雷斯的生涯傳記，更是一整個音樂世代的回憶。 ,片長：01時22分,歷史/傳記,,,4.1,2020-05-08,閉嘴彈琴
92,《1/2的魔法》故事背景在現代科技已比精通魔法還方便的精靈世界，精靈、人馬、美人魚、獨角獸、小龍等魔法生物都生活在現代化社區裡，過著與你我無異的「沒有魔法的生活」。由湯姆霍蘭與克里普瑞特所配音的精靈兄弟們，很小的時後便失去了父親，但在弟弟的16歲生日這天，他收到了一個很特別的禮物- 他父親從前的魔杖以及一串魔咒，可以讓爸爸起死回生，但年久失修的魔法技能，讓施魔法時出了差錯，爸爸只剩一雙腿，於是兄弟倆踏上尋找魔法石的征途，最後能否順利讓爸爸「完璧」歸來呢?,片長：01時42分,冒險,,/code/media/movie/images/1/2的魔法.jpg,4.3,2020-05-22,1/2的魔法
78,★失業潮無薪假中一部能夠能撫慰人心的電影，母親節闔家觀賞唯一選擇!,片長：02時06分,劇情,,/code/media/movie/images/錢不夠用2.jpg,4.0,2009-05-08,錢不夠用2
