amount_reviews,critics_consensus,date,duration,genre,images,rating,title
95,★改編自阿佐田哲也的小說《麻雀放浪記》和清水洋三的漫畫《麻雀放浪記2020》 ★ 2019 多倫多日本影展 ★ 2019 北京影展  故事發生在新世界大戰後的 2020 年，被中止舉辦奧運的東京。因人口大幅減少，勞動人口被AI 取代，導致街上充斥著無業遊民和無依無靠的老人。在這慌亂的東京，阿哲（齋藤工 飾）從1945年的戰後復興時代，穿越時空來到2020年的現代。阿哲一睜開雙眼就過了75年，身處在令他驚訝的世界，面對這意想不到的狀況，阿哲將以麻將遊戲展開一場又一場的生死決鬥…… ,2020-09-30,片長：01時57分,劇情,D:\Users\Administrator\gb5566\yahoo_ptt\media\movie\images\yahoo\麻雀放浪記2020.jpg,4.0,麻雀放浪記2020
75,這些來自以阿兩邊的音樂家，自出生就互為敵手… 知名的德國指揮家愛德華，接受一項極為艱鉅的任務，要組一個橫跨以色列與巴勒斯坦的青年交響樂團，但他很快發現自己被捲入了一場風暴之中。原來這些來自以、阿的音樂家們，在不斷面對戰爭及恐怖攻擊的陰影下，自出生就互為敵手，根本很難共同完成一場交響樂演出…。  他們很快自動分成兩個派系，並以各自的小提琴手為首。首先是來自巴勒斯坦的蕾拉，雖然母親從小教她上街抗爭以色列，但她從不為所動，始終在佈滿催淚瓦斯的動亂中努力習琴。另一方的以色列提琴手朗恩，自幼練就紮實的古典音樂底子，甚至組成了樂隊。蕾拉每天前往特拉維夫場地練琴，得辛苦通過以色列軍隊駐守的檢查哨，甚至經常遭受羞辱。朗恩則直接將他的樂隊成員帶進樂團參加徵選，意圖影響團員比例，雙方衝突一觸即發…。  為能順利完成這場交響樂演出，愛德華決定傾他全部教學資源與溝通技巧，克服雙方的文化差異與國仇家恨。他真能成功讓大家放下仇恨、恐懼和偏執，彼此信任、團結起來，進而展開為期一個月的演練並順利登台嗎？  【電影簡介】  熱烈掌聲久久不歇《交響狂人》連奪德美雙料觀眾票選獎 結合悠揚交響樂與敏感國際情勢的電影《交響狂人》（Crescendo），今年初在德國慕尼黑國際影展上引發震撼。該片靈感取自現任柏林歌劇院總監丹尼爾巴倫邦（Daniel Barenboim）曾轟動一時的和平創舉，他曾將以色列與阿拉伯的年輕音樂家們，以1：1比例聚在一起演奏，祈能靡平以、阿之間劍拔弩張的氣氛而舉世嘩然。這部充滿話題的電影《交響狂人》，是由《顛父人生》歐洲影帝彼得西摩尼謝克（Peter Simonischek）擔綱主演，片中除演奏了韋瓦第《四季》、德弗札克《新世界》，以及拉威爾《波麗露》（戰火浮生錄）等名曲外，一場他大膽挑動雙方音樂家水火不容對峙飆罵的戲，幾乎遊走最敏感邊緣，後座力十足震撼觀眾，在慕尼黑國際影展首映時，掌聲熱烈長達十分鐘久久不歇，被國際媒體喻為「史上最艱鉅的交響任務」。  這部直探敏感火藥庫的音樂勵志片《交響狂人》，是德籍猶太裔導演托爾扎哈維（Dror Zahavi）的最新作品。他將知名指揮家丹尼爾巴倫邦的當年創舉入題，時隔21年再度蔚為佳話。1999年，丹尼爾巴倫邦成立「西東合集管弦樂團」＊，意圖致力以、阿和平。但世代傳承的家國仇恨，卻使樂團自成立即備受挑戰，經過多年努力才為世人稱頌，不僅曾獲邀在前教宗本篤十六世御前演奏，2012年於倫敦音樂節詮釋貝多芬全套交響曲，更是萬人空巷。電影《交響狂人》除劇情高潮迭，片中更倡導「寬恕」等人性最高貴價值，不僅勇奪柏林布蘭登堡猶太影展最佳德國電影，更連奪美國聖地牙哥猶太影展、路德維希港德國電影節等雙料觀眾票選獎。  電影《交響狂人》劇情描述知名的德國指揮家愛德華（彼得西摩尼謝克 飾），接受了一項極為艱難的任務，要組一個橫跨以色列與巴勒斯坦的青年交響樂團，卻被捲入一場愛恨糾葛的風暴之中…。這些來自敵對國家的年輕團員，自出生血液中就帶著家國仇恨，愛德華不僅得使出渾身解數，克服雙方差異、偏執與恐懼，更要讓他們在彼此信任、相互團結基礎上，展開訓練及登台演出…。讓人驚訝的是，導演托爾扎哈維為求真實，竟讓如假包換讓以色列和阿拉伯青年演員共同參與演出。片中更舉猶太人與德國人歷史為例，強調「天下無不能化解的仇恨」，而一句「和平是你們責無旁貸的任務」，更道出現今人們之於新世代的深切寄望。《交響狂人》在世界各地影展迴響熱烈，觀眾甚至含淚起立鼓掌，場面令人動容。台灣將於9月30日起正式上映。,2020-09-30,片長：01時52分,劇情,D:\Users\Administrator\gb5566\yahoo_ptt\media\movie\images\yahoo\交響狂人.jpg,3.7,交響狂人
97,★改編自全球暢銷150萬冊、橫掃國內外逾十項大獎小說《我的房間保衛戰》！  彼得(奧克斯弗格雷飾)與外公艾德(勞勃狄尼洛飾)的感情非常好，直到被迫讓出自己的房間給外公住，彼得搬到了陰森可怕的閣樓，讓他燃起要把房間搶回來的決心！彼得和好友們設計了一連串惡整外公的計劃，包括：把房門拆了、在床上放蛇、把刮鬍泡沫偷換成泡沫膠等無良行為，而被激怒的外公艾德也不是省油的燈，他和一群公嬤輩老友也擬定「加倍奉還」的反擊策略，一場超狂又超鬧的房間保衛戰就此展開！  【關於電影】  改編自全球暢銷150萬冊、橫掃「馬克‧吐溫獎」、「西北太平洋圖書館協會青少年圖書獎」、「內布拉斯加州金索維獎」等國內外逾十項大獎小說《我的房間保衛戰》的2020年度超鬧爆笑喜劇《阿公當家》，集結勞勃狄尼洛、鄔瑪舒曼等影壇金牌卡司聯手搞笑，片中飾演孫子的奧克斯弗格雷更傳承了「教父」阿公與「追殺比爾」憤怒新娘的超狂基因，為搶房間展開超無良惡整大戰，讓飾演阿公的勞勃狄尼洛險些招架不住，在片中隸屬勞勃狄尼洛的公嬤隊員克里斯多夫華肯表示，其中一場彈簧床躲避球PK戲拍到膝蓋差點爆炸，他說：「那天我們這群公嬤隊員只要不小心跌倒，要再站起來還真得花點時間，彷彿聽到鈣質流失的聲音。」而勞勃狄尼洛拋開形象的爆笑演技更讓全劇組都笑到不行，製片馬文波特表示：「勞勃狄尼洛在每一場戲都有各種不同的詮釋方法，他散發著天生的演員魅力，每次看他現場演出都覺得很幸福，他總能用出乎意料的方式逗樂所有人。」,2020-09-30,片長：01時37分,喜劇,D:\Users\Administrator\gb5566\yahoo_ptt\media\movie\images\yahoo\阿公當家.jpg,4.0,阿公當家
92,電影《刻在你心底的名字》故事聚焦在80年代剛解嚴的台灣，一對遊走在友誼，愛慕之間的高中同窗，他們在青春的騷動與性啟蒙的渴望牽引下冒險，因為學妹的出現而讓曖昧關係產生變化。,2020-09-30,片長：01時54分,劇情,D:\Users\Administrator\gb5566\yahoo_ptt\media\movie\images\yahoo\刻在你心底的名字.jpg,4.2,刻在你心底的名字
86,★好萊塢鬼才大導演 提姆波頓 ★強尼戴普、薇諾娜瑞德主演最浪漫奇幻愛情電影 ★榮獲奧斯卡最佳化妝獎提名 ★本片獲英國電影獎最佳藝術設計等多項獎項 ★最悲傷和感動人心的奇幻愛情故事 揭開奇幻世界的神秘面紗  科學家住在一棟久無人跡的城堡裏，因為寂寞製作了一個人造男孩愛德華來陪他，只差手部尚未安裝完成，而留下一雙剪刀手。一天當科學家正要替愛德華換上正常手臂時，卻突然猝死。不知過了多久，雅芳小姐發現愛德華，將他帶回人類生活的社區，剛開始大家很害怕，後來發現愛德華有一雙妙手，能修剪花木，便請他來家中修飾庭園，或是幫鄰居剪出各式新穎的創意髮型，受到大家的喜愛，也是他與一個女孩戀愛的愛情故事。  【關於電影】  這是一個很悲傷的故事，然而它卻悲傷得很美麗....  年輕的主人翁愛德華（強尼戴普Johnny Depp飾演）是老科學家生前所未製造完成的「半成品機器人」 ，只差手部尚未安裝完成，而留下一雙剪刀手。後來他被雅芳小姐收養，帶到人類生活的郊區社區居住，體會到人類的友情、愛情溫馨的一面，也體會到殘酷的現實。  相當震撼的原創故事，點子來自導演「提姆波頓」小時候的想法。全片將童話般天真的元素和大量諷刺社會的元素作混合。全片仍然是相當迷人及幽默的。男主角「Johnny Depp」將心思敏感易碎的剪刀手男孩飾演的十分精湛，而恐怖片老天王「文森普萊斯」更在片中客串了片頭的老科學家一角。 ,2020-09-30,片長：01時45分,,D:\Users\Administrator\gb5566\yahoo_ptt\media\movie\images\yahoo\剪刀手愛德華.jpg,4.0,剪刀手愛德華
93,★2020法國安錫動畫影展 世界首映 ★《女王的柯基》導演打造全新冒險童話，將率領傻萌動物大鬧破壞環境凶手，對抗邪惡的人類開採石油公司！ ★《冰原歷險記》《神偷奶爸》幕後製作團隊，中秋連假唯一闔家動畫首選 ★男孩與森林動物家庭的冒險新篇章！生態教育媲美《與森林共舞》，動物瘋狂更勝《動物方城市》 ★全片以絕美的阿拉斯加為背景，山巒、冰川及廢棄金礦等多樣壯闊地貌，歡迎全家一同前往大銀幕親身體驗  人類持續破壞環境，是時候動物們該站出來捍衛生存權益…  看似平凡的亞當，和雪麗（母親）、大腳怪（父親）以及他們的朋友偉波（大灰熊）、蒂娜（松鼠）、崔波（浣熊）一家人，這個非凡的大家庭一起在森林裡定居。沒想到隨著大腳怪父親越來越有名，父親也利用名氣嘗試改變世界。某天動保團體與父親聯繫，打算一起阻止石油公司開發並汙染動物的生存環境，沒想到父親在一次追查真相的過程中竟然莫名失蹤了！亞當和他的動物家人們，決定聯手找出大腳怪父親的下落，同時透過社群媒體試圖揭發石油公司的邪惡陰謀，他們一家人還有機會再次團聚嗎？  《森林特攻隊：大腳Y家族》是賣座動畫《女王的柯基》導演班史塔森的動物冒險新作，並聯手《冰原歷險記》《神偷奶爸》製作團隊、《地球人壞壞》編劇、布魯塞爾在地樂團Puggy共同傾心打造闔家觀賞的叢林童話。故事場景以絕美的阿拉斯加為藍圖，還加入了山巒、冰川及廢棄金礦等多樣地貌，讓這趟救援旅程增添豐富刺激的視覺效果。片中各種可愛的森林動物們紛紛出籠，對抗「大鯨魚」般的人類石油公司，除了伸張森林居住權的正義外，更貫徹「是一家人就要團結在一起」這樣普世卻最能貼入人心的溫暖理想。生態教育媲美《與森林共舞》，動物瘋狂更勝《動物方城市》，歡迎走進男孩與動物好友們的森林冒險新篇章！ ,2020-09-30,片長：01時29分,冒險,D:\Users\Administrator\gb5566\yahoo_ptt\media\movie\images\yahoo\森林特攻隊：大腳ㄚ家族.jpg,3.9,森林特攻隊
98,★ 鏡子裡，不只有自己還有它… ★ 除了家人，這間房子還有看不見的房客 ★ 《絞刑台》製片打造駭人新作   一對年幼的姊妹被送到感情疏遠的阿姨家寄養，她們發現阿姨家的所有鏡子都被遮住或藏起來。直到其中一位小女孩在地下室意外發現一面鏡子，在不知情的狀況下將不懷好意的惡魔釋放，而這個惡魔早在多年前便困擾著媽媽以及阿姨兩人… ,2020-09-30,片長：01時26分,懸疑/驚悚,D:\Users\Administrator\gb5566\yahoo_ptt\media\movie\images\yahoo\捉魂鏡.jpg,3.7,捉魂鏡
84,★2020動作喜劇再「進化」掀視覺新震撼！ ★《警察故事》神組合 成龍X唐季禮 九度聯手出擊！ ★流量男神楊洋《微微一笑很傾城》挑戰高強度動作片！ ★橫跨歐亞非三大洲，展開陸海空跨國大搜救！ ★導演唐季禮：「最棒、最爽、最過癮的動作喜劇！」  蜚聲國際的民營國際安保公司「急先鋒」由老闆唐煥庭（成龍 飾）成立，秉承傳統鏢局文化，「俠肝義膽、使命必達」。倫敦唐人街，數十萬居民和遊客參與春節舞龍遊行。受保人秦國立（樓學賢　飾）被不明身分人士劫持，休假中的急先鋒隊員雷震宇（楊洋　飾）、張凱旋（艾倫　飾）、彌雅（母其彌雅　飾）奉命趕來救援，經過一場惡鬥，最終救出秦國立。 秦國立曾為中東富商Massym工作，並不知其真實身份為中東某武裝組織頭目，待瞭解實情後秦國立已是後退無門。隨後，Massym在美軍的一次空襲行動喪生，其子Omar僥倖生還，他懷疑秦國立出賣父親並私吞財產故前來復仇，於是策劃了唐人街綁架。得救後的秦國立向急先鋒請求派人去非洲保護女兒Fareeda（徐若晗　飾）。  唐煥庭帶領隊員們前往非洲草原找到Fareeda，Omar則派來傭兵聯合當地盜獵集團與急先鋒隊員展開激戰，急先鋒隊員和Fareeda分散逃入叢林。敵人緊追在後，Fareeda駕駛水陸兩棲車駛入激流，上演一場驚險的激流搏鬥，險象環生，直至急先鋒後援駕直升飛機趕到，救出唐煥庭、彌雅，而雷震宇和Fareeda則落入敵人手中成為人質。  急先鋒利用高科技鎖定人質位置，派出精兵前往位在中東的組織基地實施營救計畫，在炸彈爆炸前一秒救回雷震宇和Fareeda。撤退之際，張凱旋為掩護眾隊友，遭崩塌的建物所掩埋。雷震宇冒著槍林彈雨返回救援，背回已無呼吸的張凱旋。眾人乘車撤離，雷震宇拼死搶救張凱旋，但張依然毫無生命跡象，團隊沉浸在悲傷的氛圍，雷震宇依然不放棄，拼死搶救，最終張凱旋奇蹟似地醒來，眾人轉悲為喜。可是Fareeda父親秦國立被敵人抓走。  原來Massym的財產全用來購買黃金，秦國立帶Omar前往在杜拜的黃金藏匿處。唐煥庭根據秦國立先前留下的資訊，聯合杜拜警方，布下天羅地網。交易現場，出現數輛鍍上黃金的超跑。Omar以黃金車與軍火商交換武器發射密碼，攻擊目標是杜拜港口的美國航母，急先鋒配合杜拜特警展開追緝。  Omar駕駛黃金車衝上杜拜街頭逃竄，購物中心水族館內，Omar及其手下被唐煥庭和雷震宇等急先鋒隊員擊倒，走投無路之下遭到逮捕，急先鋒不辱使命完成任務，收穫各方讚譽！ ,2020-09-30,片長：01時47分,懸疑/驚悚,D:\Users\Administrator\gb5566\yahoo_ptt\media\movie\images\yahoo\急先鋒.jpg,3.6,急先鋒
96,★「京都動畫」虐心打造最動人催淚的愛情物語！ ★延續《紫羅蘭永恆花園》電視動畫情節，正宗本傳續集最終完結！ ★以電視動畫劇情為基礎，原創故事打造女主角「薇爾莉特」的未來！ ★ 集結石川由依、浪川大輔等超人氣聲優陣容擔綱配音！ ★全台動畫迷爭相傳頌「人類聖經」、「宇宙神作」的感人物語！ ★京都動畫大賞輕小說獲獎作品改編，電視動畫原班人馬再度回歸！ ★美不勝收的場面、扣人心弦的故事、響徹心底的音樂、聲優精湛的表現！  為心愛之人，送上最後一封信 ——「愛」究竟是什麼？ 曾經將愛告訴自己、給予自己的那個重要之人。 即使想見，卻再也無法相見。 永遠放開了手的，那個最最重要之人。  從事代筆職業的她，名叫薇爾莉特伊芙加登（石川由依配音）。在讓人們傷痕累累的戰爭結束後數年，嶄新的時代來臨，世界也逐漸恢復平穩，生活並隨著新技術開發而改變。就在讓人們開始往前邁進之時，心懷思念重要之人的薇爾莉特，卻必須在沒有「那個人」的世界中活著。直到某天，她看到了一封信…。  【關於電影】  京都動畫最動人催淚的愛情故事，正宗續集最終完結 《紫羅蘭永恆花園》由日本知名優質動畫品牌「京都動畫」打造，改編自曉佳奈創作、榮獲第5屆京都動畫大獎的輕小說作品，也是京都動畫大獎有史以來，唯一獲得「大賞獎」的作品（其餘幾屆的大賞獎都從缺）。本作女主角「薇爾莉特伊芙加登」，是位擁有金髮藍眼的美麗少女。身為孤兒的她，父母、年紀不詳，然而與她美貌相反的，是她那罕見的戰鬥能力。也因為她在戰爭時期的強大戰力，讓她被軍中同袍無視為人類，反而視為「武器」般的存在。之後因為戰爭失去雙手，薇爾莉特離開軍隊，並裝上義肢，開始在C·H郵政社擔任起「自動手記人偶」的代筆工作。這位像人偶般清澈無暇、沒有多餘感情的少女，為了想要理解當時戰場上重要之人，對她所要傳達的話語，她不斷前往各地，踏上一段尋找何謂「愛」的旅程。透過一次次為不同委託人工作，她與各式各樣的人們相遇，並將對方無法言說的話語，或是綿密的思念，化作一封又一封的書信，將重要之言給投遞出去。她也從這些人身上，逐漸學會人與人之間的相處與情感，並逐漸開始懂得什麼是「愛」…。  電視動畫於2018年1月10日起播出，一播出就引發極大轟動與討論，甚至被網友高度讚譽為「人類聖經」、「宇宙神作」。尤其電視動畫以劇場版的製作品質來打造，也再度證明京都動畫的誠意與製作實力。也因為電視動畫的轟動，讓製作團隊繼續在2019年推出劇場版動畫《紫羅蘭永恆花園外傳－永遠與自動手記人偶－》。尤其外傳在台灣上映後，隨即在影迷之間造成轟動，雖然全台當時只有12家戲院限定映演，不過隨著高度口碑，以及忠實觀眾們的多刷支持，讓該片的最終票房熱賣直逼1200萬元，充分展現本系列作品的絕佳魅力，也讓這部即將在台灣上映的《紫羅蘭永恆花園電影版》未演先轟動，再度受到全台觀眾的廣大關注。  本片將會以完全原創的劇情，為電視動畫的劇情作出延續，並將以「愛」作為主題，讓本系列邁向最終完結。製作團隊與原著作者曉佳奈也彼此分享劇本與設定資訊，讓薇爾莉特在這段追尋、感受「愛」的過程當中，又將會遇到什麼樣的人、事、物？而她某天無意中看到的一封信，內容又將會是什麼樣感動人心的內容？此外，本片的畫面尺寸也從電視動畫系列的16:9，調整為更寬、更適合電影銀幕比例的2.31:1。透過如此適合電影院觀賞的畫面比例，更生動描繪出天空、大海，甚至是山脈的遼遠廣闊。不僅對製作團隊來說是個挑戰，也顯示京都動畫一直推出優質動畫的堅持，值得台灣觀眾進戲院支持！,2020-09-30,片長：02時20分,,D:\Users\Administrator\gb5566\yahoo_ptt\media\movie\images\yahoo\紫羅蘭永恆花園電影版.jpg,4.7,紫羅蘭永恆花園
96,1940年代，在中國民族命運、人的尊嚴以及佛教尊嚴都跌落谷底的時刻，一個十四歲的男孩在江蘇南通出家，從此，他展開了將近七十年不曾休止的求法與傳法過程，同時，也是追尋生命與信仰尊嚴歸向的過程。  《本來面目》以紀實電影的形式，平視平實的視角，呈現聖嚴法師跌宕起伏的一生，以及他所經歷的時代浪潮。影片從1979年紐約街頭揭開序幕，以每十年為一個節點，來鋪陳他的生命歷程。包括：信仰危機（1949）、二度出家（1959）、前往日本（1969）、禪修傳法（1979）、開創法鼓山（1989）、生死關懷（1999）、捨報圓寂（2009）。  【關於聖嚴法師】  自喻為「風雪中的行腳僧」，曾獲選為「四百年來台灣最具影響力的五十位人士」之一的聖嚴法師，因著單純的信念「佛法這麼好，知道的人這麼少，誤解的人這麼多」積極入世弘法，並創辦法鼓山；然而回顧其一生，其實充滿顛沛流離、考驗與轉折。 自幼體弱多病，幼年出家目睹佛教信仰儀式化；後經戰亂軍旅生涯，而後再度出家。不論閉關苦修、日本留學、美國弘法、開創法鼓山，總是在無路中找出路，堅毅中見禪慧；生命對他而言，就是一場實踐佛法的歷程。  秉承臨濟、曹洞兩宗禪宗法脈的聖嚴法師，往來世界各地指導禪修；為了讓佛法能有效解決現代人煩惱，應機應緣地以現代人的語言及觀點演說著書；重視教育深耕及人才培育；更多次與國際各領域之菁英人士對話，致力於世界人心真正的平安與幸福。  2009年2月3日聖嚴法師捨報圓寂，其簡樸環保的佛事為後世樹立典範。其所創建的法鼓山，也繼續秉承師訓，以漢傳佛教為本，以「提升人的品質，建設人間淨土」為理念，以「大學院、大普化、大關懷」三大教育為方法，持續推動及落實「心靈環保」。  【關於影片】 ,2020-10-03,片長：01時55分,,D:\Users\Administrator\gb5566\yahoo_ptt\media\movie\images\yahoo\本來面目.jpg,4.4,本來面目
63,★誰都沒看過的故事，潛力作家河野裕最高傑作電影化！ ★2009發表的人氣作品「重啟咲良田」漫畫改編成真人電影。 ★第8回大學讀書人大賞人氣作家河野裕的原點作品。 ★如同「日本五月天」的流行搖滾樂團Flumpool創作電影主題曲、片尾曲 ★2020除了天能以外，不能錯過的時空穿越奇幻懸疑電影  「重啟」，僅此一句，就可以將世界倒流最多3天的時間。 圍繞著這卓越的能力，在能力者的城市“咲良田”展開超乎想像的故事。  擁有驚人的「記憶保持」能力的高中男生淺井惠，與擁有「重啟」能力的春埼美空，為了復活2年前去世的同班同學相麻菫，並肩攜手挑戰組合各種能力的策略。  這是一部時間觀念錯綜的讓觀眾緊迫的懸疑故事，同時也是一剎那的激動和悲傷打動人心的青春浪漫故事。  扮演主角的野村周平在不同作品中表現出不同類型的角色，具有豐富的演技能力。扮演春埼的黑島結菜透過清澈的存在感吸引著電影界的矚目。其他平祐奈、健太郎、玉成蒂娜、恆松祐里等也都是卓越的新人。  再加上，加賀真理子、及川光博等富有電影風格的實力派演員支援整部電影。flumpool專門針對本作品寫的主題曲「Last call」為電影添加色彩。  深川榮洋是表現能力非常廣闊的新銳導演。他在「仰望半月的夜空」、「神的病歷簿」等作品呈現出富有情感的演出和描寫，讓觀眾深受感動。跨越前後兩篇的新穎青春電影，誕生於此。 ,2020-09-25,片長：01時43分,劇情,D:\Users\Administrator\gb5566\yahoo_ptt\media\movie\images\yahoo\重啟咲良田前篇.jpg,0.0,重啟咲良田 前篇
94,★ 《魔蠍大帝》票房強導恰克羅素再創動作巔峰 ★ 宛如《拳霸》加上《怪醫杜立德》的生猛狂想！ ★ 印度當紅性感男星維帝傑馬近身肉搏拳拳到肉演出 ★ 為了捍衛叢林，他們將不惜一切代價！ ★ 2019 成龍國際動作電影節評審團特別獎、最佳動作設計   拉吉從小和村落的大象一同長大，其中一頭大象寶拉更是他最好的朋友。長大後的拉吉成為了獸醫，並在孟買經營著一家生意興隆的獸醫診所。為了紀念母親十周年忌日，拉吉回到了他的家鄉－－一個知名的大象保護區，並和他最好的朋友寶拉重逢，但在全村落開心慶祝拉吉返鄉之際，盜獵者也對寶拉那價值連城的象牙虎視眈眈，並且計畫讓拉吉成為竊取象牙的代罪羔羊…… ,2020-09-25,片長：01時55分,冒險,D:\Users\Administrator\gb5566\yahoo_ptt\media\movie\images\yahoo\叢林拳霸.jpg,4.0,叢林拳霸
89,★ 韓國票房冠軍，票房吸金224億！ ★ 《信徒》金柱赫 ×《寄生上流》趙汝貞 從影最突破演出！ ★ 一場爾虞我詐、情慾流竄的求愛對決即將展開……  跟隨夢龍（柳昇範 飾）準備進京趕考的僕人方子（金柱赫 飾），對妓生之女春香（趙汝貞 飾）一見鍾情。雖知主人夢龍也對春香懷有愛意，但方子仍無法克制自己的感情，而對春香吐露自己對她的心意。而春香也對充滿男子氣概又柔情的方子動心，選擇投入方子的懷抱。  然而，春香仍無法放棄飛上枝頭變鳳凰的美夢，她在夢龍要赴試前和他做了約定，但方子即使知道後仍無法放棄春香。後來，一舉高中狀元的夢龍回來後，向春香拋出了充滿誘惑的條件，究竟方子是否能守住春香的心呢？ ,2020-09-25,片長：02時04分,劇情,D:\Users\Administrator\gb5566\yahoo_ptt\media\movie\images\yahoo\情慾對決.jpg,4.1,情慾對決
98,★ 榮獲第72屆坎城影展評審團獎肯定 ★ BBC評為2020年10大最精彩電影 ★ 紐約時報讚嘆「驚心的政治寓言」 ★ 致敬《月光光心慌慌》《突變第三型》驚悚大導約翰．卡本特 ★ 媲美《決殺令》《險路勿近》的血色懸疑之作 ⠀⠀⠀⠀⠀⠀⠀⠀⠀ 在不久的將來，一個名為「巴庫勞」的村子裡，村民正忙著哀悼女村長的辭世，於此同時怪事悄悄地接二連三發生，手機失去訊號、棺材滲水、幾乎與世隔絕的村子也突然來了訪客，而大家也發現，村子在地圖上被消失了……,2020-09-25,片長：02時11分,,D:\Users\Administrator\gb5566\yahoo_ptt\media\movie\images\yahoo\殺戮荒村.jpg,3.8,殺戮荒村
92,★日本票房冠軍 ★ 「哆啦A夢」50週年紀念作品，第40部長篇劇場版系列作品！ ★ 《哆啦A夢：大雄的金銀島》編導搭檔 今井一曉 X 川村元氣 聯手再出擊 ★ 日劇天王 木村拓哉 X 搞笑女王 渡邊直美 特別獻聲演出 ★ 日本搖滾天團「Mr.Children」動人打造雙主題曲〈Birthday〉〈君と重ねたモノローグ〉 ★ 日語原音版本、中文配音版本同步獻映  大雄在恐龍博物館參加挖掘化石體驗時，偶然發現了一個化石，深信這是個恐龍化石的大雄，使用了哆啦A夢的道具「時光布」讓化石回到原本的狀態……結果竟然孵化了恐龍雙胞胎小Ｑ與小妙！而且，這兩隻恐龍似乎是從來沒被發現過的新品種。跟大雄一樣有點靠不住的小Ｑ以及個性活潑的小妙，兩隻恐龍雖然個性天差地遠，大雄還是像父母一樣用愛呵護著牠們長大，但是恐龍終究還是無法在現代生存長大。  於是，大雄下定決心要將小Ｑ與小妙帶回屬於牠們的年代，與哆啦A夢跟夥伴們一起前往6600萬年前的白堊紀末期。一場找尋小Ｑ與小妙同伴的大冒險就此展開……靠著哆啦A夢的道具與恐龍們的力量，大雄一行人循著恐龍的足跡來到了一座神祕島嶼。然而，在白堊紀迎接他們的竟是恐龍即將滅絕的命運。小Ｑ與小妙，以及大雄一行人的命運又將會如何……？,2020-09-25,片長：01時50分,冒險,D:\Users\Administrator\gb5566\yahoo_ptt\media\movie\images\yahoo\電影哆啦A夢：大雄的新恐龍.jpg,4.6,大雄的新恐龍
89,★ 《冰與火之歌：權力遊戲》首席攝影師編導之作 ★ 啟發自真實事蹟，再現天主教「玫瑰法蒂瑪聖母」顯靈神蹟 ★ 烽火連天的1917年，3名孩子將為這個世界帶來奇蹟  《法蒂瑪的奇蹟》講述了一個十歲的牧羊少女和她的表弟妹在葡萄牙法蒂瑪見證「聖母瑪利亞異象」的故事，聖母的顯靈鼓舞了信眾，而隨著他們的預言傳開，成千上萬的宗教朝聖者蜂擁而至，然而，這卻激怒了教會和世俗政府的官員…… ,2020-09-25,片長：01時53分,,D:\Users\Administrator\gb5566\yahoo_ptt\media\movie\images\yahoo\法蒂瑪的奇蹟.jpg,4.2,法蒂瑪的奇蹟
79,把眼睛閉上，就能慢慢看見將來會蓋在這裡的房子喔！  信吾（長渕剛）是鎮上首屈一指的木匠工頭，給人滿滿「硬漢」印象，渾身散發職人光采的他，同時也是個古道熱腸的男人，他的夢想是希望帶給所有人快樂與滿足。他有一位能幹的妻子美沙希（飯島直子），以及正值青春年華的女兒柑奈（山口麻友），三人過著平凡幸福的日子。直到某天，信吾在工地遇見了美女保險員芽衣（廣末涼子），芽衣是一名單親媽媽，與小學二年級的兒子龍生相依為命。總是對美女無法招架的工頭大叔，不僅買了保險，還莫名答應芽衣把龍生帶回家照顧二個星期。面對害羞內向、缺乏父愛的龍生，信吾決心要好好鍛鍊龍生，讓他成為一名正港的男子漢。龍生逐漸敞開心房，真心愛上這個像是「父親」一樣的工頭大叔。隨著兩人感情愈來愈好，信吾默默作出了一個決定，要為芽衣和龍生母子親手打造一間房子，卻也因此和妻子、女兒，以及徒弟高史（瑛太）關係陷入緊張，直到某天，一名自稱是龍生父親的男人突然出現…。  【關於電影】  長渕剛出道40週年首次挑戰柔情主題，自然傳遞情感的溫度 《太陽之家》以柔情為主軸，自然表達各種不同形式的愛。故事以長渕剛飾演的川崎信吾為主角，講述他在面對人與人之間的複雜關係以及對家庭羈絆的掙扎，同時如何去堅持屬於自己家庭之愛的信念。作為長渕剛出道40週年的作品，其中有許多故事與意義都來自他的想法，他在訪問中說到：「每個人都會對劇本擁有不同的想法、激情與愛，但這些情感並不會自行從劇本中生長，而演員便要藉著這些情緒與專業讓劇本更加立體。」因此許多橋段都並非原本劇本的安排，而是隨人物的真正心情推進；為了能具體且自然的呈現，権野元導演會與演員們花上大量的時間相處與討論，讓他們發揮個人色彩與身而為人的那份柔軟特質。電影中所講求的真實感，除了透過演員的表演之外，「房子」也是十分重要的一環，由於主角的木匠身分，使導演避免利用動畫去呈現這個信吾的重要之物，因此劇中所出現的房子請來真正的木匠從基礎去建造而成，同時也希望觀眾可以感受到劇組傳遞出屬於人的「溫度」。  主題曲是送給劇組的情書，展現真實《太陽之家》的溫暖情感 「家庭的羈絆並非血緣的連結，而是只要擁有愛就可以成為家人。」是《太陽之家》最直接傳遞的核心，飾演主角妻子的飯島直子在採訪中提及：「每一位觀眾都能以不同的角度從中感受到愛，每一個人所認為的愛也不同；愛是存在於每一個人日常生活中的。」希望觀眾能體會到這個故事充滿著「深厚的愛」。劇組之間也有著溫暖緊密的氛圍，在拍攝現場長渕剛會以「直醬」稱呼飯島直子，飯島直子也不時關心著山口麻友，以及大家與飾演龍生的童星潤浩時常有純真可愛的互動，開朗與溫馨感讓「太陽之家」更顯得真實。電影主題曲〈Orange〉由長渕剛操刀製作， 歌曲的樣貌也在進入拍攝後半段時出現於他耳中，他形容「這首歌是大家的成果，不想與如此充滿愛的團隊分離，因此寫了這首像情書般的歌曲送給大家。」藉由歌曲表現出「此刻」的那股溫柔，也傳遞了太陽之家的美好關係。,2020-09-25,片長：02時02分,,D:\Users\Administrator\gb5566\yahoo_ptt\media\movie\images\yahoo\太陽之家.jpg,4.2,太陽之家
100,★贏家才能留名萬世！特斯拉和愛迪生世代恩怨! ★伊森霍克完美詮釋世紀天才特斯拉 ★2020日舞影展首映全場大獲好評，美國權威影評網站爛蕃茄92%新鮮推薦 ★他的故事比愛迪生更傳奇，他的每項發明，都讓全世界邁向巨大進步，怎能不認識他! ★1898年，特斯拉提出電動車構想，2003年，馬斯克將公司名為『特斯拉汽車』，就是為了紀念他，並逐步實踐特斯拉的構想。  聚焦發明家特斯拉生平故事，包括交流電的發明與湯瑪斯愛迪生的激烈對抗…  「交流電之父」尼古拉特斯拉，被譽為最接近神的男人，他對電的理解和運用遠遠超乎你我的想像。  交流電帶來的便利，無線電、遙控器等發明，這些都是特斯拉的貢獻，但天才遭嫉，愛迪生和許多財團迫害於他，讓特斯拉的許多發明和技術深埋… ,2020-09-30,片長：01時42分,,D:\Users\Administrator\gb5566\yahoo_ptt\media\movie\images\yahoo\特斯拉.jpg,2.9,特斯拉
95,★ 紀念達文西逝世五百周年，世紀天才不為人知的人生祕密即將揭曉！ ★ 見證「文藝復興三傑」達文西一生輝煌成就 ★ 本片不僅探討達文西的人生經歷，更是解密知名畫作《蒙娜麗莎的微笑》的其中奧秘… ★ 迷人且大膽的創新之作！以透過不同的視角解析達文西的畫作及成就   與拉斐爾、米開朗基羅並稱為「文藝復興」三傑之一的達文西，被喻為世紀天才，不僅是一位畫家，同時也是雕塑家、科學家、發明家等多重身分，更是在人類史上留下不可抹滅的蹤跡。而在達爾文逝世五百周年後的現在，本片將帶領觀眾探討達文西的一生，跳脫以往對達文西的刻板印象，以大膽創新的角度深入揭開未知又令人著迷的人生經歷。解密達文西的人生旅程，隨著鏡頭回到文藝復興時期，走訪達文西出生之地托斯卡尼，以及每個落腳的城市：佛羅倫斯、米蘭、羅馬和多個法國等地，並且解析知名畫作《蒙娜麗莎的微笑》的其中奧秘…… ,2020-09-30,片長：01時30分,劇情,D:\Users\Administrator\gb5566\yahoo_ptt\media\movie\images\yahoo\解密達文西.jpg,4.2,解密達文西
91,★ 《T-34：戰場傳奇》億萬團隊最新力作 ★ 《神力女超人》《哥吉拉II 怪獸之王》特效團隊再創視覺高峰 ★ 宛如《全面啟動》X《奇異博士》超脫現實的燒腦科幻冒險 ★ 逃離夢境，成為他們唯一生路……  年輕有為的建築師維多，從一次意外事故中醒來，卻發現自己身處一個與地球極為相似的異世界中，異界中的所有景色都是由人類的記憶建構而成，也因如此，這個世界如記憶般混亂且極度不穩定，我們熟知的物理規則在這個世界並不存在。維多必須和他的愛人及夥伴找出其中的規律及破綻，同時躲避神祕異獸窮追不捨的獵殺，逃出這個超乎常理的異世界…… ,2020-09-30,片長：01時51分,科幻,D:\Users\Administrator\gb5566\yahoo_ptt\media\movie\images\yahoo\遺落夢境.jpg,4.0,遺落夢境
86,皮諾丘能通過考驗，如願成為一個真正的男孩嗎？ 孤獨的老木匠傑佩托，因緣際會得到一塊櫻桃木，便將它雕刻成一個木偶，並取名「皮諾丘」來作伴。意外的是，木偶完成後不僅能開口說話，更會走能跑。傑佩托喜出望外，決定好好栽培，於是送他去上學讀書。  然而皮諾丘生來頑皮，不僅賣掉課本，還逃學跑去看木偶戲班表演，引發戲班團長的覬覦、施計將他擄走。傑佩托遍尋不著皮諾丘，傷心之下離家四處尋子。逃回家的皮諾丘，發現父親不在，內疚之下也展開他的尋父之旅。  因為不聽蟋蟀的忠告，皮諾丘又中狐狸和貓的詭計，落入壞人的手裡。更因為貪玩被騙到「玩具國」，被變成驢子賣給馬戲團，並在逃跑時遭到巨鯊吞下了肚…。本性善良的皮諾丘，常被邪惡誘惑而撒謊，讓自己身陷麻煩之中。一心想找到父親回家團聚的他，能通過勇氣、忠心和誠實的考驗，如願成為一個真正的男孩嗎？  【關於電影】  豪擲五億台幣華麗打造的奇幻新片《皮諾丘的奇幻旅程》（Pinocchio），是坎城名導馬提歐賈洛尼（Matteo Garrone）的最新鉅作。該片還原風靡全世界的童話「木偶奇遇記」，被譽為超越全球250種版本的終極呈現！《美麗人生》奧斯卡影帝的羅貝托貝尼尼（Roberto Benigni），片中飾演「皮諾丘」的創造者，《狗奴人生》坎城影帝馬切羅馮提（Marcello Fonte）亦參與演出。該片所有奇幻場景除砸重金拍攝外，更拜現代科技之賜，極盡奇幻華麗之能事，場面讓人嘆為觀止，一舉橫掃義大利金像獎最佳影片、導演、男女配角、改編劇本、攝影、製作、剪輯、藝術指導、最佳配樂、聲音設計、視覺效果，以及造型設計、化妝、髮型等15項大獎提名，並獲選柏林影展「特別盛會」觀摩影片。  這部真人版奇幻電影《皮諾丘的奇幻旅程》，根據義大利作家卡洛柯洛帝（Carlo Collodi）知名童書改編。看似說給孩子睡前聽的童話，寓意卻能讓大人獲得療癒，提醒著孩子要努力向學，才不至淪為被操弄的玩偶。片中荒謬的法庭、遭勞役的驢子，都深具警世作用，加上天馬行空的想像力、扣人心弦的敘事魔力，使之成為經典中的經典，曾被迪士尼改編動畫並獲奧斯卡獎，擁有的觀眾、讀者及銷售量，幾可媲美【聖經】及【魔戒】等。故事中一句「說謊鼻子會變長」，幾乎成為跨世代的共同記憶。 為超越皮諾丘原著的全球250種版本，馬提歐賈洛尼不惜砸重金造村拍攝，還原故事中社會底層的樣貌，讓皮諾丘這場充滿蛻變的冒險，有著陰鬱小鎮，詭譎角色、奇幻世界，更有人性的貪婪與慾望，謊言與死亡。展現不同於迪士尼的魔幻魅力，讓人耳目一新。這部曠世奇作《皮諾丘的奇幻旅程》，不僅獲選今年柏林影展「特別盛會」觀摩影片，橫掃義大利金像獎、銀絲帶獎等總計27項大獎提名，更在義大利飆出5.5億台幣的票房佳績。而其集結視覺、化妝、音效等奧斯卡團隊，更以神乎其技的魔幻特效，為義大利電影樹立了全新的里程碑。 ,2020-09-18,片長：02時05分,劇情,D:\Users\Administrator\gb5566\yahoo_ptt\media\movie\images\yahoo\皮諾丘的奇幻旅程.jpg,3.9,皮諾丘的奇幻旅程
89,不得志的中年抽象畫家許寶清，因緣際會在監獄教受刑人畫畫。許寶清驚訝發現其中一名青年犯人周政廷，有著極高的繪畫天份，常常畫出讓他感動的抽象畫作。許寶清也想讓世人感受這樣的美，他說服了獄方，讓他辦一個受刑人畫展。  沒想到開展時社會輿論嘩然，原來周政廷在幾年前，曾犯下頗受爭議的隨機殺人案，隨後畫展開展期間被人砸雞蛋、噴漆不說，最後連許寶清都被襲擊送醫，畫展只好匆忙撤展。  許寶清無法理解為何人們無法客觀看待藝術作品，同時他決定前往案發地點探訪周政廷的過去，並接近受害者與找尋周的老家。許寶清也想看看周政廷曾說過的繪畫靈感來源：那座小時候玩捉迷藏的祕密基地，在那裡有面牆，牆上有一幅讓他總是駐足許久的畫⋯⋯。 ,2020-09-18,片長：01時23分,,D:\Users\Administrator\gb5566\yahoo_ptt\media\movie\images\yahoo\惡之畫.jpg,3.7,惡之畫
67,世間所有相遇　都能香氣四溢 熟男司機吉翁（格雷戈里蒙泰爾 飾），只有一件事掛心不下，就是爭取十歲女兒的共同監護權。然而他的違規計點已到吊銷邊緣，難得的父女時光也常因自己的粗枝大葉搞砸。吉翁的老闆清楚他的「魯」，特意安插他接送最棘手的高端客戶安（艾曼紐德芙 飾）。擁有絕對嗅覺的安，曾是Dior天價聘請的調香大師。在她人生最輝煌的時刻，卻意外嗅覺缺失，從香水界黯然退場，勉強委身在五味雜陳的案子沉潛自己。  一位是退無可退的魯蛇司機，一位是渴望重返巔峰的調香達人，兩人天差地遠，在生命轉折處撞見彼此，即將在一趟趟採集氣味的旅程中，釋放出動人的曖昧氣息。 ,2020-09-18,片長：01時41分,,D:\Users\Administrator\gb5566\yahoo_ptt\media\movie\images\yahoo\寂寞調香師.jpg,0.0,寂寞調香師
80,★ 韓國爆笑犯罪新作 《雞不可失》後最狂辦案 ★ 車禍唯一目擊者 奶奶爆笑神出擊 記憶雖然不靠譜 卻是破案唯一線索！ ★ 我的嬤嬤咪呀！韓國大滿貫影后羅文姬 X 實力男星李熙俊 聯手飆戲 ★ 不要小看長輩 別和奶奶作對！真相 永遠只有一個！  一位患有阿茲海默症的奶奶（羅文姬 飾），竟是肇逃案件的唯一目擊證人！平時和兒子（李熙峻 飾）與孫女相依為命，奶奶最疼愛的孫女竟慘遭車禍陷入昏迷。警方辦案只能依靠失憶奶奶毫無邏輯的胡言亂語、天外飛來一筆的說詞來回拼湊，他們能否用無厘頭的線索順利揪出兇手呢？ ,2020-09-18,片長：01時50分,喜劇,D:\Users\Administrator\gb5566\yahoo_ptt\media\movie\images\yahoo\名偵探奶奶.jpg,3.6,名偵探奶奶
91,★ 《全面攻佔2：倫敦救援》《古墓奇兵》幕後團隊震撼打造 ★ 《鬼玩人影集》《勇者逆襲》導演火爆新作 ★ 《變形金剛》梅根福克斯剽悍上陣 ★ 當獵人成為獵物，手中的槍是活下去的唯一方法！  身經百戰的傭兵隊長歐哈拉（梅根福克斯 飾）受到委託，率領一支菁英小隊前往危機四伏的非洲執行一項救援任務，沒想到卻在撤離過程中發生意外。受困於非洲荒野之中的歐哈拉與隊員們，必須面對來自叛軍的血腥追擊，以及一群飢腸轆轆的嗜血狂獅……。 ,2020-09-18,片長：01時46分,,D:\Users\Administrator\gb5566\yahoo_ptt\media\movie\images\yahoo\重裝救援：全境獵殺.jpg,3.3,全境獵殺
93,★《奇奇怪怪》系列網漫最火紅篇章，首度改編動畫登上大銀幕！ ★ 網漫人氣超越《與神同行》，影史最詭異獨創恐怖怪談！ ★ 毛骨悚然都市奇談，驚悚詭異媲美伊藤潤二作品！ ★ 耗時六年製作，南韓影史首部懸疑恐怖動畫電影！ ★ 9.9超高評分霸榜WEBTOON恐怖漫畫冠軍，網友話題滿載！ ★ 淋漓盡致體現人性之惡，深刻反思「看臉時代」社會現況！ ★ 融合懸疑、奇幻、犯罪、倫理多重元素，增添原作更多劇情細節！ ★ 預告點擊率飆破200萬次，大幅超越《屍速列車：感染半島》！ ★ 原作粉絲認可的高完成度，全球國際影展爭相邀約！ ★ 強勢入選法國安錫動畫影展「競賽」單元！ ★ 獲選南韓富川奇幻影展「韓國奇幻競賽」單元！ ★ 入選蒙特婁國際奇幻影展「動畫競賽」單元！  溶脂化骨，重塑美貌，妳敢嘗試？ 想要擁有嶄新人生？為您介紹這罐「神奇整容液」的使用方法…。  首先，請用鏡子確認自己的臉。不如拍張照片做個紀念，因為這將會是您跟原本長相最後告別的時刻。接著，將水與整容液以4:1比例混合，並將臉部浸泡在整容液裡20分鐘。之後，您的皮膚與肌肉將像黏土一般得以重新塑型，成為您想要擁有的模樣…。  一位屢受歧視的棉花糖女孩，在使用整容液後，如願成為廣受歡迎的女神。不僅追求者絡繹不絕，更吸引經紀人想要簽她當藝人。她還迅速結識高富帥，不論事業跟愛情都走向人生巔峰。不過她萬萬沒想到，當整容液開始產生副作用後，讓她不得不做出一連串駭人行為，她的人生也逐漸失控…。  【關於電影】  網漫人氣超越《與神同行》，影史最詭異獨創恐怖怪談 在「外貌至上主義」的南韓社會當中，時常出現「花美男」、「花美女」、「高顔質」等「看臉時代」之下的流行語。許多南韓綜藝節目當中，藝人與素人談起自己的整容經歷，更像家常便飯一樣簡單。尤有甚者，許多南韓的小孩一出生，父母就會為他們準備一筆「整容費」，等兒女成年的時候，再把這筆錢送給兒女當作禮物，希望能讓他們透過整容，讓未來的事業與生活更加順遂。不過，這個在南韓社會稀鬆平常的整容文化，如果轉化為奇幻、恐怖電影的題材，又將會成為什麼模樣？  影史最詭異獨創的恐怖怪談《整容液》，就是改編自WEBTOON的人氣同名網路漫畫，並透過電影動畫版的形式，再度讓全球觀眾為之震撼。本作是漫畫家吳城垈的代表作品之一，脫胎自網漫《奇奇怪怪》中的一個單元故事，劇情描述女主角塗上能改頭換面的「整容液」、並成為女神後所經歷的恐怖怪談。毛骨悚然的劇情，也讓讀者讚譽媲美伊藤潤二的恐怖作品。相較其他驚悚恐怖漫畫，本作雖然沒有過多激烈的血腥場面，卻透過腦洞大開的情節，將「整容」這個敏感話題作出天馬行空的詮釋。不僅透過黑色幽默描繪人性黑暗面，將人性之惡表現得淋漓盡致，更因為獨特的情節設定，引導讀者反思社會現況。這也讓本作從連載初期，就獲得高度討論，人氣更超越同樣話題滿載的《與神同行》！  電影版《整容液》，不僅是《奇奇怪怪》系列首度改編動畫登上大銀幕的作品，更成為南韓影史首部懸疑恐怖動畫電影。製作團隊耗時六年打造，為作品融入懸疑、奇幻、犯罪、倫理等多重元素，更增添漫畫所沒有提到的更多劇情細節，並以最完美的容貌跟觀眾見面。電影消息一曝光，隨即引發世界各地討論，更吸引眾多國際影展邀約，強勢入選有「動畫界坎城影展」之稱的安錫動畫影展「競賽」單元、蒙特婁國際奇幻影展「動畫競賽」單元，以及南韓富川奇幻影展「韓國奇幻競賽」單元。值得一提的是，本片的前導預告一在南韓曝光，就在短時間內突破200萬點擊次數，大幅超越同期熱門電影《屍速列車：感染半島》的預告點擊次數，引爆網友熱烈迴響，再度證明本片的超高人氣，值得觀眾進場一探究竟！,2020-09-18,片長：01時25分,奇幻,D:\Users\Administrator\gb5566\yahoo_ptt\media\movie\images\yahoo\整容液.jpg,4.0,整容液
81,公車司機阿泰（劉冠廷/飾），是一個動作慢吞吞、連手錶的時間、地震的感應都比別人慢的奇葩。他每天都會去郵局，找櫃員楊曉淇（李霈瑜/飾）寄一封不知道給誰的平信。櫃員楊曉淇和阿泰完全相反，是個凡事搶拍的超級急性子，唯獨感情生活毫無進展，年近三十還是母胎單身。情人節前夕，楊曉淇被天菜陽光男劉老師（周群達Duncan/飾）搭訕，終於情竇初開的曉淇和劉老師天雷勾動地火；想不到一覺醒來，劉老師再無音訊、而且情人節居然已經過了？！每天來寄信的阿泰也再也沒出現過...毫無記憶的楊曉淇，開始了一趟尋找真相的奇幻旅程...,2020-09-18,片長：01時59分,劇情,D:\Users\Administrator\gb5566\yahoo_ptt\media\movie\images\yahoo\消失的情人節.jpg,4.2,消失的情人節
75,★奧斯卡最佳影片、最佳導演、最佳男主角、最佳男配角、最佳原創劇本、最佳剪輯、最佳電影原創配樂七項大獎入圍 ★榮獲奧斯卡金像獎、英國電影學院、金球獎最佳男主角 ★90年代的經典，深刻難忘的動人樂章  改編名鋼琴家大衛赫夫考的真人實事。講述音樂天才心理受創的童年，大膽揭露父子間的愛與恨。  大衛從小就在父親彼得的嚴厲教導下練習鋼琴，經常取得優異的成績。年少的大衛渴望前往美國進修，然而其父卻阻擋他離家出國。大衛的音樂天份後來獲得賞識，得到英國皇家音樂學院獎學金贊助的機會，他不顧父親的阻撓執意出國留學，因此和父親決裂，這段關係在他心中留下無法抹滅的陰影。  患有躁鬱症的大衛其精神狀況在每次的表演後每況愈下，回到了澳洲，他父親拒絕接納他，最後大衛只能住進精神病院治療。大衛克制不住彈琴的慾望，總是不斷尋找可以彈奏的機會。在偶然的機會下，他遇見了占星師吉莉安，在吉莉安的協助下，大衛重新回到人群、克服陰霾再次站上演奏台。 ,2020-09-18,片長：01時45分,劇情,D:\Users\Administrator\gb5566\yahoo_ptt\media\movie\images\yahoo\鋼琴師.jpg,3.9,鋼琴師
75,「因為我的原因，全都變得一無所有了...」  原本有個完美人生的菁英上班族桂木，卻一夕之間失去所有，在酒醉又絕望下想一了百了。  「如果你想要捨棄這條命的話，那就把他交給我吧！」突然出現一位神秘男子余田的幫忙，但卻也沒想到這是監禁調教生活的開始...。  【關於電影】  根據原作水田YUKI累計販售破百萬下載的賣座BL電子漫畫『性之劇藥』（BoysFan刊物）。本作品是以「性」來找尋「活著」的意思，在故事上很重要的性愛描述也是真真實實地拍成真人電影，並以R-18限制級為製作前提下進行拍攝。  導演城定秀夫是以「成為我的奴隸 新章」和「新宿Punch」等作品為人所知，濃厚性愛演出畫面和卓越的說故事拍攝手法，受到很多電影粉絲的熱烈支持。 ,2020-09-25,片長：01時29分,,D:\Users\Administrator\gb5566\yahoo_ptt\media\movie\images\yahoo\性之劇藥.jpg,2.6,性之劇藥
57,★誰都沒看過的故事，潛力作家河野裕最高傑作電影化！ ★2009發表的人氣作品「重啟咲良田」漫畫改編成真人電影。 ★第8回大學讀書人大賞人氣作家河野裕的原點作品。 ★如同「日本五月天」的流行搖滾樂團Flumpool創作電影主題曲、片尾曲 ★2020除了天能以外，不能錯過的時空穿越奇幻懸疑電影  「重啟」，僅此一句，就可以將世界倒流最多3天的時間。 圍繞著這卓越的能力，在能力者的城市“咲良田”展開超乎想像的故事。  擁有驚人的「記憶保持」能力的高中男生淺井惠，與擁有「重啟」能力的春埼美空，為了復活2年前去世的同班同學相麻菫，並肩攜手挑戰組合各種能力的策略。  這是一部時間觀念錯綜的讓觀眾緊迫的懸疑故事，同時也是一剎那的激動和悲傷打動人心的青春浪漫故事。  扮演主角的野村周平在不同作品中表現出不同類型的角色，具有豐富的演技能力。扮演春埼的黑島結菜透過清澈的存在感吸引著電影界的矚目。其他平祐奈、健太郎、玉成蒂娜、恆松祐里等也都是卓越的新人。  再加上，加賀真理子、及川光博等富有電影風格的實力派演員支援整部電影。flumpool專門針對本作品寫的主題曲「Last call」為電影添加色彩。  深川榮洋是表現能力非常廣闊的新銳導演。他在「仰望半月的夜空」、「神的病歷簿」等作品呈現出富有情感的演出和描寫，讓觀眾深受感動。跨越前後兩篇的新穎青春電影，誕生於此。 ,2020-09-25,片長：02時06分,劇情,D:\Users\Administrator\gb5566\yahoo_ptt\media\movie\images\yahoo\重啟咲良田後篇.jpg,0.0,重啟咲良田 後篇
99,★1998年柏林影展金熊獎、最佳女主角等三項大獎 ★1999年奧斯卡金像獎最佳外語片、最佳女主角提名、金球獎最佳外語片 ★二十二週年數位修復經典傑作，全世界上最好看的電影國際首映 ★一生必看十大電影_多倫多時報 ★感人肺腑、熱淚盈眶_洛杉磯時報 ★精采絕倫的演技_綜藝報 ★最後結局絕對讓你哭著離場_芝加哥太陽報 ★撼動心靈的傑作_巴西日報  中央車站是巴西里約熱內盧流量最大的車站，朵拉靠著自身識字能力，替不識字的人們寫信為生。  某日，一名少婦帶著十歲的兒子約書亞給他從未謀面的父親寫信，希望約書亞的父親能夠來里約熱內盧找他們，但少婦卻在一出車站後就意外身亡。留下孤苦無依的約書亞在城市裏頭，隻身流落街頭著，本來為人現實的朵拉由於母性的驅使和內心的善良下，答應約書亞要去陪他尋找到父親。  剛開始兩人的相處是十分不愉快，但一路上他們不斷遇到重重難關時，對彼此卻越來越能坦誠相對，而在這段旅程中，朵拉與約書亞相伴在一起，約書亞尋找著父親，朵拉卻也同時尋找到了自己。 ,2020-09-11,片長：01時51分,,D:\Users\Administrator\gb5566\yahoo_ptt\media\movie\images\yahoo\中央車站：數位修復版.jpg,4.6,中央車站
97,18世紀天主教耶穌會修士深入南美叢林向當地原住民瓜拉尼人（Guaraní）傳教。曼多薩(勞勃狄尼洛飾)是西班牙殖民地的傭兵，他發現自己的弟弟與未婚妻的不倫戀後手刃了弟弟，他雖免於死罪卻愧對良心，在耶穌會修士加百列(傑瑞米艾朗飾)勸說下，曼多薩跟隨修士前往他們傳教的地方，友善的瓜拉尼人感動了曼多薩，他便在修士加百列與約翰(連恩尼遜飾)的見證下成爲了一名耶穌會修士。隨著西葡馬德里條約生效，傳教地被移轉給葡萄牙殖民，葡萄牙人認為耶穌會所建立的平等社會有礙於奴隸制，因而展開一場浴血之戰。  【關於電影】  史詩鉅作《教會》集結雙影帝勞勃狄尼洛、傑瑞米艾朗與人氣影星連恩尼遜同台演出，飾演在西班牙與葡萄牙交鋒的局勢下，努力為南美叢林的瓜拉尼人爭取生存空間的耶穌會修士，在戰火進逼的情況下面臨內心信念的掙扎，精湛演技直擊人心。導演羅蘭約菲也坦言面臨到一般好萊塢導演不會遇到的選角困難，必須找到介於現代與原始中間的印地安人來演出瓜拉尼人，他說：「我們電影拍的是道德上的模稜兩可，我希望片中的印地安人也是介於一種中間的狀態，最後我們找到了有接觸傳教士卻仍保有他們生活與歷史的瓦娜娜部落。」總計4個村落約300位瓦娜娜居民成為電影臨演，在劇組訓練6週後再用飛機送往拍攝地點，拍攝期間都有專門人員擔任翻譯和戲劇指導，拍到後期瓦娜娜人都會在拍完後聚在一起互相指導彼此。而導演羅蘭約菲更透露起初瓦娜娜人還在考慮要不要答應合約的時候，他曾遇到兩個願意參與演出的村民，村民開了個條件是不能讓他們的小孩參與，理由是他們認為電影拍攝完後所有人都會被殺掉，若孩童也慘遭毒手，那瓦娜娜部落便後繼無人，導演羅蘭約菲說：「相對我的震驚，他們的態度卻很平靜，我不懂他們這種想法從何而來，但這讓我更確信這部電影必須讓他們演出，讓他們能有對外表達的機會。」,2020-09-11,片長：02時05分,冒險,D:\Users\Administrator\gb5566\yahoo_ptt\media\movie\images\yahoo\教會.jpg,4.4,教會
86,,2020-09-11,片長：01時32分,懸疑/驚悚,D:\Users\Administrator\gb5566\yahoo_ptt\media\movie\images\yahoo\密弒直播.jpg,3.1,密弒直播
96,★ 爆笑超越《雞不可失》，南韓年度最瘋狂動作喜劇！ ★ 南韓影史首部劫機動作喜劇，意想不到的救援英雄爆笑登場！ ★ 地面賣麻花，空中救全家，前所未見、高潮迭起的逆轉動作喜劇！ ★《偷天對決》、《王牌計中計》、《北風》製作團隊爆笑打造！ ★《白頭山：半島浩劫》、《極限逃生》視覺公司打造超狂特效場面！ ★ 集結南韓華麗卡司，帶來搞笑無極限的完美動作喜劇！ ★「韓流天后」嚴正化再展矯健身手，麻花店老闆娘帥氣變身女打仔！ ★《闇黑新世界》陰森奸角朴星雄，將以前所未見的最可愛形象登場！ ★「國民女婿」李相侖跳脫暖男形象，大展身手詮釋反派恐怖劫機份子！ ★《明明會說話》搞笑特務裴正楠，延續喜劇戲路，化身神經質新人空少！  地表最強大媽，拯救空中危「機」  ★ 爆笑超越《雞不可失》，南韓年度最瘋狂動作喜劇！ ★ 南韓影史首部劫機動作喜劇，意想不到的救援英雄爆笑登場！ ★ 地面賣麻花，空中救全家，前所未見、高潮迭起的逆轉動作喜劇！ ★《偷天對決》、《王牌計中計》、《北風》製作團隊爆笑打造！ ★《白頭山：半島浩劫》、《極限逃生》視覺公司打造超狂特效場面！ ★ 集結南韓華麗卡司，帶來搞笑無極限的完美動作喜劇！ ★「韓流天后」嚴正化再展矯健身手，麻花店老闆娘帥氣變身女打仔！ ★《闇黑新世界》陰森奸角朴星雄，將以前所未見的最可愛形象登場！ ★「國民女婿」李相侖跳脫暖男形象，大展身手詮釋反派恐怖劫機份子！ ★《明明會說話》搞笑特務裴正楠，延續喜劇戲路，化身神經質新人空少！  地表最強大媽，拯救空中危「機」 人氣麻花店老闆娘美英（嚴正化飾演），雖然一家人生活艱困，但她卻非常珍惜家人。某日，她意外獲得夏威夷旅行的機會，讓她帶著電腦修理高手老公石煥（朴星雄飾演）與女兒，展開人生首次的海外之旅。就在她們準備登機時，一群恐怖分子也登上同一班機，並在起飛後不久劫持了整架班機。眼看人生最大的幸福即將變調，也為了拯救家人與其他乘客，美英決定放下平凡過往，展現她隱藏已久的內功，開始營救全機乘客…。  【關於電影】  爆笑超越《雞不可失》，年度動作喜劇就看這一部 《特務搞飛機》是南韓影史首部以「劫機」作為題材的話題電影，故事描述麻花店老闆娘「美英」，和她專作電腦修理的年下老公「石煥」，兩人在生平首度的家庭旅行當中，為了拯救被劫持的班機，而展開一場超ㄎㄧㄤ的爆笑動作救援，並將透過動作、諜報、喜劇等多樣看點，挑動觀眾捧腹大笑的神經。全片不僅將在銀幕上展現痛快不已的動作場面，更將在放聲歡笑的同時，帶來驚心動魄的劫機場面。尤其主角並非是有特殊能力的超級英雄，而是過著平凡生活的普通人，因為是班機上的唯一救星，意外成為了全機的救援英雄。除了男女主角之外，還有為了活捉目標而劫機的恐怖份子、夢想成為特務的空少、看似可疑的神秘女人、目中無人的國會議員，本片編劇為各個人物注入不同的情境與設定，即便大部分都在有限的機艙空間當中，導演也透過高超的場面調度功力，讓觀眾絲毫不會感到無趣，甚至還有許多劇情反轉，讓觀眾在電影結束之前，一刻都無法移開視線。  本片演員也是一時之選，憑藉電影《大浩劫》吸引千萬觀眾，並陸續榮獲百想藝術大賞、大鐘獎最佳女主角獎肯定的嚴正化，將從「韓流女王」搖身一變，成為解救全機的麻花店老闆娘。她將完美消化高強度的動作演技，並以無極限的爆笑魅力緊抓觀眾的心。而在《闇黑新世界》展現讓人不寒而慄角色的朴星雄，也將延續《我裡面的那傢伙》中的冷面笑匠功力，在本片化身精通電腦的高手，並與嚴正化詮釋女大男小的甜蜜夫妻。此外，李相侖、裴正楠、李先彬三位影星的加入，以及金南佶驚喜的客串演出，都將為全片碰撞出不同的火花，並為觀眾帶來爽快的爆笑場面。  不僅如此，本片也出動南韓影壇最精銳的製作團隊。首先，攝影指導金正宇將透過《明明會說話》、《致命目擊》、《偷天對決》等片所積累的技術性拍攝技法，成功拍出飛機內部的空間與速度感。曾獲青龍獎、大鐘獎肯定的美術指導朴逸賢，也為本片設計出輕快又帶些復古的配色，真實展現出全片獨特的浪漫與溫暖氣氛。而曾參與《極惡對決》、《飆風特警隊》、《北風》、《偷天對決》、《神之一手》等片的動作指導崔奉祿，也將透過獨特的動作編排，打造角色們在機艙中的極限動作。此外，曾打造出《白頭山：半島浩劫》、《極限逃生》等片的知名視覺特效公司「Demolition」，這回也為本片創造出滿足視覺的超狂特效場面，引領觀眾進入從未體驗過的搞笑動作世界。台前幕後的精采打造，不僅讓本片在上映前勇奪預售率冠軍，上映後的好評更持續升溫，並在南韓三大電影評分網站CGV獲得87%金蛋評分、Megabox觀眾評分8.5高分，更在Naver獲得觀眾9.64分極高評價。超高的娛樂性，也讓許多網友在觀賞後盛讚本片「年度最搞笑！」「是近期觀賞過最有意思的電影，強力推薦！」 ,2020-09-11,片長：01時41分,喜劇,D:\Users\Administrator\gb5566\yahoo_ptt\media\movie\images\yahoo\特務搞飛機.jpg,4.1,特務搞飛機
92,《蠟筆小新》將以充滿無限想像的「塗鴉」主題，帶各位將視角集中在充滿神秘的「塗鴉王國」上，原本依靠豐富隨意的「塗鴉」作為運作來源的「塗鴉王國」，是以自由的塗鴉為能量來源，漂浮於空中的一個王國。但是，隨著時代變遷，近年在地面上看到塗鴉的機會減少，導致王國能源不足而快毀滅了…「塗鴉王國」的皇家軍隊賭上國家命運，開始進攻地面！！沒想到他們來到的地方，竟然是小新等人居住的春日部！！塗鴉王國珍寶「奇蹟蠟筆」能讓畫出來的東西動起來獲得珍寶的那位勇者就是－「超樂天的五歲小朋友」野原新之助！究竟小新能不能和他大筆畫出的塗鴉們一起拯救世界呢？,2020-09-11,片長：01時43分,喜劇,D:\Users\Administrator\gb5566\yahoo_ptt\media\movie\images\yahoo\蠟筆小新：激戰！塗鴉王國與差不多四勇者.jpg,4.5,蠟筆小新
77,★2020華語影壇最豪華陣容打造首部海上驚悚災難片 ★取材遠航船隻，口耳相傳恐怖事件！ ★性格男神王陽明、億萬票房男星鄭人碩攜手金鐘影后柯佳嬿領銜主演 ★金馬影帝李康生、金鐘最佳男配角李李仁，金獎陣容驚喜出演  大海是神秘的，它孕育了生命，也藏著許多未知事物；而人們尚未警覺，不斷用文明摧毀自然，將受到大自然的反撲。  救難隊員阿傑（王陽明 飾）跟同伴在狂風暴雨中救援一艘觸礁油輪，卻遇到頑抗不願放棄的船長，同時一個黑影從深海出沒，把所有人都拖進海裡，倖存的阿傑從此背負著同僚死亡的陰影，變得頹廢喪志。  多年後，阿傑克服陰影再次登上漁船，卻遭受船員阿泰（鄭人碩 飾）、副船長阿丁(李李仁 飾)等人不斷挑釁。某天，眾人救起因遊艇翻覆落海的小菁（柯佳嬿 飾），船上因為小菁的闖入產生微妙變化，船上開始意外頻傳，有人落海失蹤、有人意外死亡，食物跟飲水更遭到破壞；船艙因為空間壓迫，空氣跟食物的匱乏，人們開始鼓噪驚惶失措，從互相扶持變成自相猜疑。  受困的眾人面對暴風嚴峻的考驗之際，卻發現最危險的還遠遠不止於此，水底有著未知生物在覬覦著…猙獰相對的眾人必須放下成見，攜手合作才能生存。 ,2020-09-11,片長：01時47分,懸疑/驚悚,D:\Users\Administrator\gb5566\yahoo_ptt\media\movie\images\yahoo\海霧.jpg,2.9,海霧
95,★橫掃歐洲各大影展 勇奪8項德國奧斯卡蘿拉獎 ★天才童星海倫娜·澤格爾 震撼影壇 奪影史最年輕影后 ★國際影評盛讚 榮獲第21屆台北電影節-最佳影片 ★2020年奧斯卡「最佳國際電影」德國代表 ★2019柏林影展- 阿爾弗雷德鮑爾銀熊獎  她宛如混世魔王，獨自徘徊在瀕臨崩潰的世界邊緣… 啊～～～去死！！！走開，豬頭！臭矮子閃邊去！ 教室裡，年僅九歲的班妮臉上掛彩，發出死亡般的吼叫聲咒罵著同學。憤怒沖腦的她是社福機構裡最危險的不定時炸彈。數度被強制送醫的她，總在看似病情獲得控制後又急轉直下。在班妮一次次情緒失控下，週遭人們對她的寬容與耐心也逐漸動搖，社工們各個都對她束手無策，最終他們決定聘請青少年輔導員-米查做最後的嘗試。  米查提議讓他們在森林中度過一段時間，企圖藉由大自然的力量讓班妮脫離爆炸的人生。剛開始森林生活對米查與班妮都是嚴峻的考驗，但隨著時間的推移，雙方漸漸取得彼此的信任，一起蓋小屋、作飯、螢火玩耍。這是短期好轉的假像，還是米查真的成功改造班妮了嗎？回到文明社會的班妮有辦法融入嗎？班妮的唯一願望是「與媽媽同住」，卻因病情不穩而無法實現，她這次有機會了嗎？  【關於電影】  電影以「問題兒童-班妮」為主題出發，根據統計全球每100位兒童就有5～7位像班妮這樣患有好動及過動症狀的問題兒童，從小就在各種輔導機構與醫院穿梭的他們無法融入一般社會。隨著故事的推進，單純渴望得到母愛的班妮，在一次次情緒失控後再度被強制隔離，這樣的狀況使她內心感到更加不安，病情更加惡化。  本片不僅在歐洲各地大放異彩，去年也拿下台北電影節最大獎「最佳影片」。評審團稱許這部作品角色塑造極具說服力，攝影、剪輯、聲音與美術的處理策略鮮明，作者風格突出。演員整體表現亮眼，是從劇本、演員到技術層面成熟度極高的佳作。 ,2020-09-11,片長：02時05分,,D:\Users\Administrator\gb5566\yahoo_ptt\media\movie\images\yahoo\蘿莉破壞王.jpg,4.3,蘿莉破壞王
89,★《逃出絕命鎮》《我們》製片最新原創作品 ★《關鍵少數》《月光下的藍色男孩》影歌雙棲女神賈奈兒夢內最新力作 ★ 一旦你被選中，你將無路可逃  備受推崇的知名女作家薇若妮卡（賈奈兒夢內 飾）原本過著美好的生活，然而一場精心設計的邪惡布局，令她身陷一個難以想像的可怕現實。為了活下去，薇若妮卡必須趕在時間耗盡之前，解開眼前這個離奇謎團背後的駭人真相！ ,2020-09-11,片長：01時46分,懸疑/驚悚,D:\Users\Administrator\gb5566\yahoo_ptt\media\movie\images\yahoo\顫役輪迴.jpg,3.7,顫役輪迴
97,★ 香港金像獎10項提名，影帝郭富城近年最滿意演出作品 ★ 香港社會最關注「麥當勞」遊民議題 ，聚焦邊緣階層的人生，真實揭露社會底層悲歌 ★ 家人成了陌路人，陌生人反而更像家人，劇情溫情感人，讓人淚流不止，國際影展邀約不斷，口碑滿載，好評無數  假如，我們相信，希望能燃點生命；信念能改寫人生，或許，是我們不知道，希望和信念，往往會瓦解於貧窮…… 阿博（郭富城 飾）曾是一位金融才俊，但一場股災挪用公款，淪為階下囚…… 出獄後的阿博無法面對自我，更無法面對他期待極高的年老母親（鮑起靜 飾），也對為他肩負巨大債務的妹妹感到十分愧疚，因此不想回家，從此成了無家者，活在眾多比他更沒有明天的人當中，似乎讓他找回了一些安全感。十年前，在他意氣風發之時，曾與阿珍（楊千嬅 飾）有過一面之緣，但她卻與落迫時的阿博漸漸走近，希望他重新能振作…… 阿博在快餐店內遇到不少同路人，相互改寫了各自的人生：帶著稚女的苦命媽媽，一直瘋狂打工為欠賭帳的奶奶還債，不敢回家的等伯（萬梓良 飾）、靠街頭賣畫維生的口水祥（張達明 飾）、剛離家出走的孤僻少年深仔等。眾人都以阿博為首，互相扶持，希望能盡力幫助彼此走過人生低谷。  【關於電影】  現今社會，樓價高漲、貧富懸殊、社會傾斜、人際關係疏離，各地食物鏈下的最低層，每天均過著貧苦生活！有人因為付不起昂貴租金、家庭或個人問題、亦或是節省交通費用等等各種原由，每當踏入凌晨，便會不約而同流連在各種地方如公園、天橋甚至24小時營業的速食店借宿一宵，夜宿速食店的這群人被稱為「麥難民」，成為香港夜晚獨特的景像。  電影《麥路人》靈感取材於日趨普遍的香港社會悲情實況，描繪貧窮線下的小人物，每個人都有不同的原因，聚結在24小時速食店，相助守望的感人故事。香港無家者的社會現象由2013年逐漸受關注，根據香港社區組織協會於2019年發佈的調查發現，截至2018年底，全港露宿者的登記人數由2013年的780人上升至1270人，當中接近4成是「麥難民」，增幅高達6倍。 ,2020-09-17,片長：01時54分,,D:\Users\Administrator\gb5566\yahoo_ptt\media\movie\images\yahoo\麥路人.jpg,4.3,麥路人
88,★創下台灣10度上映電影神話，日本近年最強軍武動畫電影！ ★重返戰車道！限量日本正版授權官方特典等你來拿！  平和的大洗女子學園因小桃突如其來的留級消息而騷動。 為了能順利通過AO入學考試進入大學，小桃以隊長之姿帶領大洗戰車道團隊參與冬季大會「無限軌道盃」，在面臨首戰對手ＢＣ自由學園時，卻出乎意料的陷入苦戰！  難道美穗等人以及小桃的未來將到此為止了嗎？究竟勝利將會降臨在哪一方呢？ ,2020-09-18,片長：00時57分,,D:\Users\Administrator\gb5566\yahoo_ptt\media\movie\images\yahoo\少女與戰車最終章第2話.jpg,4.1,少女與戰車最終章第2話
89,★一位失去母親的女兒、一位失去女兒的母親、一位失去摯友的閨密，她們攜手走出傷痛，一起追逐夢想！ ★最溫馨動人的劇情、最療癒的美食旅程！ ★重啟荒蕪已久的味蕾，喚醒靈魂深處的烘焙魂！ ★獻給每一位追求夢想與愛的您！  19歲的柯麗莎（Clarissa）決心要實現母親莎拉（Sarah）生前想在諾丁丘開一家烘焙店的夢想，在母親閨密好友伊莎貝拉（Isabella）以及一直過著與世隔絕生活的古怪祖母咪咪（Mimi）的幫助下，她們在倫敦共同啟動了開店的夢想，為了這個夢想，她們必須學習跨越悲傷、懷疑和意見分歧，而將這三個世代女性緊緊牽繫在一起的力量，源自於對莎拉的愛與思念。 夢想中的烘焙屋歷經了現實的種種考驗，終於復刻出莎拉夢寐以求的滋味，烘焙屋裡充滿了香氣、愛、希望和五彩繽紛的美味甜點，動人的滋味在舌尖綻放，同時也為來自世界各地的思念旅人們，訂製專屬於自己的幸福滋味。  本片的取景地諾丁丘（Notting Hill），也是休葛蘭與茱莉亞羅勃茲主演電影《新娘百分百》的英文片名及拍攝地，有著迷人風景和人文景觀，像甜點般五顏六色的街道房屋，世界各地的移民在此居住融合，彷彿是世界地球村的縮影。 ,2020-09-11,片長：01時38分,,D:\Users\Administrator\gb5566\yahoo_ptt\media\movie\images\yahoo\訂製幸福滋味.jpg,3.8,訂製幸福滋味
92,漫威影業首部驚悚作品，顛覆影迷對漫威英雄的想像，全新型態《變種人》驚悚登場。當五位擁有特殊能力的青少年被關入秘密機構，有一股超自然惡勢力正蠢蠢欲動，他們必須面對過去的罪惡，但內心的恐懼即將成真。神秘的背後似乎有巨大的陰謀正在成形，他們是否能勇敢對抗自身的力量，逃脫這一切枷鎖…,2020-08-27,片長：01時34分,冒險,D:\Users\Administrator\gb5566\yahoo_ptt\media\movie\images\yahoo\變種人.jpg,3.1,變種人
99,諾蘭導演的全新鉅作《TENET天能》演員卡司包括約翰大衛華盛頓、羅伯派汀森、伊莉莎白戴比姬、亞倫泰勒強森，肯尼斯布萊納和米高肯恩。,2020-08-27,片長：02時29分,劇情,D:\Users\Administrator\gb5566\yahoo_ptt\media\movie\images\yahoo\TENET天能.jpg,4.1,天能
88,★ 女神蒂妲絲雲頓奠定江山代表作 ★ 英國傳奇名導莎莉波特一戰成名 威尼斯競賽片 享譽國際 ★ 我不是男，也不是女 穿越時空四百年的自我追尋之旅 ★ 突破當代性別意識的超前衛電影 ★ 兩項奧斯卡提名 英國奧斯卡最佳化妝得主  故事述敘主角四百年的傳奇生涯。出身英國貴族的歐蘭朵，是伊麗莎白一世時的美少年，做過其侍衛深得寵幸，並被賜予「不凋零不老去」。在一次次的沉睡後，從性別的錯亂覺醒，享有永恆青春的他/她，品嚐過愛情的甜蜜，面對創作的折磨，和戰爭的荒誕。他談過與俄羅斯公主的戀愛，也曾躲進文字裡尋求失戀的解脫；他為躲避煩擾自請出使東方，還與可汗結下友誼，又因英國殖民主義的利益衝突而破裂。精神受到衝擊的他陷入昏睡，一覺醒來變成女性。四百年後，歐蘭朵來到了現代，與單親撫養的女兒重回貴族時的古堡領地，雖然她不再擁有財富和地位，但卻終於擁有自由，成為一個二十世紀的獨立女性。  改編自維吉尼亞吳爾芙的同名小說，1993年轟動歐美影壇的傑作，27年後在台灣大銀幕重現，這也是台灣首度數位高清版的院線上映。 ,2020-08-28,片長：01時33分,奇幻,D:\Users\Administrator\gb5566\yahoo_ptt\media\movie\images\yahoo\美麗佳人歐蘭朵.jpg,4.1,美麗佳人歐蘭朵
90,★荷蘭鹿特丹國際影展 最佳影片老虎獎 ★維也納國際影展 費比西影評人獎 ★東京FILMeX影展 最佳影片 ★2000年《時代雜誌》年度10大電影  在上海蘇州河上，騎摩托車替人送貨的馬達，接下接送少女牡丹的工作，兩人日漸相處愛上彼此，但就在她決定把終身託付給對方時，馬達財迷心竅，聯合黑道朋友綁架了她，令牡丹心灰意冷，一氣之下跳進蘇州河。臨跳前，牡丹留下遺言：「我要是跳下去了，我會變成一條美人魚來找你的。」  五年後出獄的馬達，在酒吧遇見一位扮成金髮美人魚的酒店女郎美美，和牡丹長得一樣，然而美美表示絲毫不知情牡丹的事，但聽著故事開始仰慕馬達對牡丹的愛，馬達則陷入心理交戰，他直覺牡丹一定還在世上，決心要找到她...  【創作背景】  《蘇州河》是婁燁導演的第3部長片作品，與《危情少女》、《周末情人》和之後的《紫蝴蝶》一樣都是以上海為背景並在當地拍攝完成的。上海不只是婁燁的出生、求學之地，更是讓他為人所知，孕育他創作出這些經典早期作品的靈感城市。《蘇州河》是婁燁自編自導作品，他堅持全程參與實驗性創作，時時都在思考、修改、找尋靈感，他以獨具的抒情文學性敘事、似真似假的人物設定、神秘的主觀旁白，創作出這個迷人上海都會裡，中下階層小人物不凡的淒美故事。  婁燁獨具慧眼，無懼相中當時毫無名氣的演員來擔當主演，卻總成功一舉將他們推上巨星之列。從劇場出身的賈宏聲，並非傳統典型電影演員，然而婁燁深受他有靈性的自然神韻所打動，堅持要讓這位藝術圈好友變成他鏡頭下的男主角。而當年出道不久沒沒無聞的周迅，與婁燁的相遇卻是在一次北京酒吧聚會上，她的美貌與純真機靈的性格讓人印象深刻，婁燁看見了她的潛力，大膽找上她擔當主演，而《蘇州河》後的周迅果真一戰成名，甚至躍上國際舞台。  【回顧20年】  身為千禧年第六代導演浪潮的代表人物之一，婁燁即使與所有同代影人一樣必須面對大環境資金資源短缺、電影審查、無法上映等困境，但他堅持以自己的創作、實驗性的電影語言，嘗試不落俗套地為故事找到最適合的呈現方式。婁燁沒有因大時代的不安而迷失，他很確定要走出與眾不同的道路，對自由與原創的自我表達是他從影以來一貫的理念，而《蘇州河》就是在這樣的精神下誕生。拍攝進入後期階段，開始面臨預算不足的困境時，婁燁因緣際會下認識了當時也沒沒無聞的製片人菲利浦泊拜（Philippe Bober），想不到正是獲得坎城影展金棕櫚大獎《抓狂美術館》（The Square）的重量級製片。  當初一起在藝術圈打拼的菲利浦泊拜，原打算參與婁燁未來的製片計畫，卻一次無意間搶先看到了《蘇州河》的半成品，被這個質樸唯美又奇幻的作品深深打動，看見它更多可能性，所以在最後一刻決定加入後期製作，並找來了剪輯師卡爾里德（Karl Riedl）、配樂家約克萊茵伯格（Jörg Lemberg），讓《蘇州河》搖身變成一部歐陸合製作電影，增添了與同期電影完全不同的迷人色彩。20年了，如今菲利浦泊拜成為坎城金棕櫚肯定的知名製片，婁燁更早已成為國際肯定的代表性華人導演，而周迅更是華語影壇的影后級指標名人！回頭看當年這群來自各地，為夢想奔走的年輕人們，他們無畏地走出了不確定的年代，並找到了屬於自己的無限道路，更為影壇後備帶來深遠啟發。,2020-08-28,片長：01時20分,,D:\Users\Administrator\gb5566\yahoo_ptt\media\movie\images\yahoo\蘇州河.jpg,3.9,蘇州河
91,★根據台灣送肉粽民間習俗改編 ★金馬影帝李康生親身上陣搏命演出祭吊煞 ★淒厲邪靈連環奪命鬼王鍾馗命懸一線 ★金獎團隊製作恐懼指數刷新你的感官極限  十七歲的佳敏(許安植飾)從小擁有靈異體質，她被阿姨玉蘭收養，雖然玉蘭對她疼愛有加，但姨丈昌仔(顏正國飾)卻對兩人長期家暴。某日，佳敏的國中同學芊芊，和網紅男友灰熊(孫安佐飾)想拍攝著名的民間傳說「椅仔姑」，希望由佳敏召喚神靈，吸引直播流量。過程中灰熊為求畫面精彩，故意激怒椅仔姑，召靈情況失控，幸而得到路過的火哥(李康生飾)相助，才化解危難。  火哥與佳敏一樣擁有靈異體質，且配戴著師父金龍師(雷洪飾)傳給他的五雷令項鍊，他擁有「鍾馗身天命」，可以召喚鍾馗降妖伏魔。五年前，火哥與金龍師、師兄阿西法師(陳博正飾)至毒窟除煞，遇到異國邪靈「鬼師傅」。除煞過程中，火哥遭入魔身陷險境，從此喪志像灘爛泥，成天喝酒逃避，但天命的機遇仍不斷找上他…  邪靈鬼師傅引發連續多起上吊事件，佳敏的阿姨玉蘭遭附身，許多無辜民眾也遭受牽連，極度的恐懼降臨在整個小鎮之中。「你有兩個選擇，一輩子逃避，或者勇敢面對。」金龍師曾對火哥這麼說，火哥把這句話，轉送給想救阿姨的佳敏。其實這句話，也是火哥要對自己說的，「天命，中邪，一線之隔。」一場驚悚激烈的神鬼對峙將全面展開…  【電影介紹】  《粽邪》於2018年創下全台暑假檔期華語票房冠軍，主創團隊延續民間「送肉粽」的儀式概念，以更高預算打造更高規格的續集電影，將觀影恐懼感提升至新境界。《馗降：粽邪2》故事除圍繞在悼念上吊往生者「送肉粽」儀式外，更加入了台灣民俗信仰元素「椅仔姑」，以及更淒厲更邪惡的異國邪靈。此次由金馬影帝李康生親身上陣，演繹擁有「鍾馗天命」的法師，這份「天命」帶給他巨大的挑戰與負擔，甚至陷入凶險的性命危機。電影將於農曆鬼月隆重上映，極致的驚悚環節與刺激的神鬼對峙，《馗降：粽邪2》將在今年暑假帶給你驚涼快感，再創台灣國片話題巔峰！,2020-09-02,片長：01時44分,懸疑/驚悚,D:\Users\Administrator\gb5566\yahoo_ptt\media\movie\images\yahoo\馗降：粽邪2.jpg,3.9,粽邪2
83,★連霸日本雙週冠軍，十天突破票房二十億！！ ★原班人馬瘋狂回歸，演員陣容絕贊升級！！ ★保證讓你笑到抽筋，銀魂導演最新力作！！ ★大咖巨星崩壞扮醜，超有哏魔性看個夠！！ ★4000萬本漫畫熱銷，日劇破億點播熱潮！！  「告訴你啦！！我很強又夠卑鄙，所以我天下無敵啦！！」  三橋貴志（賀來賢人 飾）和伊藤真司（伊藤健太郎 飾），兩個文質彬彬高中生在同一天轉學，並且決定在新學校開始「囂張」，從此做個不良少年；所以兩人決定改變髪型，剛好在兩間相鄰的理髪院「變型」，也發現了彼此的秘密，因此結成盟友。這就是他們相識的開始。  三橋染了一頭耀眼金髮，他的信念是「無論用卑鄙的手段，只要能贏就行！」不僅要稱霸高校，還立志成為日本最強的男人。伊藤頂著浮誇刺蝟頭，充滿男子氣概又富有正義感，常常被三橋利用卻不自覺，帥氣臉龐風靡許多高中少女的心。兩人憧憬成為硬派不良少年，誤打誤撞組成最佳拍檔，迎戰無數強敵，登上校園大哥大的寶座。兩個人不斷挑戰校內校外的不良少年，引發了一連串爆笑事件，也成為校園傳說！  要囂張就要做到最囂張的！某天，2人曾進行死戰的不良高中-開久高校被鄰鎮的北根壞高校借用。當中柳銳次（柳樂優彌 飾）及戰鬥力高的巨漢-大嶽重弘（榮信 飾）壓制全校學生，並向同學們出售高價「御守」，不買的人就會受懲罰威脅，他們與三橋及伊藤因此引爆衝突激戰，大哥大們將遭遇此生最大性命危機！！  【關於電影】  以漫改電影《銀魂》知名的導演福田雄一再度出招，於2018年將《我是大哥大》改編成同名日劇，大膽玩壞眾多帥哥美女！除了還原漫畫復古造型，演員還得賣帥搞笑；賀來賢人化身卑鄙的金髮惡魔還要扮女裝，新生代男神伊藤健太郎頂上怪異刺蝟頭，而千年一遇美少女橋本環奈則是要翻白眼咆哮演不良大姐頭，再一秒切換成清純嬌弱的可愛小女友！這麼有哏的日劇播出後果然大受歡迎，火紅到相關影片在網路上累積超過一億播放次數，引起大熱潮！ 日劇粉絲直喊：「看不夠！」2020年，總算讓我們千呼萬喚出《我是大哥大！！劇場版》！  電影版將原作「VS北根壞高校篇」搬上大螢幕，除了日劇原班人馬外，還追加多位新角色，分別是北根壊高校的首腦-柳鋭次（柳樂優彌 飾）、永架高校的女番長森川涼子（山本舞香 飾）等新卡司。柳樂優彌飾演狡猾的反派-柳鋭次，長直髮披肩、根根分明的稀疏瀏海，神還原復古裝束！全片仍會有笨蛋情侶伊藤健太郎和橋本環奈，繼續聯手閃瞎眾人！ ,2020-09-04,片長：01時54分,喜劇,D:\Users\Administrator\gb5566\yahoo_ptt\media\movie\images\yahoo\我是大哥大！！劇場版.jpg,4.1,我是大哥大
90,★ 《鮮胎活剝》導演打造影史恐怖血腥經典前傳 ★ 見證史上最令人聞風喪膽的殺人魔「皮面人」的成魔之路...  本片故事發生在《德州電鋸殺人狂》之前，聚焦變態連續殺人魔「皮面人」青少年時期，進一步解釋了「皮面人」對人皮的特殊偏好從何而來。從小就被關在精神病院的皮面人，與另外三名病患一同逃離精神病院，並擄走了一名年輕護士後，展開了一趟血腥殘酷的公路之旅，而追捕他們的，是一名同樣瘋狂的德州騎警……,2020-09-04,片長：01時28分,懸疑/驚悚,D:\Users\Administrator\gb5566\yahoo_ptt\media\movie\images\yahoo\德州電鋸殺人狂前傳：皮面人.jpg,3.8,德州電鋸殺人狂前傳
65,★迪士尼經典動畫《花木蘭》真人版登上大銀幕 ★仙女姐姐劉亦菲化身花木蘭 ★穿上戰袍挑戰高難度武打動作 ★集結亞洲巨星功夫皇帝李連杰、《葉問》甄子丹、國際影后鞏俐同台飆戲  迪士尼帶來的《花木蘭》，重新再現了有著數百年歷史的中國詩歌中，不朽的傳奇女戰士。這部真人電影秉承其中國的根源，也呈現了華裔巨星與年輕新秀的精彩結合。  知名電影人妮琪卡羅將花木蘭的史詩傳奇化為現實，變成一場激勵人心的精彩冒險，一位無畏的年輕女子出於對家庭與國家的愛而冒著生命的危險，成為中國史上最偉大的戰士之一。當皇帝頒佈法令，每個家庭都要派出一人從軍服役，以保衛國家免受北方侵略者的危害，花木蘭，一位知名戰士的長女，代替她年老體衰的父親，假扮成男人，花軍。她通過每一次的考驗，充分利用她的內在力量，發揮自己真正的潛力。這個史詩般的旅程，將她轉變為一位優異的戰士，並讓她贏得國家的感謝與尊敬，以及父親的引以為傲。 ,2020-09-04,片長：01時55分,奇幻,D:\Users\Administrator\gb5566\yahoo_ptt\media\movie\images\yahoo\花木蘭.jpg,2.6,花木蘭
100,29歲的主人公大貫始（丸山隆平 飾）以前是小偷，現在已經改過自新成為一位每日默默耕耘的焊接技工，他和戀人藤岡美沙(高畑充希飾演)一直過著窮困但幸福的小日子，有一天他偶遇昔日小偷同夥畠山則男(宮川大輔飾演)，大貫被畠山威脅要潛入繪本作家的豪宅偷竊。而在偷竊的過程中，大貫意外遇到了不同的人物，他們都誤認為大貫是「豪宅的主人」、「繪本作家–前園俊太郎」和「奥江編輯」，為了不被這些人發現自己是小偷，大貫就開始扮演不同身份，試圖瞞天過海逃出豪宅。  【關於電影】  《小偷演員》是由原著舞台劇「小偷演員」作者 西田征史 擔任導演和編劇，傑尼斯關8成員 丸山隆平 以及甜美女星 高畑充希 主演。影片講述曾經是小偷的主人公進入豪宅行竊，卻被誤認成豪宅的主人、繪本作家和編輯，每次演繹不同角色的喜劇故事。,2020-09-11,片長：01時54分,,D:\Users\Administrator\gb5566\yahoo_ptt\media\movie\images\yahoo\小偷演員.jpg,3.8,小偷演員
97,★ 2020白色情人節，最純粹可愛，又帶有一絲傷心的初戀告白 ★ 億萬名導林孝謙編劇，改編知名作家肆一同名暢銷作品 ★ 集合台灣新生代清新組合，再造愛情電影全新CP  田筱湘（陳妤 飾）是個熱愛肆一散文及塔羅牌算命的女孩，但內心深處，她還有另一個摰愛，就是青梅竹馬的李助豪（曹佑寧 飾），在她求神問卜算出天時地利人和的時機，準備要告白時，李助豪竟先向校花網紅，也是她的好友宋依靜（林映唯 飾）告白了！  宋依靜卻對李助豪開了交往條件，她要求李助豪展現追求誠意的任務就是必需促成3對絕緣的男女展開戀情！包括：冰山美人的美術老師史東與暗戀她多年的健身房老闆劉志晾，還有全校最討人厭的怪妹阿余，她病態般的不停向校草羅丹尼公開示愛，以及黑社會大姊頭御姊竟然看上了哲學系的阿山，要讓這3對神組合交往，簡直是MISSION IMPOSSIBLE。  一向是工具人的李助豪竟傻傻同意要求，消息一出轟動全校，其實束手無策的他趕忙向好友田筱湘求援。田筱湘初戀破滅，卻因捨不得看著好友難過，不得不懷著複雜心情，半推半就下同意幫忙，她心中的初戀會走向剛剛好的完美結局嗎？ ,2020-08-21,片長：01時48分,劇情,D:\Users\Administrator\gb5566\yahoo_ptt\media\movie\images\yahoo\可不可以，你也剛好喜歡我.jpg,4.6,可不可以，你也剛好喜歡我
99,★風靡全台「北海小英雄」小威重返大銀幕，暑假唯一親子動畫電影！ ★驚險的航海冒險，當「北海小英雄」小威遇上「北歐神話」雷神索爾，全新風格，視覺效果直逼《馴龍高手》。 ★戳戳鼻子、動動腦筋、「啊哈」一聲「有了」，五六年級生最懷念的卡通，小小腦袋瓜總能蹦出令人驚喜的點子鼓舞人心。  在層層冰封的維京群島中有一個布蘭村，住著一群維京海盜，他們個性單純熱情，但有勇無謀，靠著村長，也是海盜船船長哈維帶著大家賺錢謀生。  哈維的兒子小威一心嚮往登上父親的維京船，沿著北歐海岸展開刺激的冒險，但哈維不確定兒子是否有本事成為一名真正的維京戰士。當哈維從多年的死對頭屎凡那裡偷來一支神祕的寶劍，他們發現寶劍擁有神奇的力量，竟然能點物成金，哈維和村民興奮過頭，胡亂使用，竟誤將小威的母親變成了一座黃金雕像。  為了解除魔咒救回母親，小威和琪琪偷偷溜上船，與父親一同踏上前往神奇的洛基峽灣，在這場充滿驚奇和危險的旅程中，小威不會錯過機會向他父親證明，他確實有本領成為真正的維京海盜。  本故事並結合北歐神話，與雷神索爾驚喜相遇，是本片一大驚喜與賣點。  【關於北海小英雄的故事】  電影的主人翁小威源自於1963年出版，由瑞典作家努勒強森所寫的童書《維京海盜小威》，1974年由德國和日本共同製作卡通版本，在日本首播後獲得廣大迴響，也陸續於歐洲、亞洲與美洲的多個國家以不同的語言版本播出，電視卡通熱播超過40年，版權賣到超過130個國家，是名聞全球的冒險趣味動畫。 1978年《北海小英雄》在台灣首播，1982年及1990年也曾播出不同配音版本，極受觀眾的喜愛，2013年也曾再度重播，尤其主題曲傳唱率極高，是5、6年級生共同回憶的經典作品。  小威生性敏銳有創造力，小小腦袋瓜總能想出令人驚喜的聰明對策鼓舞人心，戳戳鼻子，動動腦筋「啊哈」，一聲「有了」，小威向小孩和大人證明，想更快速又更有效地克服挑戰，那就要善用卓越的點子和聰明才智，而不是動用武力，強烈傳達「運用智慧」這個歷久彌新的價值觀。 ,2020-07-31,片長：01時22分,冒險,D:\Users\Administrator\gb5566\yahoo_ptt\media\movie\images\yahoo\北海小英雄.jpg,4.0,北海小英雄
82,,2020-07-31,片長：02時03分,,D:\Users\Administrator\gb5566\yahoo_ptt\media\movie\images\yahoo\日間演奏會散場時.jpg,3.9,日間演奏會散場時
82,★ 2020柏林影帝之作．義大利梵谷 傳奇再現 ★ 20世紀瘋子天才畫家 安東尼奧利加布 傳記 ★ 坎城影帝 艾利歐傑曼諾 脫胎換骨驚人詮釋 ★ 榮獲 義大利銀緞帶最佳年度電影 多項大獎  一生瘋狂，卻無法阻止他創作 電影回顧 安東尼奧利加布 震驚全義大利的戲劇性人生，自幼就展現繪畫天賦的他，童年卻十分坎坷，義大利父母非法到德瑞邊境打零工，母親過世後，被送給一對夫妻收養，但精神問題卻讓他不受歡迎，隨著身分問題被揭發，而被迫遣送回義大利。一生顛沛流離，進出精神病院無數次，直到認識了一名雕刻家，開始學習畫畫和雕塑，而成為了20世紀重要的素人藝術畫家。電影由義大利金像導演 喬治歐迪里蒂 指導，今年柏林影展首映獲得熱烈回響，義大利金像三度稱帝的坎城影帝 艾利歐傑曼諾 如附其身的強大演技，更是不負眾望一舉榮獲柏林影展最佳男主角等多項國際大獎，重新喚起藝術史上一代狂人的傳奇色彩。,2020-08-07,片長：02時00分,,D:\Users\Administrator\gb5566\yahoo_ptt\media\movie\images\yahoo\隱藏的畫家.jpg,4.1,隱藏的畫家
76,★女生小圈圈　閨蜜還是敵人？ ★《甜蜜殺機》連奕琦監製　年度話題校園片 ★開美肌 婊心機　社群風暴將席捲花邊少女少男們  神秘寡言的轉學生允蘅，初來乍到就被捲入暗潮洶湧的女孩心機；想連任校園親善大使的可茜，想方設法建立自己的姐妹勢力；率真直言的力加，看不慣可茜恩威並施的手段，挺身而出的同時卻也陷入鬥爭的漩渦，姊妹過招各鬥心機。一場生日派對後，少女被偷拍的性愛影片在網路上流傳，流言蜚語四起，少女花邊日記開始變調。  直播、偷拍、肉搜，少男少女們的校園小圈圈不再平靜，一場風雨欲來的網路社群風暴即將襲來！為好友伸張正義的她，在越接近真相的同時，也揭露校園內令人坐立難安的真相……。,2020-08-07,片長：01時22分,,D:\Users\Administrator\gb5566\yahoo_ptt\media\movie\images\yahoo\哈囉少女.jpg,4.0,哈囉少女
83,在愛情的世界裡，我們是彼此的怪胎。 陳柏青是一名嚴重神經性強迫症患者，有非常嚴重的潔癖，非不得已要出門時都是全副武裝；穿防塵衣、戴手套、戴口罩，還會不停的洗手，所以他幾乎沒辦法正常社交生活。在一般人眼中，柏青就是個異於常人的怪胎。每月的15號是柏青唯一一天出門採買的日子，就在某個命運的15號，他遇見了與他「同病相憐」的另一個怪胎—陳靜。陳靜除了跟柏青一樣有嚴重的潔癖之外，她的皮膚只要在家以外的地方待上超過四小時就會嚴重過敏，全身長出紅斑。原本以為自己要永遠孤單活在這世界上的兩人，老天爺讓他們相遇，發展出一塵不染的愛情，彷彿擁有了彼此就不再害怕被世界遺棄。然而這段看似命中註定的關係，卻在柏青的強迫症突然消失後，漸漸的變了調…愛情的承諾，真的能永保新鮮嗎？ ,2020-08-07,片長：01時44分,劇情,D:\Users\Administrator\gb5566\yahoo_ptt\media\movie\images\yahoo\怪胎.jpg,4.0,怪胎
97,《天劫倒數》故事敘述一顆名為「克拉克」的彗星，從地球旁邊高速掠過，其大型碎片落入地球，造成城市毀滅與難以估計的生命財產損失。政府緊急開放給某些人有資格躲入地下緊急避難所，以躲避48小時後更具毀滅性的隕石衝擊，約翰蓋瑞迪(傑哈巴特勒 飾)雖然不明白自己為何被選中，但是他決定把握這個機會，為自己與家人爭取活下去的機會。,2020-08-12,片長：02時00分,,D:\Users\Administrator\gb5566\yahoo_ptt\media\movie\images\yahoo\天劫倒數.jpg,3.9,天劫倒數
92,★禾浩辰、賴雅妍繼《等一個人咖啡》再度同框，2018金馬入圍、台北電影獎最佳短片獎導演王逸帆執導 ★《紅衣小女孩》系列電影總監製曾瀚賢最新力作 ★立法院爆發活屍病毒！多數立委高官遭到感染，互撕互咬，鮮血直流，高層下令全數殲滅控制疫情  標準魯蛇王有為（禾浩辰 飾）是立法院裡的替代役，卻在立委熊穎穎（賴雅妍飾）與反派立委的衝突中，意外害熊穎穎使用暴力，不得不引咎辭職，她便強硬的要求王有為替她把立委選回來。連班長都沒當過的王有為就這樣補選上了立委！  新科立委王有為上任的某天，立法院爆發化工廠流出活屍病毒，立委高官甚至總統一個個互咬變成活屍，瞬間快速傳染，所有立委成了活屍，立法院成為血流成河的人間煉獄。王有為在與活屍立委廝殺的過程中，發現自己竟對病毒免疫，他與倖存者熊穎穎等人決定打爆活屍，奮力逃出立法院，因為他們全都想要活著出去，一個都不能少！  【關於電影】  《逃出立法院》中充滿政治嘲諷和黑色幽默，但這些元素皆直指故事核心概念：「家」。  故事中主角群其實就是一個來自社會各個階層的大家庭，而隨著故事發展，主角也從一個憤世嫉俗的孤兒，慢慢體會到自己的家人就在身邊，成長為一個願意付出的人。採用非典型的「活屍們」來表現現實中不盡理理想的環境，象徵那些為了自己的利益把這個地方搞得亂七八糟的人。  在爽快與活屍廝殺的同時，透過主角的成長，也讓觀眾得到「這個地方就算被搞得再爛都是我們的家，不論如何都要把這個家變得更好。」的啟發。本片透過不停的拉扯、對撞、衝突，去展開一場血淋淋且極具痛感的對話，而對話的終點在於更多的「理解」。不同世代，不管是憤怒衝撞或厭世嚷嚷著說要「逃離鬼島」，其實往往都源自於對臺灣這塊土地的殷切期許。,2020-08-14,片長：01時36分,喜劇,D:\Users\Administrator\gb5566\yahoo_ptt\media\movie\images\yahoo\逃出立法院.jpg,4.0,逃出立法院
96,「因為我決心要成為妳心目中的正義使者。」  少年不再逃避真相。 為了拯救少女、為了貫徹自己選擇的正義。  魔術師〈御主〉與英靈〈從者〉以萬能許願器「聖杯」為中心，展開的戰鬥——「聖杯戰爭」。這場戰爭的本質已然扭曲，間桐臟硯企圖利用櫻來完成自己的夙願。間桐櫻與自己犯下的罪孽，沈淪幽深的黑暗中。發誓要保護櫻的衛宮士郎，為了終結「聖杯戰爭」和遠坂凜聯手投身於慘無人道的戰爭中。另一方面，深知這場戰爭真相的伊莉亞・馮・艾因茲貝倫也挺身面對自己的命運…  少年力抗迎面而來的狂風，挑戰命運， 他的心意，少女是否能了解？  迎向終局的「聖杯戰爭」——。最後之戰，即將揭開序幕。 ,2020-08-15,片長：02時02分,奇幻,D:\Users\Administrator\gb5566\yahoo_ptt\media\movie\images\yahoo\Fate/staynight[Heaven'sFeel]III.春櫻之歌.jpg,4.4,春櫻之歌
71,名廚江振誠歸還他的米其林二星，並公開宣布他將回返離開了三十年的家鄉。是什麼促使他這麼做？身為一個完美主義者，如何定義「成功」二字？是什麼讓他輾轉難眠？  江振誠的廚師生涯從廚房最基層的職務起始，以驚人的速度晉升為餐廳主廚。隨後他來到新加坡，將他獨有的「八角哲學」概念，落實在自己開設的餐廳中──從食物到擺盤，所見的一切，在在都是他的風格。  我們在餐廳正式歇業前數週一路跟拍江振誠，將他的心路歷程化為影像，並深入剖析他生命中的戀家元素。從他如何受到母親的影響愛上烹飪，到他負笈法國求學，在廚藝學習上面臨的各項挑戰。江振誠的故事情感豐沛且獨一無二，而他正準備開展人生的下一個階段。  本片將逐章介紹江振誠的八角哲學，一一展示江振誠身為主廚、藝術家、人子等面向。  一同體驗，Restaurant André在2018年情人節歇業前的歷史時刻──那些台籍名廚江振誠沒說出口的故事。 ,2020-08-21,片長：01時40分,,D:\Users\Administrator\gb5566\yahoo_ptt\media\movie\images\yahoo\初心.jpg,3.9,初心
99,★改編自日本知名作家貴志祐介經典作品《黑色之家》，獲得日本驚悚小說大賞首獎，暢銷突破百萬冊 ★金馬影后林嘉欣改頭換面扮傷殘的怪媽媽，聯手金獎影帝黃秋生合作，飆出嚇人神演技 ★一條人命值多少錢？一對古怪夫妻的兒子上吊自殺，保險員直覺是詐領保險金的謀殺案，越調查就越陷入危機之中  保險經紀葉永信（陳家樂 飾）做事熱情認真，一天突然被神秘客戶指定跟進一張保單，上門拜訪時，竟然親眼目睹客戶朱重德（黃秋生 飾）的兒子吊死在潻黑的房間內，嚇出一身冷干的他，認為朱重德在現場的反應古怪，直覺認定他是為了詐取保險金而殺了兒子，決心對朱重德和他殘障的妻子沈子玲（林嘉欣 飾）展開調查。  葉永信卻驚覺越接近真相的同時，恐嚇的事件接二連三地發生，危險向他和他身邊的人逐步逼近，他也處身死亡邊緣...。,2020-07-03,片長：01時50分,,D:\Users\Administrator\gb5566\yahoo_ptt\media\movie\images\yahoo\死因無可疑.jpg,4.3,死因無可疑
72,★ 想登大人？少年郎脫魯必看寶典 ★ 荒謬「性」喜劇國片　人不中二枉少年 ★ 濃濃青春賀爾蒙的冒險電影  神器以巨屌跟處男聞名於學校間，有令人羨慕的身體和單純直男腦袋。  阿烈，來自香港的富家子，聰明搞怪。  行影不離的兩人是學校裡的最佳拍檔，成日盡惡搞些白爛事。在神器十八歲生日當天，好兄弟阿烈堅持要帶神器破處，於是在網路上約熟女姐姐來幫助神器破處「轉大人」。但這場破處之夜，竟然讓這對難兄難弟得要開始準備跑路？！ ,2020-07-03,片長：01時41分,喜劇,D:\Users\Administrator\gb5566\yahoo_ptt\media\movie\images\yahoo\破處.jpg,2.7,破處
89,★ 日本人氣NO.1 的「角落小夥伴」首躍大銀幕！全新角色「小灰雞？」獨家登場！ ★日本票房大賣14億日幣，蟬聯4週日本動畫片冠軍，超過120萬名觀眾感動推薦！ ★ 不只風靡兒童界！超感人劇情受封「給大人看的催淚神作」，進場必備衛生紙！ ★ 榮登日本兩大知名網站「PIA映畫生活」、「Filmarks映畫」觀眾首日滿意度冠軍！  為了夥伴，再踏出一步，勇敢走出角落吧！ 這天，角落小夥伴們一如往常地窩在他們最熟悉的角落咖啡廳，卻意外發現地下室中一本古老繪本，正當大家看著繪本時，書上的圖案卻突然動了起來，將他們都吸進了繪本世界裡，還變成了桃太郎、小紅帽與賣火柴的女孩等童話故事的主角！正當小夥伴們不知所措時，遇見了一隻不知道自己從何而來的「小灰雞？」，為了幫忙這位孤零零的新夥伴找到回家的路，小夥伴們決定勇敢走出角落，踏上一段奇幻的童話冒險旅程！,2020-07-10,片長：01時06分,動畫,D:\Users\Administrator\gb5566\yahoo_ptt\media\movie\images\yahoo\角落小夥伴電影版：魔法繪本裡的新朋友.jpg,3.9,魔法繪本裡的新朋友
73,一生懸命 就是男孩給女孩的終極愛情 孤兒院長大的王義智（柯震東 飾），遇見了會疼惜他、照顧他的心心姐姐（林依晨 飾），兩個人培養了深厚的情感，心心姐姐也成為義智心中最牽掛的人。心心姐姐只要想到義智，就會不自覺地打噴嚏。長大後，心心姐姐離開孤兒院到城市工作，義智下定決心要成為心心姐姐喜歡的「勇敢的男生」，於是開始苦練拳擊。藉由對心心姐姐的愛與執著，義智在擂臺上屢戰屢起，獲得了「不倒俠」的封號。此時，邪惡的居爾博士策劃著巨大的陰謀，當心心姐姐陷入危險，義智終於明白自己存在的意義，他永遠不能成為超級英雄，但他永遠是心心姐姐的專屬超人。  【關於電影】  柯震東林依晨製造「打噴嚏浪漫」掀浪漫突進旋風 她打噴嚏 因為被愛 他打拳擊 是為了愛 繼青春純愛電影《那些年，我們一起追的女孩》、《等一個人咖啡》之後，九把刀同名小說《打噴嚏》改編登上大銀幕，由戚家基與柯孟融共同執導。電影結合愛情、青春、戰鬥、搞笑、奇幻等元素，香港導演戚家基在科幻和動作片領域有著豐富的執導和製作經驗，而台灣導演柯孟融曾入圍東京、首爾等短片影展奇幻單元，共同打造這部兼具精彩動作場面與深刻熱血愛情之作。《打噴嚏》由柯震東、林依晨主演，柯震東精湛詮釋如你我般平凡不已卻充滿熱血深情的大男生，但他卻是林依晨的過敏源，只要一想到柯震東，她就立刻會「打噴嚏！」以前是當有人說壞話會打噴嚏，電影《打噴嚏》的噴嚏卻是柯震東與林依晨的戀愛連線密語。這股打噴嚏製造浪漫突進的旋風，即將席捲台灣觀眾的心！  中二男孩轉大人 不變執著一生懸命愛到底 「妳身邊那人，也許不是真命天子，但他可能是妳的專屬超人。 」 《打噴嚏》環繞著男主角純真的初戀，為喜歡的女生不斷用盡蠢方法，只希望讓對方看自己、愛上自己，選擇練拳擊，是他唯一尋找自己存在的意義，看過原著小說的讀者們都高呼，「故事讓人有握緊拳頭掉眼淚的激動感！」柯震東在《打噴嚏》中一句台詞爆炸式深情大喊「 我沒有要你同情我， 也沒有要你跟我在一起，什麼都沒有跟你要！」撩好撩滿觀眾的心，從愛看少年漫畫的熱血，中二男孩轉大人，為2020年帶來「一生懸命戀愛系」男子風潮，要讓女性觀眾們繼身邊「大仁哥」後，找到真正屬於自己命中注定的專屬超人！  柯震東 「只要站起來 就不算輸」到底也不怕的熱血 屢敗仍屢戰的勇氣 是《打噴嚏》最獨一無二的存在 絕對要觀眾握緊拳頭、超級感動！ 柯震東主演《打噴嚏》詮釋一個平凡的拳擊手，愛情是讓他僅有讓自己人生勇敢的動力，因為青梅竹馬林依晨一句「喜歡勇敢的男生！」讓他就算一次又一次在拳場上被重擊，也堅持不倒下，為了守護摯愛的熱切心意，就是他無敵的超能力。跟一般的英雄不同，《打噴嚏》是屢敗卻仍屢戰的勇氣貫穿全場，拳擊場的男主角，就彷彿是大家小時候都曾想擁有拯救世界的超人化身，就算是平凡小人物也能有站上擂台的超能量，即使可能會粉身碎骨，也要對人生揮出飽滿愛意的一拳，讓觀眾看完激動地說，「希望能像柯震東一樣揮拳，當個帥氣的男人！」《打噴嚏》讓男神柯震東從戲裡到戲外都徹底轉變成獨樹一幟又熱血的英雄化身，不怕打擊、面對人生的一切困難，他就是自己人生的不倒俠。李小龍曾說過：「我不怕會一萬種招式的人， 我只怕把一種招式練超過一萬次的對手。」《打噴嚏》堅持倒了要再站起來、堅持一個招式練到最強、堅持做下去的精神，就是這部片最獨一無二的熱血。 ,2020-07-15,片長：未提供,動作,D:\Users\Administrator\gb5566\yahoo_ptt\media\movie\images\yahoo\打噴嚏.jpg,2.8,打噴嚏
81,這裡不僅景色宜人，一年只需上幾個月的課… 烏金是不丹一位年輕老師，但他不想教書，反而嚮往能去澳洲，成為一名流浪歌手。教育部為了安撫他，派他到「世界最高學府」任教，一個位於海拔5000公尺的「魯納納國小」，當地不僅景色宜人，一年也只需上幾個月的課…。  經過8天長途跋涉後，烏金終於抵達「魯納納國小」，才發現自己被放逐在一個完全遠離舒適生活圈的環境中。當地沒有電力、聽不見流行音樂，最誇張的是，教室裡竟連「黑板」都沒有…。村民熱情歡迎他的到來，他卻第一次感到人生的無力感，簡直欲哭無淚…。  苦無退路之下，烏金只得硬著頭皮，展開他在「最高學府」的教學生涯。當孩子們的讀書聲，重新迴盪在雪山上，他竟從他們的學習渴望中，找到了從事教職的價值與快樂。眼看寒冬來臨、暴雪將至，學校也要關閉了。此時已愛上「魯納納」的烏金，得趕在冰雪封路之前，決定要不要留下來…。  【關於電影】  攀登世界最高學府《不丹是教室》勇奪美國棕櫚泉觀眾票選獎 不丹被譽為世界上最幸福的國家。電影《不丹是教室》（Lunana: A Yak in the Classroom）就登上5000多公尺的喜馬拉雅山脈上、一個與世隔絕的村落拍攝，一探這個國家的幸福發源地。該片由不丹知名攝影師、編導巴沃邱寧多傑（Pawo Choyning Dorji）與妻子台灣製片賴梵耘（名劇作家賴聲川女兒）聯手製作，劇情根據真實故事改編，敘述一心追逐音樂夢、寧捨教職鐵飯碗的年輕老師烏金（不丹創作歌手希拉布多吉 飾演），意外被「處罰」派到「世界最高學府」魯納納國小任教，此行雖讓他欲哭無淚，卻從中領悟了生命與幸福的真諦。電影一拍完隨即入選美國棕櫚泉、倫敦、溫哥華、釜山、開羅等各大國際影展，片中除冰川高山景緻壯闊吸睛，電影更獲國際媒體〈AMP〉盛讚為「讓人驚歎的美麗與善良」。  「魯納納國小」堪稱是世界上最遙遠的學校，它位於喜馬拉雅山脈冰川之上，須經八天長途跋涉、穿越世上最高山脈才能到達。當地氣候嚴寒、物資匱乏，卻聚齊了天堂的一切要素，皓白雪山、湛藍天空、青綠春草、純淨湖泊，襯以氂牛、寺廟與經幡，被旅人頌為「天堂的入口」，擁有讓人無法自拔、終生難忘的壯麗景緻。有趣的是，村落迄今都沒有電力與網絡，而終其一生從未離開過「魯納納」的村民，都受邀入鏡、參與了本片的拍攝。  《不丹是教室》是巴沃邱寧多傑轉任導演的首部作品。出身不丹貴族的他，為讓觀眾親身感受這種遺世獨立的生活型態，力排眾議上山拍攝，將當地純樸的風光與居民悉數入鏡。但由於基本設施的匱乏，全片完全仰賴太陽能發電才拍攝完成。而曾在倫敦戲劇音樂學院攻讀的賴梵耘，更同時兼任所有演員的表演指導。導演巴沃邱寧多傑藉由「魯納納」的呈現，對映了現今人們之於幸福、歸屬感的追求與迷失。片中一句「那些受了良好教育、象徵國家未來的年輕人，卻總想去別的地方尋找幸福…」，一語道出現今的不丹，正處於東西文化交融、傳統與文明交接的轉捩點。《不丹是教室》不僅全片洗滌人心、發人省思，更一舉勇奪美國「棕櫚泉國際影展」最佳影片、觀眾票選獎等雙料大獎。,2020-07-17,片長：01時49分,,D:\Users\Administrator\gb5566\yahoo_ptt\media\movie\images\yahoo\不丹是教室.jpg,4.4,不丹是教室
72,★《千年女優》、《東京教父》、《盜夢偵探》日本動畫大師今敏一鳴驚人首部作，全新數位修復版首度在台上映 ★榮獲英國電影雜誌《Total Film》前50大動畫第25名 ★1997年蒙特婁幻想電影節最佳亞洲電影、1998年葡萄牙Fantasporto奇幻電影節最佳動畫片、1998年柏林影展觀摩單元 ★藝術與電影的完美傑作_Asian Movie Pulse ★完美到不行的神作_Cinema Crazed ★今敏是當今最神的動畫導演_Guardian  霧越未麻是女子偶像團體「CHAM」中的成員之一，但在公司的決策下，單飛告別舞台挑戰演員之路，但她卻感覺內心有聲音抗拒這個決定，視為她為背叛者的粉絲，則如影隨形恐嚇著她。而隨著星運多舛的全新開始，未麻卻覺得發現自己的腦袋漸趨混亂，彷彿有「另一個自己」正在悄然形成。與此同時，身邊眾人竟一個個死於非命。在面對社會壓力和懸案疑雲之際，一場風暴即將發生……,2020-07-17,片長：01時22分,劇情,D:\Users\Administrator\gb5566\yahoo_ptt\media\movie\images\yahoo\藍色恐懼：數位修復版.jpg,4.2,藍色恐懼
40,★票房超越《淒厲人僧》，兩周突破1.5億泰銖，近年泰國最賣座恐怖喜劇片。 ★我OK，你先死！佛門不清靜，修行不安寧，喪鐘敲響人頭落地! ★驚嚇獵奇＋瘋狂爆笑！大銀幕消暑雙重感官體驗，死也要成僧！  故事發生在《淒厲人僧》之前，揭露鬧鬼寺廟的真實內幕。 在曼谷郊區的古廟裡，存在一個可怕傳說。任何想到寺廟剃度修行的人都會受到詛咒，並且在剃度前因“鬼和尚”的憤怒而枉死。  但阿隆，阿一和布倫別無選擇，他們已經與神明許下承諾，將修行剃度成僧以回報好運。三人都知道鬼和尚的傳說，但已經太遲了。鬼魂究竟想得到什麼？恐怖與詛咒將如噩夢來臨！ ,2020-07-24,片長：01時49分,喜劇,D:\Users\Administrator\gb5566\yahoo_ptt\media\movie\images\yahoo\淒厲人僧前傳.jpg,2.6,淒厲人僧前傳
67,★《天才的禮物》《奇蹟男孩》後，最真摯感動的生命故事！ ★《我要為你呼吸》《惡女訂製服》監製Ｘ《漫漫回家路》配樂，攜手打造今年最動人英倫電影！ ★《女巫獵人》潔瑪雅特頓Ｘ《美女與野獸》古古瑪芭塔勞 從影以來最浪漫動人演出！  遇見你，是生命中最美好的意外 二次世界大戰期間，性格孤傲冷僻，拒人於千里之外的作家愛麗絲（潔瑪雅特頓 飾）獨自隱居在英國南方的海邊懸崖旁，苦心鑽研以科學理論推翻魔法的存在。某日，一名從倫敦戰區避難而來的男孩法蘭克（盧卡斯邦德 飾）闖入她的獨居生活，百般不願的愛麗絲對法蘭克極為冷漠、消極，在朝夕相處下，法蘭克的天真與單純卻逐漸瓦解愛麗絲封閉的心房，也喚醒她深埋心中的秘密—那年夏天，她與舊情人（古古瑪芭塔勞 飾）所共度的美好時光…。 ,2020-07-24,片長：01時39分,溫馨/家庭,D:\Users\Administrator\gb5566\yahoo_ptt\media\movie\images\yahoo\戀夏時光.jpg,3.8,戀夏時光
99,★韓國青龍獎影帝鄭雨盛、資深演員郭度沅聯手打造磅礡《鋼鐵雨》二部曲！ ★韓國億萬導演梁宇皙繼口碑爆棚電影《正義辯護人》後最新動作鉅作！ ★刺激直逼《全面攻佔：倒數救援》，南北韓、美國三大元首遭綁架，戰爭一觸即發！ ★「國民女婿」柳演錫顛覆暖男形象演出北韓領導人，演技大爆發！ ★《鋼鐵雨》首部曲擊敗《星際大戰八部曲：最後的絕地武士》奪韓國新片票房冠軍，締造逾445萬觀影人次、台幣11億票房！  潛艦全面攻佔 核戰一觸即發！  南韓總統(鄭雨盛飾)、北韓領導人(柳演錫飾)與美國總統(安格斯麥克菲恩飾)三大元首為達成和平協定破天荒舉辦了全球矚目的高峰會談。然過程中北韓護衛總局局長(郭度沅飾)卻突然發動武裝政變，將三大元首綁架到一艘核子潛艦上，面對南北韓僵局、中美角力和日本的箝制，全球戰爭一觸即發。  三國領袖變成人質、世界和平危在旦夕，他們更要想出一起逃出升天的辦法，在核子潛艦上的高峰會議即將展開… ,2020-07-29,片長：02時11分,劇情,D:\Users\Administrator\gb5566\yahoo_ptt\media\movie\images\yahoo\鋼鐵雨：深潛行動.jpg,4.0,鋼鐵雨
100,★榮登韓國六月新片票房冠軍 ★經典神劇《信號》、《毒戰》演技派男星 趙震雄 再度化身正義警探，追查謎樣多重真相 ★韓劇多產作品實力派 裴秀彬 X《與神同行》鄭海均  名叫炯求的刑警(趙震雄飾) 前來調查小鎮上發生的神祕火災，他探查每一個村民，卻得不到任何線索，全村總有種不安的詭譎氣氛。一晚，村民們邀請炯求作客，酒後三巡，炯求失去意識，第二天他醒來時，全村民卻尊稱他為“老師”，炯求漸漸意識到他變成了小鎮上另一個身分…這到底是一場夢、騙局、還是現實…他要如何發掘這一連串的謎團真相！？,2020-07-31,片長：01時45分,懸疑/驚悚,D:\Users\Administrator\gb5566\yahoo_ptt\media\movie\images\yahoo\雙面追緝.jpg,3.4,雙面追緝
63,★ 真摯友情 感動直逼《一路玩到掛》 ★ 威尼斯影帝 法布萊斯魯奇尼 Ｘ 凱薩獎影帝提名 派屈克布瑞爾 聯手飆戲 ★ 身邊有最好的朋友 才算擁有最棒的人生 ★ 誤打誤撞的瘋狂旅行 患難與共的真摯情誼 每個人都要《逆轉人生》 ★ 《小王子》製作團隊打造 療癒暖心之作  學生時代起，亞瑟跟凱薩就是患難與共的摯友，因為一場陰錯陽差的誤會，凱薩以為亞瑟得了絕症，只剩下最後幾個月的生命，因此他不顧反對硬搬進亞瑟家，想陪好友完成所有人生心願，把剩下的每一天都活出最瘋狂的色彩......。 ,2020-05-08,片長：01時58分,喜劇,,3.3,陪你玩最大
69,「在愛情的世界裡，沒有先來後到 不被愛的那個，才是第三者」～威廉．莎士比亞 葛瑞絲（安妮特班寧 飾）和艾德華（比爾奈伊 飾）共結連理長達近三十年，就在他們邀請長年定居倫敦的兒子傑米（喬許歐康納 飾）回到老家相聚慶祝時，艾德華卻偷偷告訴傑米，他已經計畫好隔天就要離開葛瑞絲、離開這個黯淡又邊緣的海濱小鎮！原來這對夫妻的關係早已來到地獄般的最低潮──葛瑞成天碎唸艾德華對於生活缺乏熱情，艾德華卻覺得在婚姻裡從未得到滿足，隱忍多年，終於決定奔向另一個溫柔鄉……他和她的未來還有希望嗎？三人一起走過衝突、憤怒、悲傷，卻也交織著溫柔、嬉笑，最終歸於平靜的真實；人生從來就不簡單，通往救贖的路也沒有捷徑──這是一個關於重生、關於希望的故事。  以《悲慘世界》、《神鬼戰士》成名的金獎編劇威廉尼可森，這次執導第二部劇情長片《海邊走走》的陣容可說是無懈可擊，當情緒收放自如、舉手投足都難掩金獎影后氣勢的安妮特班寧，遇上總是用一張「面無表情的表情」散發超凡個人魅力的比爾奈伊，兩人又愛又恨、充滿火花的對手戲絕對不容錯過！  【關於電影】  金獎編劇執導，親身經歷搬上大銀幕 本片由以《悲慘世界》、《神鬼戰士》成名的金獎編劇威廉尼克森，第二部執導的劇情長片，找來金獎影后安妮特班寧，與擁有超凡個人魅力的英國資深男星比爾奈伊，詮釋出一對熟齡夫妻相守多年，曾經相愛的他們，卻在歲月的消磨和多年的忍讓之下漸行漸遠，最終分道揚鑣的寫實婚姻故事。導演威廉尼克森坦言，故事改編自與父母間的親身經歷，片中夾在兩人婚姻僵局之間的兒子傑米，正是導演本人的自我投射，儘管他自嘲自己相較於帥哥演員喬許歐康納，年齡老了些、頭髮少了些，但片中角色所經歷的一切，正是自己生命中相當艱難的一段時期，他形容「作為人子，尤其是成年人，父母離異是令人非常不快的事，首先，你會想逃避，然後試著改善，卻又發現自己無能為力去改變一切，最後甚至發現自己也是問題的一環。」也因為他深愛自己的父母，同時也看透兩人在這段關係中互相帶給對方的痛苦和傷痕，威廉尼克森透過鏡頭，盡可能平衡地處理這對夫妻的立場，希望讓觀眾看到這段關係的一體兩面，而不做出果斷的對錯評判。「我希望試著讓觀眾了解，我父親為何用這麼殘酷的方式離開我的母親，以及她為何總是如此盛氣凌人。我有時會擔心自己不夠公平，但在我心中，我對他們兩位一直很公平。」  安妮特班寧X比爾奈伊影帝影后爭鋒之作！ 導演坦言，選角對於影片的資金很重要，演員的知名度會決定金主要不要投資，因此一開始便選定比爾奈伊和安妮特班寧這兩位影壇巨擘參演。安妮特班寧此次在片中有多段讀詩戲份，為了更完美呈現道地英國腔，安妮特班寧表示：「模仿英國口音這件事我以前就做過了，但是這次在開演前，我有再和一個發音老師學習，我向她學到很多，也練習了很久！」對於安妮特班寧的演出，導演盛讚：「我很高興由安妮特來飾演如此苛刻的女性角色，因為她的演出方式極富同理心。她對每個鏡頭都充滿實驗精神，你能看到她的表演層次越來越深入，令人能一步步感受到角色的傷痛。」而比爾奈伊更是導演多年夢寐以求的合作對象，他那張總是「面無表情的表情」，搭配上明顯比妻子沉默許多的對白，成功演活了這個在婚姻當中早已無話可說的男人，他所演出的外遇丈夫，少了一般人對於負心漢的刻板印象，有的只是一個身陷婚姻僵局，離愛愈來愈遠的無助男性。至於兒子傑米，則找來近期在Netflix原創影集《王冠》中飾演查爾斯王子而嶄露頭角的新生代英國演員喬許歐康納飾演，「當時我看了他在電影《春光之境》中演出一位生在農家的同志，覺得他的演出真是棒透了，因此說服製片不論如何都要讓他來演出傑米這個角色，我希望由他來飾演我。」 ,2020-05-15,片長：01時40分,,,3.9,海邊走走
75,★2020 金馬奇幻影展 浪漫選映 ★遇見真愛前，請先好好愛自己！ ★今年最浪漫法式愛情新品 ★《西班牙公寓》口碑神作導演 又一都會愛情經典 ★「猶如巴黎版《西雅圖夜未眠》。」 - The Times UK ★ 暖系創作女聲 魏妙如 <時間教會我們的事> 深情演繹 電影中文主題曲  三十歲的雷米和梅蘭妮住在巴黎同一區，卻從不認識彼此。他們都是患有大城市孤獨症的受害者，以為在現今以極速網絡聯繫的世界中，交朋友會是很容易的事。他們各自約見心理醫生，期盼能更認識「自我」，在愛情世界中兜圈還是勇往直前，冥冥之中，二人分別走向同一條路……,2020-05-22,片長：01時50分,,,3.8,巴黎寂寞不打烊
80,在位於函館郊區書店工作的「我」（柄本佑 飾），總是與有著肉體關係的同事佐知子（石橋靜河 飾），以及同居室友靜雄（染谷將太 飾）三人每晚飲酒享受夜晚生活。那些無以名狀的迷惘困惑即使未說出口，也能互相溫柔包容。看似隨性豪放的相處，卻是彼此小心翼翼維持這如薄冰般的三人平衡。某天，當「我」知道靜雄對佐知子的想法後，便鼓勵靜雄與佐知子兩人單獨前往露營⋯⋯  【關於電影】  此電影原著為日本孤傲作家─佐藤泰志的青春小說。製作團隊特別將電影場景從東京拉到北海道的函館，由國際獲獎無數的新銳導演三宅唱執導，柄本佑、石橋靜河、染谷將太等實力派新生代演員於片中互飆演技。導演將北海道函館獨特的清冽空氣，透過鏡頭畫面注入季節感，屬於北國清澈的靡靡仲夏，絕對淋漓暢快的視覺享受。 ,2020-05-22,片長：01時46分,,,0.0,你的鳥兒會唱歌
83,★《殺手保鑣》幕後團隊殘酷打造，繼《奪魂鋸》後，步步進逼的血腥遊戲。 ★美國2019 Popcorn Frights 電影節 觀眾票選最佳影片  難得的周末家庭夜變得殘酷無情，傑爾被突然闖入的陌生人挾持，與另外三名囚者受困地下室。當他們試圖逃離，卻陷入一場艱苦的奮戰，他得解決過去的難題並挽救家人…,2020-06-05,片長：01時37分,,,3.1,敢殺就來
92,《1/2的魔法》故事背景在現代科技已比精通魔法還方便的精靈世界，精靈、人馬、美人魚、獨角獸、小龍等魔法生物都生活在現代化社區裡，過著與你我無異的「沒有魔法的生活」。由湯姆霍蘭與克里普瑞特所配音的精靈兄弟們，很小的時後便失去了父親，但在弟弟的16歲生日這天，他收到了一個很特別的禮物- 他父親從前的魔杖以及一串魔咒，可以讓爸爸起死回生，但年久失修的魔法技能，讓施魔法時出了差錯，爸爸只剩一雙腿，於是兄弟倆踏上尋找魔法石的征途，最後能否順利讓爸爸「完璧」歸來呢?,2020-05-22,片長：01時42分,冒險,D:\Users\Administrator\gb5566\yahoo_ptt\media\movie\images\yahoo\1/2的魔法.jpg,4.3,1/2的魔法
92,"★ 日本雙週票房冠軍　影帝渡邊謙 ╳ 佐藤浩市攜手搶救家園 ★ 日本奧斯卡最佳導演最新鉅作　重量級群星團結演出 ★ 無名英雄們令人動容的奉獻精神　向第一線人員致敬  他們是守護家園的唯一希望！ 2011年3月11日下午2點46分，日本東北地區發生該國史上最強的規模9.0地震，引發的大海嘯並導致超過19,000人喪生。海嘯意外且無情地吞沒了福島縣內的福島第一核電廠，若放著爐心熔毀的核電廠不管，日本將承受超乎想像的災難。  面臨如此生死交關的困境，50位無名英雄們決定留在核電廠處理危機。儘管電廠內部人員辛勤奮鬥，事態卻仍不斷惡化，剩下的方法只有一個：執行圍阻體排放措施。作業員必須以肉身進入反應爐内徒手施作，且是全球史上的首次嘗試，毫無前例可循！  在與外部隔離、無法獲得情報的情況下，英雄們一邊擔心著留在避難所的家人們，一邊開始執行作戰，而全世界都在屏息以待…… 唯有無私奉獻 才能創造奇蹟！ ",2020-06-24,片長：01時57分,,D:\Users\Administrator\gb5566\yahoo_ptt\media\movie\images\yahoo\福島50英雄.jpg,4.0,福島50英雄
98,★ 2020年美國上映，韓國首周飆出票房冠軍 ★ 網路瘋傳迷因「比魔杖好用」正宗原梗電影 ★《哈利波特》丹尼爾雷德克里夫X《弒婚遊戲》薩瑪拉威明 玩命對決 ★《瘋狂麥斯：憤怒道》《阿凡達》《捍衛任務》炸翻感官 製作團隊 ★ 最危險真人直播遊戲，不是勝利，就是死亡！  邁爾斯（丹尼爾．雷德克里夫 飾）是個無聊的普通上班族，下班後的時間都躲在螢幕後面做鍵盤酸民。  一天，他的留言得罪了危險的「死陣」真人實境遊戲老闆，被揍昏後邁爾斯發現有兩把手槍釘在他的雙手上，不僅造成他吃飯和如廁時極大的困擾，他甚至被強迫加入了這個危險對戰遊戲，得殺掉目前第一名的玩家妮克絲（薩瑪拉．薇明 飾），否則就等著被她殺掉。 ,2020-06-24,片長：01時35分,懸疑/驚悚,D:\Users\Administrator\gb5566\yahoo_ptt\media\movie\images\yahoo\玩命Online：雙槍對決.jpg,3.7,玩命Online：雙槍對決
74,《天后小助理》一片設定在洛杉磯流行音樂圈光彩奪目、紙醉金迷的世界，故事描述流行樂天后葛蕾絲（崔西艾莉絲羅斯 飾）無與倫比的才華和目中無人的自大狂，已經達到了令人難以忍受的巔峰。瑪姬（達柯塔強生 飾）是葛蕾絲工作負荷超載的私人小助理，她總是被葛蕾絲呼來喚去，只能幫她跑跑腿，做一大堆瑣碎的雜事，但是瑪姬仍然希望能夠實現她從小就擁有的夢想，成為一名音樂製作人。當葛蕾絲的經紀人（冰塊酷巴 飾）給了她一個能夠改變她歌唱生涯的選擇時，瑪姬和葛蕾絲就想出了一個計劃，可能可以永遠改變她們的人生。,2020-06-24,片長：01時53分,,D:\Users\Administrator\gb5566\yahoo_ptt\media\movie\images\yahoo\天后小助理.jpg,3.8,天后小助理
67,"《萬花嬉春》以好萊塢無聲片過度到有聲片的1920年代為背景，用歌舞貫穿劇情，敘述業餘舞者出生的默片明星唐洛克伍（金凱利飾），與好友科斯莫布朗（唐納奧康諾飾）努力打拼進入好萊塢的過程，而唐憑著姣好的外貌與琳娜拉蒙（珍哈根飾）被電影公司塑造成炙手可熱的銀幕情侶，琳娜為了掩飾自己在有聲片中難聽的嗓音，逼迫才藝俱佳的新進演員凱西薛爾頓（黛比雷諾飾）一輩子作為她的替「聲」，因此唐只好使出非常手段揭穿琳娜的虛假形象，最後與凱西成為受到眾人祝福的情侶。  【關於電影】  《萬花嬉春》生動豐富的劇情融合精彩絕倫的歌舞表演，加上炫彩奪目的影像及華麗宏偉的排場，讓該片上映後近70年來在影史上有著無可取代的歌舞地位。其中又以唐在送完凱西回家後，因愛情的喜悅不畏風雨、甩起雨傘在雨中即興的「Singing In The Rain」最為經典，他率性灑脫的風格搭上趣味橫生的踢踏舞步，令許多觀眾不自覺嘴角上揚，隨著音樂旋律哼起「I'm singing in the rain, just singing in the rain. What a glorious feeling, I'm happy again…」，透過銀幕感受甜蜜的戀愛氛圍。韻味十足的雨中舞姿更是後世爭相模仿演藝的橋段，至今歷久不衰。  1952年上映的《萬花嬉春》由知名歌舞片導演史丹利杜寧和舞王金凱利共同執導，金凱利更身兼該片的編舞及主演，其趣味盎然的故事結合戲劇性十足的歌舞表演，不僅獲奧斯卡金像獎、金球獎提名肯定，也被美國電影學會評為百年百大歌舞電影之首，多年後持續維持爛番茄100%的新鮮度，被影迷公認為不朽的音樂歌舞片傑作。華納兄弟電影6月25日（週四）端午連假起重新上映這部影史經典，讓影迷在優美愉快的旋律、熱情洋溢的歌舞中，來場視覺與聽覺的雙重享受。",2020-06-25,片長：01時43分,喜劇,D:\Users\Administrator\gb5566\yahoo_ptt\media\movie\images\yahoo\萬花嬉春.jpg,4.3,萬花嬉春
87,★繼《異星入境》之後，又一部開創性的驚悚科幻寓言！ ★兩屆奧斯卡、金球獎影后希拉蕊史旺，生涯科幻代表作！ ★入選業界指標「黑名單劇本」！最受好萊塢期待的科幻故事！ ★《魔戒》《機械公敵》《阿凡達》頂級特效團隊又一經典大作！ ★《駭客任務》傳奇藝術指導！再創登峰造極大師之作！  人類的未來，交給機器人決定 在一場毀天滅地的世界大戰之後，人類的身影在地球上絕跡，為了讓人類可以再度繁殖增衍，一個名為「母親」的機器人應運而生。她成功培養出第一個新世代的人類「女兒」（克蕾拉路加德飾演）。從此，這對母女相依為命，在基地中過著平穩生活。某日，一位受了傷的神秘女人（希拉蕊史旺飾演）突然闖入基地，並帶來了地表世界的新消息。  她的出現讓「女兒」對從小被灌輸的認知產生了懷疑，並逐漸對「母親」產生了不信任感。於是，「女兒」展開了一場祕密調查…  究竟「母親」慈愛的背後，是否真的隱藏著不可告人的秘密？世界大戰和人類滅絕的真相又是什麼？,2019-06-28,片長：01時55分,懸疑/驚悚,,3.7,AI終結戰
78,★失業潮無薪假中一部能夠能撫慰人心的電影，母親節闔家觀賞唯一選擇!,2009-05-08,片長：02時06分,劇情,D:\Users\Administrator\gb5566\yahoo_ptt\media\movie\images\yahoo\錢不夠用2.jpg,4.0,錢不夠用2
94,★ 蟬聯日本六週票房冠軍，票房突破47億 ★「哆啦A夢」長篇劇場版系列第39部作品，史上最奇幻的冒險故事即將展開！ ★「直木賞」得主-辻村深月首度挑戰電影劇本，繼承原作精神打㐀新穎故事 ★ 八鍬新之介三度執導日本國民動畫「哆啦A夢」長篇劇場版作品 ★《冰菓》廣瀨愛麗絲、《銀魂》柳樂優彌、《大叔之愛》吉田鋼太郎，實力派演員特別獻聲演出 ★ 日本人氣創作歌手-平井大 動人譜寫獻唱主題曲〈THE GIFT〉 ★ 日語原音版本、中文配音版本同步獻映  信賴的力量讓我們緊緊相連！ 　　 「月球探測器」在月亮上捕捉到了白色影子，這則新聞引起熱議，大雄說那是月球上的兔子，結果被大家嘲笑。因此，大雄便用了哆啦A夢的祕密道具「異說俱樂部徽章」，在月球背面做建立了月兔王國。  有一天，不可思議的少年「琉華」轉學到大雄班上，還和大雄一行人一起到月兔王國玩，沒想到卻遭遇到 意料之外的危機……「琉華」究竟來自何處？而隱藏在月亮背後的真相又是？！ ,2019-07-26,片長：01時51分,冒險,,4.2,大雄的月球探測記
89,在有罕見疾病孩子的家庭裡，爸爸，常常是最先落跑的那個人。,2013-10-04,片長：01時55分,紀錄片,D:\Users\Administrator\gb5566\yahoo_ptt\media\movie\images\yahoo\一首搖滾上月球.jpg,4.2,一首搖滾上月球
62,★「酷噗嚕啪」喊出英雄正義口號，跟著巧虎一起成為英雄吧！ ★每年專屬小朋友的電影盛事，拿著英雄變身棒，在電影院和巧虎一起加油 ★幫助巧虎、琪琪、妙妙、桃樂比解決英雄島大危機吧！ ★勇氣 團結 歡樂 好朋友 只有巧虎電影  卡歐先生的好朋友巫露露創造了英雄島，在島上大家可以與自己喜歡的英雄們認識。巧虎、琪琪、妙妙、桃樂比來到英雄島，開心的學習著自己喜歡的英雄魔法。但沒想到，英雄島突然出現了壞機器人，開始破壞英雄島，巫露露帶著英雄們準備要對抗壞人！  這個壞機器人到底是誰？  巧虎與他的好朋友們能拯救英雄島嗎？ ,2020-01-17,片長：01時00分,動畫,,3.4,巧虎電影：英雄遊樂園
89,★改編自世界文學名著、20世紀百大小說《野性的呼喚》 ★開拓全新動態捕捉技術視野，將巴克傳奇冒險故事再現大銀幕 ★超擬真動畫視 覺特效 神級表現動物真實感與細膩情感  巨星哈里遜福特所主演《極地守護犬》，由《阿拉丁》、《馴龍高手》動畫大導克里斯桑德斯首度執導真人動畫電影，改編自傑克倫敦世界名著《野性的呼喚》。劇情描述靈犬巴克原本生活在充滿陽光的加州，沒想到卻意外被拐賣到寒冷偏遠、盛產黃金的北方阿拉斯加，巴克輾轉成為雪橇犬，流落在不同主人之間，在這淘金熱時期，等著它的不是安逸的生活，巴克必需呼喚起深藏內心的野性，來面對嚴峻的生存考驗，而最終它將回歸最原始的自己，並成為自己的主人… 極地的守護者。,2020-02-27,片長：01時40分,動作,,4.1,極地守護犬
82,★ 奧地利鬼才女導首度角逐坎城金棕櫚 ★ 2019年坎城影展影后 ★ 開創當代奇幻電影美學新經典 ★ 「極致藝術打造驚悚片！」——綜藝週刊  邪惡是這樣誕生的…… 單親媽媽艾莉絲（艾蜜莉・比查姆 飾演）是一位致力研發新品種的植物學家，成功培育出一種會開出鮮紅花朵的奇幻植物，不僅外觀嬌豔可供觀賞，更有「使人開心、抗憂鬱」的神奇療效。為了拉近與兒子之間的距離，她以兒子的名字「喬」來命名新植物，還違反公司規定偷偷帶了一盆小魔花回家。當魔花盛開之後，艾莉絲開始發現事情不對勁，這個理應帶給大家快樂的美麗花朵，竟然暗藏難以收拾的危險因子......  【關於電影】  鬼才女導預言大作 首度角逐坎城金棕櫚 《小魔花》由曾拿下愛丁堡影后的英國女演員艾蜜莉比查姆領銜主演，英國性格演員班維蕭則飾演與艾莉絲有著曖昧情愫的同事，奧地利導演潔西卡賀斯樂（Jessica Hausner）導演。賀斯樂出生於1972年，父親是奧地利知名心理現實主義藝術家，兩位親姊妹則分別藝術家和戲服設計師，可說是從小受到藝術薰陶。賀斯樂畢業於維也納影藝學院，就學期間，就曾兩度憑藉短片作品在坎城影展短片競賽嶄露頭角，並三度入選一種注目單元，包括2001年首部作品《可愛的麗塔》、2004年第二部作品《鬼飯店》。2009年，《奇蹟渡假》讓她入圍了義大利威尼斯影展主競賽單元，一舉奪得影評人費比西獎。2014年作品《瘋狂的愛》則再度入圍坎城影展一種注目單元，今年更憑藉英語片處女作《小魔花》首度入圍坎城影展主競賽，被視為創作生涯巔峰，其奇幻懸疑的元素也被譽為1960年代科幻經典電影《天外魔花》接班之作，導演更表示80年代膾炙人口的《異形奇花》為靈感來源，同為鬼變奇異的「異型花系電影」，《小魔花》透過風格化的運鏡與日本作曲家伊藤貞司的配樂，營造了一部簡潔卻又詭異的末世寓言。 ,2020-04-01,片長：01時46分,懸疑/驚悚,,3.6,小魔花
91,★ 監督水島努x 編劇横手美智子 x人物設計關口可奈味原班人馬回歸打造《白箱》全新劇場版動畫 ★ 動畫工作室「P.A.WORKS」創立20週年紀念作品 ★ 我們不會放棄！直到約定達成的那一天……  「白箱」是指作品正式播放前，發送給所有工作人員的未剪接版本，因為裝在白色的箱子裡而有此稱呼。  上山高中動畫同好會的五人以甜甜圈一同發誓，總有一天一定要一起完成一部動畫作品。畢業後各奔東西的她們在因緣際會下，因「武藏野動畫公司」的動畫製作而再度聯繫，眾人也因「第三飛行少女隊」這部作品，離夢想又更接近一步。從那之後又過了四年，在動畫中找到自己的歸宿而有所成長的五人，將再度面臨更艱鉅且巨大的挑戰。,2020-05-08,片長：02時00分,,,4.3,劇場版白箱
67,1956年，東柏林的一班畢業生，在資訊封閉的限制下，輾轉得知了匈牙利人正勇敢對蘇聯革命卻死傷慘重，決定隔天在課堂上群起默哀兩分鐘致意。  萬萬沒想到這小舉動卻引發巨大的波瀾，校長協同教育部高官將他們定調為反叛分子，若不揪出主使者，全班都無法畢業，甚至家人的工作都會受影響。 這時究竟該為正義團結，還是自保優先呢？ ,2020-04-24,片長：01時51分,,D:\Users\Administrator\gb5566\yahoo_ptt\media\movie\images\yahoo\無聲革命.jpg,4.1,無聲革命
