title,critics_consensus,date,duration,genre,rating,amount_reviews,images
his,,2020-10-08,片長：02時07分,劇情,3.5,88,D:\Users\Administrator\gb5566\yahoo_ptt\media\movie\images\yahoo\his.jpg
無價之保,★ 討債變養孩擔保品 變脫油瓶！ ★ 韓國影視天后河智苑 回歸大銀幕！ ★ 國民爸爸成東鎰 化身討債大叔！ ★ 新秀童星朴昭怡 萌度破表！  1993年仁川，粗魯又不好相處的高利貸業者頭石（成東鎰 飾）和宗培（金熙元 飾）想拿回欠債，卻意外地帶回九歲的承怡（朴昭怡 飾）作為擔保。  「擔保是什麼意思？」不知道什麼意思就成為擔保的承怡，因承怡媽媽遭到遣返，頭石和宗培必須負責把孩子送給別人領養。本以為承怡被有錢人家領養，卻發現送到不是原先想像的地方，兩人決定把承怡帶回家照顧。突然接管小孩，必須擔保小孩人生的頭石和宗培，與因欠債而被作為擔保的承怡，頭石、宗培、承怡這三個人，不知不覺成為彼此很特別的存在。 去討債卻遇到人生的寶貝！ 今年秋天，「擔保」將成為「寶貝」！  【關於製作】  打造出《機密同盟》、《國際市場：半世紀的諾言》、《喜馬拉雅：返家之路》、《那才是我的世界》等無數賣座電影的JK Film，這次以溫馨療癒的感動新作《無價之保》和觀眾見面。JK Film以訴求滿滿父愛的《國際市場：半世紀的諾言》；詼諧描繪南北韓刑警協同辦案的《機密同盟》；真實事件改編，挑戰遠征高峰的《喜馬拉雅：返家之路》；前拳擊手哥哥和罹患學者症候群的弟弟，開啟一段與眾不同人生的《那才是我的世界》等，透過有趣的劇情，引發群體共鳴，受到廣大觀眾的喜愛。 JK Film在2020年帶給觀眾療癒系新片《無價之保》，訴說著冷酷無情的高利貸業者「頭石」和他的後輩「宗培」，為了去討回欠債，卻意外以九歲的女孩「承怡」作為擔保，及其養育過程中所發生的故事。前往討債的高利貸業者「頭石」和「宗培」，偶然間以孩子作為擔保的獨特設定，引發觀眾的好奇。在電影《美麗的和聲》中使用溫暖的視角，引發在觀眾引發共鳴的導演姜大奎，再次發揮了細膩的執導能力，更增添了對《無價之保》的期待。  一開始讀了劇本後，飾演大人「承怡」的河智苑就感動的流下了淚水，她表示：「觀眾看了《無價之保》之後，一定能夠深刻地感到共鳴，本片是這個時代必不可或缺的電影。」表達出毫不猶豫接演電影的原因。飾演「頭石」的成東鎰表示：「我有自信到可以用我的三個小孩保證，我也很想讓我的小孩看這部電影。」如此表達出強烈的自信，令人更加期待這部電影。像這樣討喜且擁有溫暖魅力的2020療癒系電影《無價之保》，將於今年秋天溫暖上映，不僅給觀眾帶來幸福的微笑，更能讓各年齡層都能感到共鳴，傳遞真誠的感動，留下令人回味的餘韻。 ,2020-10-08,片長：01時53分,,4.3,100,D:\Users\Administrator\gb5566\yahoo_ptt\media\movie\images\yahoo\無價之保.jpg
恐怖份子製造國度,★ 啟發自逾上百件美國種族議題真實事件 ★《四個傻瓜》導演最新黑色喜劇鉅作 ★ 2019 SXSW美國南方音樂節  摩西是一名生活在邁阿密、思想頗具革命性的非洲裔美國傳教士，為了保護家人免於被驅逐出境，他被迫參與一項武器協議，然而，這項協議卻是美國聯邦調查局設下的虛假行動，透過計畫汙衊摩西為不法份子，進而釣出國內的中東恐怖份子。不過，另聯邦調查局意外的是，儘管摩西是聲量龐大的國家革命者，卻堅定地信奉和平主義，聯邦調查局只好與他合作，展開一場貓捉老鼠般的釣魚執法行動… ,2020-10-08,片長：01時28分,喜劇,4.1,98,D:\Users\Administrator\gb5566\yahoo_ptt\media\movie\images\yahoo\恐怖份子製造國度.jpg
千年一問,"「一個人創造一個江湖，鄭問的作品，讓我們跟千古英雄有了共同的呼吸。」  鄭問為風靡全亞洲之漫畫巨擘，其融合水墨藝術與西方繪畫技巧之美學獨樹一幟，加以對創作媒材、技法不拘一格的靈活運用，迄今尚無人能超越。他對歷史、社會、人性的觀察與思考，亦透過其畫技與構圖的掌控力，鎔鑄成獨樹一幟的「鄭問美學」。  鄭問的職業生涯足跡遍佈臺灣、日本、香港、中國等地，亦為臺灣極少數同時親身參與日本、香港、中國動漫與遊戲產業運作之重量級漫畫家；1990年代在日本發表作品引起轟動，以《東周英雄傳》獲得日本漫畫家協會「優秀賞」。  耗時2年，王婉柔導演帶著拍攝團隊踏上15,000公里的飛行航程，橫跨台灣、香港、日本和中國訪談超過 50 位漫畫及出版界人士。期以鄭問之生涯及創作為經緯，重現老師之精神與美學，將鄭問超越時代的藝術成就，透過影像設計與人物訪談，令其帶給後世之影響力予以持續擴散。",2020-10-08,片長：02時15分,,4.1,86,D:\Users\Administrator\gb5566\yahoo_ptt\media\movie\images\yahoo\千年一問.jpg
星際效應,故事描述一群探險家運用新發現的蟲洞，計劃一場遠超越過去人類太空旅行極限，展開一場遙遠距離的星際航行。該片請來蟲洞理論大師基普索恩作為顧問。主要演員包含馬修麥康納、安海瑟威、潔西卡雀絲坦及米高肯恩。,2020-10-08,片長：02時49分,科幻,4.1,90,D:\Users\Administrator\gb5566\yahoo_ptt\media\movie\images\yahoo\星際效應.jpg
辛比的怪怪屋,「別嚇到了，我們是『辛比的怪怪屋：幽靈獵人』！  荷里、斗里在與家人寒假出遊的飛機途中，拯救了落難的天空精靈金比，卻意外招喚其他不知名的怪物襲擊，但最大的危機，是傳說中的飛天巨獸耶夢加得，如果耶夢加得甦醒了，人類世界後果將不堪設想。驅魔師，同時也是荷里好友的強林受召喚前來相救，斗里也緊急請來辛比幫忙，但耶夢加得為強取天空精靈，已開始發動攻擊，天境之城面臨危機，鬼神球、天空防護罩，這群小小英雄必須要前往更高的雲端之上，阻止這座城市、甚至是地球毀滅的發生……今年十月，最刺激的冒險旅程即將展開，拿出勇氣為你心愛的人決鬥吧！ ,2020-10-08,片長：01時37分,,0.0,67,D:\Users\Administrator\gb5566\yahoo_ptt\media\movie\images\yahoo\辛比的怪怪屋劇場版：幽靈獵人天空大進擊.jpg
倒數反擊,★ 《即刻救援》地表最強硬漢連恩尼遜再次提槍上陣！ ★ 《會計師》製作團隊打造，今年最緊張、過癮的犯罪動作鉅作！ ★ 黑警槍戰、飛車追逐、炸彈爆破，刺激場面讓你腎上腺素飆到最高點！  湯姆（連恩尼遜 飾）是名海軍陸戰隊退役的拆彈專家、同時也是個連續盜取了12家銀行偷得900萬美元現鈔的神鬼大盜，卻在愛上了一位女子安妮（凱特沃許飾）後，決定洗心革面坦白自己的犯罪前科，來換取未來的自由。正當湯姆準備自首時，竟被兩位貪圖鉅款的FBI探員尼文斯（傑寇特尼 飾）、霍爾（安東尼拉莫斯 飾）誣陷殺警。一夜之間，湯姆被聯邦調查局布下天羅地網通緝，為了找回屬於自己的清白，湯姆決定奮力一搏誓死反擊，讓罪有應得的FBI探員付出慘痛的代價！,2020-10-08,片長：01時39分,劇情,3.6,98,D:\Users\Administrator\gb5566\yahoo_ptt\media\movie\images\yahoo\倒數反擊.jpg
刑警沒有假期,★《鋼鐵雨：深潛行動》郭到元 ×《機智醫生生活》金大明 展開一場無厘頭機智搜索行動！ ★愉快的菲律賓之旅竟離奇變調，一名鄉下刑警竟捲入國際犯罪！  洪邊秀（郭到元 飾）是一名鄉下刑警，人生第一次海外旅行地為菲律賓。當邊秀在菲律賓沉浸於度假的美夢時，卻意外掉入犯罪組織殺手「派翠克」（金熙沅 飾）所設的局，成為殺人嫌犯。為了洗去罪嫌，他和當地的導遊，同時也是自己故鄉後輩的滿哲（金大明 飾），一起調查整起事件，但邊秀的體力與英文卻跟不上自己想查案的決心。  後來，邊秀在菲律賓甚至還遇見了宿敵勇裴（金相浩 飾），卻因此讓搜索方向脫離正常軌道。究竟這名鄉下刑警能安全回到韓國嗎？鄉下刑警的國際級搜查行動即將開始！ ,2020-10-08,片長：01時46分,劇情,3.6,95,D:\Users\Administrator\gb5566\yahoo_ptt\media\movie\images\yahoo\刑警沒有假期.jpg
愛情列車長,原本以為只是搭火車旅行，沒想到…好吃驚！ 聖誕假期，米可萊穿著人偶裝在月台發放傳單，突然對一名美女觀光客一見鍾情，情不自禁跟著她上了火車之後，卻遇到一絲不苟的列車長諾瓦正在驗票，沒錢補票的米可萊於是上演你追我跑的戲碼，過程之中不慎打昏了列車長，當他穿上諾瓦的外套，卻被乘客誤以為是列車長，強拉去處理各式各樣的緊急事故：走失小孩的家長、坐錯位置的乘客、擋住走道的路霸、想坐霸王車的惡霸，還要安慰因為失戀而哭得死去活來的列車女服務生。搭火車旅行真的好吃驚，最後的高潮來到火車突然緊急剎車、意外停駛，冒牌列車長要如何安撫一整列車的乘客們呢？更重要的是米可萊會在火車上找到他的真愛嗎？  【關於電影】  波瀾最大鐵路公司PKP贊助拍攝，靈感來自火車旅途間的短暫過客  本片為新銳導演米格爾•維列斯首部劇情長片，全片百分之九十的場景都發生在火車上，獲波蘭最大鐵路公司PKP贊助拍攝。導演米格爾表示，本片靈感來自某次的工作案，連續好幾個月得高頻率搭火車從波茲南到華沙。火車旅途過程中有迷人的風景、搖晃和吵雜的干擾，以及沿途各個別具特色的停靠站和形形色色的乘客，在火車上比鄰而坐的乘客都是一個個未知的謎團，每個人都有故事和目的地，但一旦搭上列車，卻也只剩下一個座位號碼，然而，旅客們的一舉一動、穿著打扮、談吐都依然看在他人眼中。當大家同乘一輛火車，常常個人的一個微小舉動，就有可能對他人造成巨大的影響，引發連鎖反應，甚至可能讓本該只是陌生人的乘客成為朋友、戀人或敵人。「旅途中我當然不可能立刻和身旁的乘客熟稔起來，但我一直在默默觀察他們，想像他們的生活樣貌，進而得到靈感寫下這個故事。」  導演米格爾坦言自己希望藉由這樣的觀察和腦補，描繪出一個建立在火車上的微型世界，以及屬於這個世界的獨有規則，宛如一幅「列車浮世繪」。同時也對人的「身分」提出叩問，透過詼諧的對白、諷刺的事情發展，讓觀眾一窺「假裝成他人」、「濫用他人身分」會得到什麼苦果。導演米格爾表示自己一直將美國名導比利懷德視作楷模，「電影最讓我感到共鳴的地方是關於人的各個面向，例如：愛情、友情、使命、生死。我也喜歡去探索這些東西，選擇用反諷的方式呈現，避免讓自己和作品過於嚴肅。」他也形容比利懷德的老電影，事隔多年，如今看來一點也不覺得過時，依然充滿新鮮感，因為他始終將焦點擺在人性，而非時代，「時髦的點子和潮流總有過時的時候，但人性卻亙古不變。我期許自己朝這個方向前進，希望能拍出一部簡單、能帶給觀眾娛樂的電影，讓每個觀看的人都感到快樂、滿足，《愛情列車長》就是在這樣的想法下拍攝而成的。」 ,2020-10-08,片長：01時25分,,3.8,87,D:\Users\Administrator\gb5566\yahoo_ptt\media\movie\images\yahoo\愛情列車長.jpg
工作細胞特別上映版-強「菌」來襲！人體腸道大騷動！,★2018轟動中、日、台的科普動畫，2020年度最具教育意義院線電影！ ★醫學界、教師界強力推薦，捲起校園課堂cosplay風潮！ ★分秒發生於你我體內的真實劇情，刻畫生動，引人入勝！ ★日本癌症專家「大須賀 覚」與「紐約知名醫師－Doctor Mike」大力推薦！  「為了苦讀生物的妹妹」而誕生的超人氣作品漫畫《工作細胞》，在眾所期盼下推出電視動畫，讓你我了解身體內部的故事，是任何人都能有所共鳴的體內細胞擬人化作品。  細胞們在名為「身體」的世界中，依舊活力滿點，全年無休的工作著。  有著搬運氧氣的紅血球，和細菌奮戰的白血球……細胞們在體內正上演著不為人知的精彩好戲。而原作漫畫經典長篇則獨立製作成特別上映版《強「菌」來襲！人體腸道大騷動！》，即將可在大銀幕上看到「賭上生命，守護生命」的細胞們為了身體奮戰！ ,2020-10-08,片長：01時52分,,4.3,95,D:\Users\Administrator\gb5566\yahoo_ptt\media\movie\images\yahoo\工作細胞特別上映版-強「菌」來襲！人體腸道大騷動！.jpg
皮爾卡登,,2020-10-08,片長：01時42分,,3.8,100,D:\Users\Administrator\gb5566\yahoo_ptt\media\movie\images\yahoo\皮爾卡登：迷戀未來的人.jpg
交響狂人,這些來自以阿兩邊的音樂家，自出生就互為敵手… 知名的德國指揮家愛德華，接受一項極為艱鉅的任務，要組一個橫跨以色列與巴勒斯坦的青年交響樂團，但他很快發現自己被捲入了一場風暴之中。原來這些來自以、阿的音樂家們，在不斷面對戰爭及恐怖攻擊的陰影下，自出生就互為敵手，根本很難共同完成一場交響樂演出…。  他們很快自動分成兩個派系，並以各自的小提琴手為首。首先是來自巴勒斯坦的蕾拉，雖然母親從小教她上街抗爭以色列，但她從不為所動，始終在佈滿催淚瓦斯的動亂中努力習琴。另一方的以色列提琴手朗恩，自幼練就紮實的古典音樂底子，甚至組成了樂隊。蕾拉每天前往特拉維夫場地練琴，得辛苦通過以色列軍隊駐守的檢查哨，甚至經常遭受羞辱。朗恩則直接將他的樂隊成員帶進樂團參加徵選，意圖影響團員比例，雙方衝突一觸即發…。  為能順利完成這場交響樂演出，愛德華決定傾他全部教學資源與溝通技巧，克服雙方的文化差異與國仇家恨。他真能成功讓大家放下仇恨、恐懼和偏執，彼此信任、團結起來，進而展開為期一個月的演練並順利登台嗎？  【電影簡介】  熱烈掌聲久久不歇《交響狂人》連奪德美雙料觀眾票選獎 結合悠揚交響樂與敏感國際情勢的電影《交響狂人》（Crescendo），今年初在德國慕尼黑國際影展上引發震撼。該片靈感取自現任柏林歌劇院總監丹尼爾巴倫邦（Daniel Barenboim）曾轟動一時的和平創舉，他曾將以色列與阿拉伯的年輕音樂家們，以1：1比例聚在一起演奏，祈能靡平以、阿之間劍拔弩張的氣氛而舉世嘩然。這部充滿話題的電影《交響狂人》，是由《顛父人生》歐洲影帝彼得西摩尼謝克（Peter Simonischek）擔綱主演，片中除演奏了韋瓦第《四季》、德弗札克《新世界》，以及拉威爾《波麗露》（戰火浮生錄）等名曲外，一場他大膽挑動雙方音樂家水火不容對峙飆罵的戲，幾乎遊走最敏感邊緣，後座力十足震撼觀眾，在慕尼黑國際影展首映時，掌聲熱烈長達十分鐘久久不歇，被國際媒體喻為「史上最艱鉅的交響任務」。  這部直探敏感火藥庫的音樂勵志片《交響狂人》，是德籍猶太裔導演托爾扎哈維（Dror Zahavi）的最新作品。他將知名指揮家丹尼爾巴倫邦的當年創舉入題，時隔21年再度蔚為佳話。1999年，丹尼爾巴倫邦成立「西東合集管弦樂團」＊，意圖致力以、阿和平。但世代傳承的家國仇恨，卻使樂團自成立即備受挑戰，經過多年努力才為世人稱頌，不僅曾獲邀在前教宗本篤十六世御前演奏，2012年於倫敦音樂節詮釋貝多芬全套交響曲，更是萬人空巷。電影《交響狂人》除劇情高潮迭，片中更倡導「寬恕」等人性最高貴價值，不僅勇奪柏林布蘭登堡猶太影展最佳德國電影，更連奪美國聖地牙哥猶太影展、路德維希港德國電影節等雙料觀眾票選獎。  電影《交響狂人》劇情描述知名的德國指揮家愛德華（彼得西摩尼謝克 飾），接受了一項極為艱難的任務，要組一個橫跨以色列與巴勒斯坦的青年交響樂團，卻被捲入一場愛恨糾葛的風暴之中…。這些來自敵對國家的年輕團員，自出生血液中就帶著家國仇恨，愛德華不僅得使出渾身解數，克服雙方差異、偏執與恐懼，更要讓他們在彼此信任、相互團結基礎上，展開訓練及登台演出…。讓人驚訝的是，導演托爾扎哈維為求真實，竟讓如假包換讓以色列和阿拉伯青年演員共同參與演出。片中更舉猶太人與德國人歷史為例，強調「天下無不能化解的仇恨」，而一句「和平是你們責無旁貸的任務」，更道出現今人們之於新世代的深切寄望。《交響狂人》在世界各地影展迴響熱烈，觀眾甚至含淚起立鼓掌，場面令人動容。台灣將於9月30日起正式上映。,2020-09-30,片長：01時52分,劇情,3.7,75,D:\Users\Administrator\gb5566\yahoo_ptt\media\movie\images\yahoo\交響狂人.jpg
阿公當家,★改編自全球暢銷150萬冊、橫掃國內外逾十項大獎小說《我的房間保衛戰》！  彼得(奧克斯弗格雷飾)與外公艾德(勞勃狄尼洛飾)的感情非常好，直到被迫讓出自己的房間給外公住，彼得搬到了陰森可怕的閣樓，讓他燃起要把房間搶回來的決心！彼得和好友們設計了一連串惡整外公的計劃，包括：把房門拆了、在床上放蛇、把刮鬍泡沫偷換成泡沫膠等無良行為，而被激怒的外公艾德也不是省油的燈，他和一群公嬤輩老友也擬定「加倍奉還」的反擊策略，一場超狂又超鬧的房間保衛戰就此展開！  【關於電影】  改編自全球暢銷150萬冊、橫掃「馬克‧吐溫獎」、「西北太平洋圖書館協會青少年圖書獎」、「內布拉斯加州金索維獎」等國內外逾十項大獎小說《我的房間保衛戰》的2020年度超鬧爆笑喜劇《阿公當家》，集結勞勃狄尼洛、鄔瑪舒曼等影壇金牌卡司聯手搞笑，片中飾演孫子的奧克斯弗格雷更傳承了「教父」阿公與「追殺比爾」憤怒新娘的超狂基因，為搶房間展開超無良惡整大戰，讓飾演阿公的勞勃狄尼洛險些招架不住，在片中隸屬勞勃狄尼洛的公嬤隊員克里斯多夫華肯表示，其中一場彈簧床躲避球PK戲拍到膝蓋差點爆炸，他說：「那天我們這群公嬤隊員只要不小心跌倒，要再站起來還真得花點時間，彷彿聽到鈣質流失的聲音。」而勞勃狄尼洛拋開形象的爆笑演技更讓全劇組都笑到不行，製片馬文波特表示：「勞勃狄尼洛在每一場戲都有各種不同的詮釋方法，他散發著天生的演員魅力，每次看他現場演出都覺得很幸福，他總能用出乎意料的方式逗樂所有人。」,2020-09-30,片長：01時37分,喜劇,4.0,97,D:\Users\Administrator\gb5566\yahoo_ptt\media\movie\images\yahoo\阿公當家.jpg
刻在你心底的名字,電影《刻在你心底的名字》故事聚焦在80年代剛解嚴的台灣，一對遊走在友誼，愛慕之間的高中同窗，他們在青春的騷動與性啟蒙的渴望牽引下冒險，因為學妹的出現而讓曖昧關係產生變化。,2020-09-30,片長：01時54分,劇情,4.2,92,D:\Users\Administrator\gb5566\yahoo_ptt\media\movie\images\yahoo\刻在你心底的名字.jpg
剪刀手愛德華,★好萊塢鬼才大導演 提姆波頓 ★強尼戴普、薇諾娜瑞德主演最浪漫奇幻愛情電影 ★榮獲奧斯卡最佳化妝獎提名 ★本片獲英國電影獎最佳藝術設計等多項獎項 ★最悲傷和感動人心的奇幻愛情故事 揭開奇幻世界的神秘面紗  科學家住在一棟久無人跡的城堡裏，因為寂寞製作了一個人造男孩愛德華來陪他，只差手部尚未安裝完成，而留下一雙剪刀手。一天當科學家正要替愛德華換上正常手臂時，卻突然猝死。不知過了多久，雅芳小姐發現愛德華，將他帶回人類生活的社區，剛開始大家很害怕，後來發現愛德華有一雙妙手，能修剪花木，便請他來家中修飾庭園，或是幫鄰居剪出各式新穎的創意髮型，受到大家的喜愛，也是他與一個女孩戀愛的愛情故事。  【關於電影】  這是一個很悲傷的故事，然而它卻悲傷得很美麗....  年輕的主人翁愛德華（強尼戴普Johnny Depp飾演）是老科學家生前所未製造完成的「半成品機器人」 ，只差手部尚未安裝完成，而留下一雙剪刀手。後來他被雅芳小姐收養，帶到人類生活的郊區社區居住，體會到人類的友情、愛情溫馨的一面，也體會到殘酷的現實。  相當震撼的原創故事，點子來自導演「提姆波頓」小時候的想法。全片將童話般天真的元素和大量諷刺社會的元素作混合。全片仍然是相當迷人及幽默的。男主角「Johnny Depp」將心思敏感易碎的剪刀手男孩飾演的十分精湛，而恐怖片老天王「文森普萊斯」更在片中客串了片頭的老科學家一角。 ,2020-09-30,片長：01時45分,,4.1,86,D:\Users\Administrator\gb5566\yahoo_ptt\media\movie\images\yahoo\剪刀手愛德華.jpg
森林特攻隊,★2020法國安錫動畫影展 世界首映 ★《女王的柯基》導演打造全新冒險童話，將率領傻萌動物大鬧破壞環境凶手，對抗邪惡的人類開採石油公司！ ★《冰原歷險記》《神偷奶爸》幕後製作團隊，中秋連假唯一闔家動畫首選 ★男孩與森林動物家庭的冒險新篇章！生態教育媲美《與森林共舞》，動物瘋狂更勝《動物方城市》 ★全片以絕美的阿拉斯加為背景，山巒、冰川及廢棄金礦等多樣壯闊地貌，歡迎全家一同前往大銀幕親身體驗  人類持續破壞環境，是時候動物們該站出來捍衛生存權益…  看似平凡的亞當，和雪麗（母親）、大腳怪（父親）以及他們的朋友偉波（大灰熊）、蒂娜（松鼠）、崔波（浣熊）一家人，這個非凡的大家庭一起在森林裡定居。沒想到隨著大腳怪父親越來越有名，父親也利用名氣嘗試改變世界。某天動保團體與父親聯繫，打算一起阻止石油公司開發並汙染動物的生存環境，沒想到父親在一次追查真相的過程中竟然莫名失蹤了！亞當和他的動物家人們，決定聯手找出大腳怪父親的下落，同時透過社群媒體試圖揭發石油公司的邪惡陰謀，他們一家人還有機會再次團聚嗎？  《森林特攻隊：大腳Y家族》是賣座動畫《女王的柯基》導演班史塔森的動物冒險新作，並聯手《冰原歷險記》《神偷奶爸》製作團隊、《地球人壞壞》編劇、布魯塞爾在地樂團Puggy共同傾心打造闔家觀賞的叢林童話。故事場景以絕美的阿拉斯加為藍圖，還加入了山巒、冰川及廢棄金礦等多樣地貌，讓這趟救援旅程增添豐富刺激的視覺效果。片中各種可愛的森林動物們紛紛出籠，對抗「大鯨魚」般的人類石油公司，除了伸張森林居住權的正義外，更貫徹「是一家人就要團結在一起」這樣普世卻最能貼入人心的溫暖理想。生態教育媲美《與森林共舞》，動物瘋狂更勝《動物方城市》，歡迎走進男孩與動物好友們的森林冒險新篇章！ ,2020-09-30,片長：01時29分,冒險,3.9,93,D:\Users\Administrator\gb5566\yahoo_ptt\media\movie\images\yahoo\森林特攻隊：大腳ㄚ家族.jpg
捉魂鏡,★ 鏡子裡，不只有自己還有它… ★ 除了家人，這間房子還有看不見的房客 ★ 《絞刑台》製片打造駭人新作   一對年幼的姊妹被送到感情疏遠的阿姨家寄養，她們發現阿姨家的所有鏡子都被遮住或藏起來。直到其中一位小女孩在地下室意外發現一面鏡子，在不知情的狀況下將不懷好意的惡魔釋放，而這個惡魔早在多年前便困擾著媽媽以及阿姨兩人… ,2020-09-30,片長：01時26分,懸疑/驚悚,3.7,98,D:\Users\Administrator\gb5566\yahoo_ptt\media\movie\images\yahoo\捉魂鏡.jpg
急先鋒,★2020動作喜劇再「進化」掀視覺新震撼！ ★《警察故事》神組合 成龍X唐季禮 九度聯手出擊！ ★流量男神楊洋《微微一笑很傾城》挑戰高強度動作片！ ★橫跨歐亞非三大洲，展開陸海空跨國大搜救！ ★導演唐季禮：「最棒、最爽、最過癮的動作喜劇！」  蜚聲國際的民營國際安保公司「急先鋒」由老闆唐煥庭（成龍 飾）成立，秉承傳統鏢局文化，「俠肝義膽、使命必達」。倫敦唐人街，數十萬居民和遊客參與春節舞龍遊行。受保人秦國立（樓學賢　飾）被不明身分人士劫持，休假中的急先鋒隊員雷震宇（楊洋　飾）、張凱旋（艾倫　飾）、彌雅（母其彌雅　飾）奉命趕來救援，經過一場惡鬥，最終救出秦國立。 秦國立曾為中東富商Massym工作，並不知其真實身份為中東某武裝組織頭目，待瞭解實情後秦國立已是後退無門。隨後，Massym在美軍的一次空襲行動喪生，其子Omar僥倖生還，他懷疑秦國立出賣父親並私吞財產故前來復仇，於是策劃了唐人街綁架。得救後的秦國立向急先鋒請求派人去非洲保護女兒Fareeda（徐若晗　飾）。  唐煥庭帶領隊員們前往非洲草原找到Fareeda，Omar則派來傭兵聯合當地盜獵集團與急先鋒隊員展開激戰，急先鋒隊員和Fareeda分散逃入叢林。敵人緊追在後，Fareeda駕駛水陸兩棲車駛入激流，上演一場驚險的激流搏鬥，險象環生，直至急先鋒後援駕直升飛機趕到，救出唐煥庭、彌雅，而雷震宇和Fareeda則落入敵人手中成為人質。  急先鋒利用高科技鎖定人質位置，派出精兵前往位在中東的組織基地實施營救計畫，在炸彈爆炸前一秒救回雷震宇和Fareeda。撤退之際，張凱旋為掩護眾隊友，遭崩塌的建物所掩埋。雷震宇冒著槍林彈雨返回救援，背回已無呼吸的張凱旋。眾人乘車撤離，雷震宇拼死搶救張凱旋，但張依然毫無生命跡象，團隊沉浸在悲傷的氛圍，雷震宇依然不放棄，拼死搶救，最終張凱旋奇蹟似地醒來，眾人轉悲為喜。可是Fareeda父親秦國立被敵人抓走。  原來Massym的財產全用來購買黃金，秦國立帶Omar前往在杜拜的黃金藏匿處。唐煥庭根據秦國立先前留下的資訊，聯合杜拜警方，布下天羅地網。交易現場，出現數輛鍍上黃金的超跑。Omar以黃金車與軍火商交換武器發射密碼，攻擊目標是杜拜港口的美國航母，急先鋒配合杜拜特警展開追緝。  Omar駕駛黃金車衝上杜拜街頭逃竄，購物中心水族館內，Omar及其手下被唐煥庭和雷震宇等急先鋒隊員擊倒，走投無路之下遭到逮捕，急先鋒不辱使命完成任務，收穫各方讚譽！ ,2020-09-30,片長：01時47分,懸疑/驚悚,3.5,84,D:\Users\Administrator\gb5566\yahoo_ptt\media\movie\images\yahoo\急先鋒.jpg
紫羅蘭永恆花園,★「京都動畫」虐心打造最動人催淚的愛情物語！ ★延續《紫羅蘭永恆花園》電視動畫情節，正宗本傳續集最終完結！ ★以電視動畫劇情為基礎，原創故事打造女主角「薇爾莉特」的未來！ ★ 集結石川由依、浪川大輔等超人氣聲優陣容擔綱配音！ ★全台動畫迷爭相傳頌「人類聖經」、「宇宙神作」的感人物語！ ★京都動畫大賞輕小說獲獎作品改編，電視動畫原班人馬再度回歸！ ★美不勝收的場面、扣人心弦的故事、響徹心底的音樂、聲優精湛的表現！  為心愛之人，送上最後一封信 ——「愛」究竟是什麼？ 曾經將愛告訴自己、給予自己的那個重要之人。 即使想見，卻再也無法相見。 永遠放開了手的，那個最最重要之人。  從事代筆職業的她，名叫薇爾莉特伊芙加登（石川由依配音）。在讓人們傷痕累累的戰爭結束後數年，嶄新的時代來臨，世界也逐漸恢復平穩，生活並隨著新技術開發而改變。就在讓人們開始往前邁進之時，心懷思念重要之人的薇爾莉特，卻必須在沒有「那個人」的世界中活著。直到某天，她看到了一封信…。  【關於電影】  京都動畫最動人催淚的愛情故事，正宗續集最終完結 《紫羅蘭永恆花園》由日本知名優質動畫品牌「京都動畫」打造，改編自曉佳奈創作、榮獲第5屆京都動畫大獎的輕小說作品，也是京都動畫大獎有史以來，唯一獲得「大賞獎」的作品（其餘幾屆的大賞獎都從缺）。本作女主角「薇爾莉特伊芙加登」，是位擁有金髮藍眼的美麗少女。身為孤兒的她，父母、年紀不詳，然而與她美貌相反的，是她那罕見的戰鬥能力。也因為她在戰爭時期的強大戰力，讓她被軍中同袍無視為人類，反而視為「武器」般的存在。之後因為戰爭失去雙手，薇爾莉特離開軍隊，並裝上義肢，開始在C·H郵政社擔任起「自動手記人偶」的代筆工作。這位像人偶般清澈無暇、沒有多餘感情的少女，為了想要理解當時戰場上重要之人，對她所要傳達的話語，她不斷前往各地，踏上一段尋找何謂「愛」的旅程。透過一次次為不同委託人工作，她與各式各樣的人們相遇，並將對方無法言說的話語，或是綿密的思念，化作一封又一封的書信，將重要之言給投遞出去。她也從這些人身上，逐漸學會人與人之間的相處與情感，並逐漸開始懂得什麼是「愛」…。  電視動畫於2018年1月10日起播出，一播出就引發極大轟動與討論，甚至被網友高度讚譽為「人類聖經」、「宇宙神作」。尤其電視動畫以劇場版的製作品質來打造，也再度證明京都動畫的誠意與製作實力。也因為電視動畫的轟動，讓製作團隊繼續在2019年推出劇場版動畫《紫羅蘭永恆花園外傳－永遠與自動手記人偶－》。尤其外傳在台灣上映後，隨即在影迷之間造成轟動，雖然全台當時只有12家戲院限定映演，不過隨著高度口碑，以及忠實觀眾們的多刷支持，讓該片的最終票房熱賣直逼1200萬元，充分展現本系列作品的絕佳魅力，也讓這部即將在台灣上映的《紫羅蘭永恆花園電影版》未演先轟動，再度受到全台觀眾的廣大關注。  本片將會以完全原創的劇情，為電視動畫的劇情作出延續，並將以「愛」作為主題，讓本系列邁向最終完結。製作團隊與原著作者曉佳奈也彼此分享劇本與設定資訊，讓薇爾莉特在這段追尋、感受「愛」的過程當中，又將會遇到什麼樣的人、事、物？而她某天無意中看到的一封信，內容又將會是什麼樣感動人心的內容？此外，本片的畫面尺寸也從電視動畫系列的16:9，調整為更寬、更適合電影銀幕比例的2.31:1。透過如此適合電影院觀賞的畫面比例，更生動描繪出天空、大海，甚至是山脈的遼遠廣闊。不僅對製作團隊來說是個挑戰，也顯示京都動畫一直推出優質動畫的堅持，值得台灣觀眾進戲院支持！,2020-09-30,片長：02時20分,,4.6,96,D:\Users\Administrator\gb5566\yahoo_ptt\media\movie\images\yahoo\紫羅蘭永恆花園電影版.jpg
少女與戰車,★創下台灣上映紀錄之最強日本軍武動畫電影！ ★前所未見、感官全開，彷彿置身戰場的4D體驗！  在比賽中擊敗大學選拔隊獲得勝利並成功解除過廢校危機後，大洗女子學園的戰車團隊成員們終於迎來了平穩的冬日時節。改選後的學生會，隨著三年級生的畢業，新任的執行幹部也開始慢慢運作了。某一天，平和的大洗女子學園因小桃突如其來的留級消息而騷動了起來，為了能通過AO入學考試順利進入大學，小桃以隊長之姿帶領大洗戰車道團隊參與冬季大會「無限軌道盃」，在對上首戰對手ＢＣ自由學園時，卻出乎意料地陷入苦戰！難道美穗等人以及小桃的未來將到此為止了嗎？究竟勝利女神最後會對哪一方微笑呢？為了共同面對新出現的難題，戰車團隊只好再度出動……,2020-10-08,片長：01時40分,,3.7,80,D:\Users\Administrator\gb5566\yahoo_ptt\media\movie\images\yahoo\少女與戰車最終章第1+2話4D.jpg
寂寞調香師,世間所有相遇　都能香氣四溢 熟男司機吉翁（格雷戈里蒙泰爾 飾），只有一件事掛心不下，就是爭取十歲女兒的共同監護權。然而他的違規計點已到吊銷邊緣，難得的父女時光也常因自己的粗枝大葉搞砸。吉翁的老闆清楚他的「魯」，特意安插他接送最棘手的高端客戶安（艾曼紐德芙 飾）。擁有絕對嗅覺的安，曾是Dior天價聘請的調香大師。在她人生最輝煌的時刻，卻意外嗅覺缺失，從香水界黯然退場，勉強委身在五味雜陳的案子沉潛自己。  一位是退無可退的魯蛇司機，一位是渴望重返巔峰的調香達人，兩人天差地遠，在生命轉折處撞見彼此，即將在一趟趟採集氣味的旅程中，釋放出動人的曖昧氣息。 ,2020-09-18,片長：01時41分,,0.0,67,D:\Users\Administrator\gb5566\yahoo_ptt\media\movie\images\yahoo\寂寞調香師.jpg
名偵探奶奶,★ 韓國爆笑犯罪新作 《雞不可失》後最狂辦案 ★ 車禍唯一目擊者 奶奶爆笑神出擊 記憶雖然不靠譜 卻是破案唯一線索！ ★ 我的嬤嬤咪呀！韓國大滿貫影后羅文姬 X 實力男星李熙俊 聯手飆戲 ★ 不要小看長輩 別和奶奶作對！真相 永遠只有一個！  一位患有阿茲海默症的奶奶（羅文姬 飾），竟是肇逃案件的唯一目擊證人！平時和兒子（李熙峻 飾）與孫女相依為命，奶奶最疼愛的孫女竟慘遭車禍陷入昏迷。警方辦案只能依靠失憶奶奶毫無邏輯的胡言亂語、天外飛來一筆的說詞來回拼湊，他們能否用無厘頭的線索順利揪出兇手呢？ ,2020-09-18,片長：01時50分,喜劇,3.6,80,D:\Users\Administrator\gb5566\yahoo_ptt\media\movie\images\yahoo\名偵探奶奶.jpg
重裝救援,★ 《全面攻佔2：倫敦救援》《古墓奇兵》幕後團隊震撼打造 ★ 《鬼玩人影集》《勇者逆襲》導演火爆新作 ★ 《變形金剛》梅根福克斯剽悍上陣 ★ 當獵人成為獵物，手中的槍是活下去的唯一方法！  身經百戰的傭兵隊長歐哈拉（梅根福克斯 飾）受到委託，率領一支菁英小隊前往危機四伏的非洲執行一項救援任務，沒想到卻在撤離過程中發生意外。受困於非洲荒野之中的歐哈拉與隊員們，必須面對來自叛軍的血腥追擊，以及一群飢腸轆轆的嗜血狂獅……。 ,2020-09-18,片長：01時46分,,3.2,91,D:\Users\Administrator\gb5566\yahoo_ptt\media\movie\images\yahoo\重裝救援：全境獵殺.jpg
整容液,★《奇奇怪怪》系列網漫最火紅篇章，首度改編動畫登上大銀幕！ ★ 網漫人氣超越《與神同行》，影史最詭異獨創恐怖怪談！ ★ 毛骨悚然都市奇談，驚悚詭異媲美伊藤潤二作品！ ★ 耗時六年製作，南韓影史首部懸疑恐怖動畫電影！ ★ 9.9超高評分霸榜WEBTOON恐怖漫畫冠軍，網友話題滿載！ ★ 淋漓盡致體現人性之惡，深刻反思「看臉時代」社會現況！ ★ 融合懸疑、奇幻、犯罪、倫理多重元素，增添原作更多劇情細節！ ★ 預告點擊率飆破200萬次，大幅超越《屍速列車：感染半島》！ ★ 原作粉絲認可的高完成度，全球國際影展爭相邀約！ ★ 強勢入選法國安錫動畫影展「競賽」單元！ ★ 獲選南韓富川奇幻影展「韓國奇幻競賽」單元！ ★ 入選蒙特婁國際奇幻影展「動畫競賽」單元！  溶脂化骨，重塑美貌，妳敢嘗試？ 想要擁有嶄新人生？為您介紹這罐「神奇整容液」的使用方法…。  首先，請用鏡子確認自己的臉。不如拍張照片做個紀念，因為這將會是您跟原本長相最後告別的時刻。接著，將水與整容液以4:1比例混合，並將臉部浸泡在整容液裡20分鐘。之後，您的皮膚與肌肉將像黏土一般得以重新塑型，成為您想要擁有的模樣…。  一位屢受歧視的棉花糖女孩，在使用整容液後，如願成為廣受歡迎的女神。不僅追求者絡繹不絕，更吸引經紀人想要簽她當藝人。她還迅速結識高富帥，不論事業跟愛情都走向人生巔峰。不過她萬萬沒想到，當整容液開始產生副作用後，讓她不得不做出一連串駭人行為，她的人生也逐漸失控…。  【關於電影】  網漫人氣超越《與神同行》，影史最詭異獨創恐怖怪談 在「外貌至上主義」的南韓社會當中，時常出現「花美男」、「花美女」、「高顔質」等「看臉時代」之下的流行語。許多南韓綜藝節目當中，藝人與素人談起自己的整容經歷，更像家常便飯一樣簡單。尤有甚者，許多南韓的小孩一出生，父母就會為他們準備一筆「整容費」，等兒女成年的時候，再把這筆錢送給兒女當作禮物，希望能讓他們透過整容，讓未來的事業與生活更加順遂。不過，這個在南韓社會稀鬆平常的整容文化，如果轉化為奇幻、恐怖電影的題材，又將會成為什麼模樣？  影史最詭異獨創的恐怖怪談《整容液》，就是改編自WEBTOON的人氣同名網路漫畫，並透過電影動畫版的形式，再度讓全球觀眾為之震撼。本作是漫畫家吳城垈的代表作品之一，脫胎自網漫《奇奇怪怪》中的一個單元故事，劇情描述女主角塗上能改頭換面的「整容液」、並成為女神後所經歷的恐怖怪談。毛骨悚然的劇情，也讓讀者讚譽媲美伊藤潤二的恐怖作品。相較其他驚悚恐怖漫畫，本作雖然沒有過多激烈的血腥場面，卻透過腦洞大開的情節，將「整容」這個敏感話題作出天馬行空的詮釋。不僅透過黑色幽默描繪人性黑暗面，將人性之惡表現得淋漓盡致，更因為獨特的情節設定，引導讀者反思社會現況。這也讓本作從連載初期，就獲得高度討論，人氣更超越同樣話題滿載的《與神同行》！  電影版《整容液》，不僅是《奇奇怪怪》系列首度改編動畫登上大銀幕的作品，更成為南韓影史首部懸疑恐怖動畫電影。製作團隊耗時六年打造，為作品融入懸疑、奇幻、犯罪、倫理等多重元素，更增添漫畫所沒有提到的更多劇情細節，並以最完美的容貌跟觀眾見面。電影消息一曝光，隨即引發世界各地討論，更吸引眾多國際影展邀約，強勢入選有「動畫界坎城影展」之稱的安錫動畫影展「競賽」單元、蒙特婁國際奇幻影展「動畫競賽」單元，以及南韓富川奇幻影展「韓國奇幻競賽」單元。值得一提的是，本片的前導預告一在南韓曝光，就在短時間內突破200萬點擊次數，大幅超越同期熱門電影《屍速列車：感染半島》的預告點擊次數，引爆網友熱烈迴響，再度證明本片的超高人氣，值得觀眾進場一探究竟！,2020-09-18,片長：01時25分,奇幻,4.0,93,D:\Users\Administrator\gb5566\yahoo_ptt\media\movie\images\yahoo\整容液.jpg
消失的情人節,公車司機阿泰（劉冠廷/飾），是一個動作慢吞吞、連手錶的時間、地震的感應都比別人慢的奇葩。他每天都會去郵局，找櫃員楊曉淇（李霈瑜/飾）寄一封不知道給誰的平信。櫃員楊曉淇和阿泰完全相反，是個凡事搶拍的超級急性子，唯獨感情生活毫無進展，年近三十還是母胎單身。情人節前夕，楊曉淇被天菜陽光男劉老師（周群達Duncan/飾）搭訕，終於情竇初開的曉淇和劉老師天雷勾動地火；想不到一覺醒來，劉老師再無音訊、而且情人節居然已經過了？！每天來寄信的阿泰也再也沒出現過...毫無記憶的楊曉淇，開始了一趟尋找真相的奇幻旅程...,2020-09-18,片長：01時59分,劇情,4.2,81,D:\Users\Administrator\gb5566\yahoo_ptt\media\movie\images\yahoo\消失的情人節.jpg
殺戮荒村,★ 榮獲第72屆坎城影展評審團獎肯定 ★ BBC評為2020年10大最精彩電影 ★ 紐約時報讚嘆「驚心的政治寓言」 ★ 致敬《月光光心慌慌》《突變第三型》驚悚大導約翰．卡本特 ★ 媲美《決殺令》《險路勿近》的血色懸疑之作 ⠀⠀⠀⠀⠀⠀⠀⠀⠀ 在不久的將來，一個名為「巴庫勞」的村子裡，村民正忙著哀悼女村長的辭世，於此同時怪事悄悄地接二連三發生，手機失去訊號、棺材滲水、幾乎與世隔絕的村子也突然來了訪客，而大家也發現，村子在地圖上被消失了……,2020-09-25,片長：02時11分,,3.8,98,D:\Users\Administrator\gb5566\yahoo_ptt\media\movie\images\yahoo\殺戮荒村.jpg
大雄的新恐龍,★日本票房冠軍 ★ 「哆啦A夢」50週年紀念作品，第40部長篇劇場版系列作品！ ★ 《哆啦A夢：大雄的金銀島》編導搭檔 今井一曉 X 川村元氣 聯手再出擊 ★ 日劇天王 木村拓哉 X 搞笑女王 渡邊直美 特別獻聲演出 ★ 日本搖滾天團「Mr.Children」動人打造雙主題曲〈Birthday〉〈君と重ねたモノローグ〉 ★ 日語原音版本、中文配音版本同步獻映  大雄在恐龍博物館參加挖掘化石體驗時，偶然發現了一個化石，深信這是個恐龍化石的大雄，使用了哆啦A夢的道具「時光布」讓化石回到原本的狀態……結果竟然孵化了恐龍雙胞胎小Ｑ與小妙！而且，這兩隻恐龍似乎是從來沒被發現過的新品種。跟大雄一樣有點靠不住的小Ｑ以及個性活潑的小妙，兩隻恐龍雖然個性天差地遠，大雄還是像父母一樣用愛呵護著牠們長大，但是恐龍終究還是無法在現代生存長大。  於是，大雄下定決心要將小Ｑ與小妙帶回屬於牠們的年代，與哆啦A夢跟夥伴們一起前往6600萬年前的白堊紀末期。一場找尋小Ｑ與小妙同伴的大冒險就此展開……靠著哆啦A夢的道具與恐龍們的力量，大雄一行人循著恐龍的足跡來到了一座神祕島嶼。然而，在白堊紀迎接他們的竟是恐龍即將滅絕的命運。小Ｑ與小妙，以及大雄一行人的命運又將會如何……？,2020-09-25,片長：01時50分,冒險,4.3,92,D:\Users\Administrator\gb5566\yahoo_ptt\media\movie\images\yahoo\電影哆啦A夢：大雄的新恐龍.jpg
法蒂瑪的奇蹟,★ 《冰與火之歌：權力遊戲》首席攝影師編導之作 ★ 啟發自真實事蹟，再現天主教「玫瑰法蒂瑪聖母」顯靈神蹟 ★ 烽火連天的1917年，3名孩子將為這個世界帶來奇蹟  《法蒂瑪的奇蹟》講述了一個十歲的牧羊少女和她的表弟妹在葡萄牙法蒂瑪見證「聖母瑪利亞異象」的故事，聖母的顯靈鼓舞了信眾，而隨著他們的預言傳開，成千上萬的宗教朝聖者蜂擁而至，然而，這卻激怒了教會和世俗政府的官員…… ,2020-09-25,片長：01時53分,,4.2,89,D:\Users\Administrator\gb5566\yahoo_ptt\media\movie\images\yahoo\法蒂瑪的奇蹟.jpg
特斯拉,★贏家才能留名萬世！特斯拉和愛迪生世代恩怨! ★伊森霍克完美詮釋世紀天才特斯拉 ★2020日舞影展首映全場大獲好評，美國權威影評網站爛蕃茄92%新鮮推薦 ★他的故事比愛迪生更傳奇，他的每項發明，都讓全世界邁向巨大進步，怎能不認識他! ★1898年，特斯拉提出電動車構想，2003年，馬斯克將公司名為『特斯拉汽車』，就是為了紀念他，並逐步實踐特斯拉的構想。  聚焦發明家特斯拉生平故事，包括交流電的發明與湯瑪斯愛迪生的激烈對抗…  「交流電之父」尼古拉特斯拉，被譽為最接近神的男人，他對電的理解和運用遠遠超乎你我的想像。  交流電帶來的便利，無線電、遙控器等發明，這些都是特斯拉的貢獻，但天才遭嫉，愛迪生和許多財團迫害於他，讓特斯拉的許多發明和技術深埋… ,2020-09-30,片長：01時42分,,3.0,100,D:\Users\Administrator\gb5566\yahoo_ptt\media\movie\images\yahoo\特斯拉.jpg
遺落夢境,★ 《T-34：戰場傳奇》億萬團隊最新力作 ★ 《神力女超人》《哥吉拉II 怪獸之王》特效團隊再創視覺高峰 ★ 宛如《全面啟動》X《奇異博士》超脫現實的燒腦科幻冒險 ★ 逃離夢境，成為他們唯一生路……  年輕有為的建築師維多，從一次意外事故中醒來，卻發現自己身處一個與地球極為相似的異世界中，異界中的所有景色都是由人類的記憶建構而成，也因如此，這個世界如記憶般混亂且極度不穩定，我們熟知的物理規則在這個世界並不存在。維多必須和他的愛人及夥伴找出其中的規律及破綻，同時躲避神祕異獸窮追不捨的獵殺，逃出這個超乎常理的異世界…… ,2020-09-30,片長：01時51分,科幻,4.0,91,D:\Users\Administrator\gb5566\yahoo_ptt\media\movie\images\yahoo\遺落夢境.jpg
戀愛與謊言,故事發生於架空的日本，在「超少子化對策基本法」（1975年制定）的規限下，少年少女們在16歲後便會失去自由戀愛的權利，政府會透過個人從小到大所做的問券、個資、等報告做分析，基於國民的遺傳因子資料強制指定他們的結婚對象，並且會保證兩人之間的契合度，而大家都欣然接受這種「幸福」，然而在那個情竇初開的年紀，青梅竹馬和政府配對之間，這樣的三角關係，該如何取捨呢？  【關於電影】  《戀愛與謊言》原作漫畫由 ムサヲ所著，故事設定中，那是一個由國家決定伴侶的世界，而在這樣的世界舞台上，人們沒有戀愛的自由。真人版電影與原作設定不同的地方在於，真人版電影的故事中心是由一女二男所構成的。女主角仁坂葵是由 森川葵所飾演、他的青梅竹馬司馬優翔則是由 北村匠海、而葵被政府所指定的結婚對象高千穂蒼佑則是由 佐藤寛太擔綱演出。,2020-09-04,片長：01時47分,劇情,3.1,67,D:\Users\Administrator\gb5566\yahoo_ptt\media\movie\images\yahoo\戀愛與謊言.jpg
花木蘭,★迪士尼經典動畫《花木蘭》真人版登上大銀幕 ★仙女姐姐劉亦菲化身花木蘭 ★穿上戰袍挑戰高難度武打動作 ★集結亞洲巨星功夫皇帝李連杰、《葉問》甄子丹、國際影后鞏俐同台飆戲  迪士尼帶來的《花木蘭》，重新再現了有著數百年歷史的中國詩歌中，不朽的傳奇女戰士。這部真人電影秉承其中國的根源，也呈現了華裔巨星與年輕新秀的精彩結合。  知名電影人妮琪卡羅將花木蘭的史詩傳奇化為現實，變成一場激勵人心的精彩冒險，一位無畏的年輕女子出於對家庭與國家的愛而冒著生命的危險，成為中國史上最偉大的戰士之一。當皇帝頒佈法令，每個家庭都要派出一人從軍服役，以保衛國家免受北方侵略者的危害，花木蘭，一位知名戰士的長女，代替她年老體衰的父親，假扮成男人，花軍。她通過每一次的考驗，充分利用她的內在力量，發揮自己真正的潛力。這個史詩般的旅程，將她轉變為一位優異的戰士，並讓她贏得國家的感謝與尊敬，以及父親的引以為傲。 ,2020-09-04,片長：01時55分,奇幻,2.6,65,D:\Users\Administrator\gb5566\yahoo_ptt\media\movie\images\yahoo\花木蘭.jpg
小偷演員,29歲的主人公大貫始（丸山隆平 飾）以前是小偷，現在已經改過自新成為一位每日默默耕耘的焊接技工，他和戀人藤岡美沙(高畑充希飾演)一直過著窮困但幸福的小日子，有一天他偶遇昔日小偷同夥畠山則男(宮川大輔飾演)，大貫被畠山威脅要潛入繪本作家的豪宅偷竊。而在偷竊的過程中，大貫意外遇到了不同的人物，他們都誤認為大貫是「豪宅的主人」、「繪本作家–前園俊太郎」和「奥江編輯」，為了不被這些人發現自己是小偷，大貫就開始扮演不同身份，試圖瞞天過海逃出豪宅。  【關於電影】  《小偷演員》是由原著舞台劇「小偷演員」作者 西田征史 擔任導演和編劇，傑尼斯關8成員 丸山隆平 以及甜美女星 高畑充希 主演。影片講述曾經是小偷的主人公進入豪宅行竊，卻被誤認成豪宅的主人、繪本作家和編輯，每次演繹不同角色的喜劇故事。,2020-09-11,片長：01時54分,,3.8,100,D:\Users\Administrator\gb5566\yahoo_ptt\media\movie\images\yahoo\小偷演員.jpg
中央車站,★1998年柏林影展金熊獎、最佳女主角等三項大獎 ★1999年奧斯卡金像獎最佳外語片、最佳女主角提名、金球獎最佳外語片 ★二十二週年數位修復經典傑作，全世界上最好看的電影國際首映 ★一生必看十大電影_多倫多時報 ★感人肺腑、熱淚盈眶_洛杉磯時報 ★精采絕倫的演技_綜藝報 ★最後結局絕對讓你哭著離場_芝加哥太陽報 ★撼動心靈的傑作_巴西日報  中央車站是巴西里約熱內盧流量最大的車站，朵拉靠著自身識字能力，替不識字的人們寫信為生。  某日，一名少婦帶著十歲的兒子約書亞給他從未謀面的父親寫信，希望約書亞的父親能夠來里約熱內盧找他們，但少婦卻在一出車站後就意外身亡。留下孤苦無依的約書亞在城市裏頭，隻身流落街頭著，本來為人現實的朵拉由於母性的驅使和內心的善良下，答應約書亞要去陪他尋找到父親。  剛開始兩人的相處是十分不愉快，但一路上他們不斷遇到重重難關時，對彼此卻越來越能坦誠相對，而在這段旅程中，朵拉與約書亞相伴在一起，約書亞尋找著父親，朵拉卻也同時尋找到了自己。 ,2020-09-11,片長：01時51分,,4.6,99,D:\Users\Administrator\gb5566\yahoo_ptt\media\movie\images\yahoo\中央車站：數位修復版.jpg
教會,18世紀天主教耶穌會修士深入南美叢林向當地原住民瓜拉尼人（Guaraní）傳教。曼多薩(勞勃狄尼洛飾)是西班牙殖民地的傭兵，他發現自己的弟弟與未婚妻的不倫戀後手刃了弟弟，他雖免於死罪卻愧對良心，在耶穌會修士加百列(傑瑞米艾朗飾)勸說下，曼多薩跟隨修士前往他們傳教的地方，友善的瓜拉尼人感動了曼多薩，他便在修士加百列與約翰(連恩尼遜飾)的見證下成爲了一名耶穌會修士。隨著西葡馬德里條約生效，傳教地被移轉給葡萄牙殖民，葡萄牙人認為耶穌會所建立的平等社會有礙於奴隸制，因而展開一場浴血之戰。  【關於電影】  史詩鉅作《教會》集結雙影帝勞勃狄尼洛、傑瑞米艾朗與人氣影星連恩尼遜同台演出，飾演在西班牙與葡萄牙交鋒的局勢下，努力為南美叢林的瓜拉尼人爭取生存空間的耶穌會修士，在戰火進逼的情況下面臨內心信念的掙扎，精湛演技直擊人心。導演羅蘭約菲也坦言面臨到一般好萊塢導演不會遇到的選角困難，必須找到介於現代與原始中間的印地安人來演出瓜拉尼人，他說：「我們電影拍的是道德上的模稜兩可，我希望片中的印地安人也是介於一種中間的狀態，最後我們找到了有接觸傳教士卻仍保有他們生活與歷史的瓦娜娜部落。」總計4個村落約300位瓦娜娜居民成為電影臨演，在劇組訓練6週後再用飛機送往拍攝地點，拍攝期間都有專門人員擔任翻譯和戲劇指導，拍到後期瓦娜娜人都會在拍完後聚在一起互相指導彼此。而導演羅蘭約菲更透露起初瓦娜娜人還在考慮要不要答應合約的時候，他曾遇到兩個願意參與演出的村民，村民開了個條件是不能讓他們的小孩參與，理由是他們認為電影拍攝完後所有人都會被殺掉，若孩童也慘遭毒手，那瓦娜娜部落便後繼無人，導演羅蘭約菲說：「相對我的震驚，他們的態度卻很平靜，我不懂他們這種想法從何而來，但這讓我更確信這部電影必須讓他們演出，讓他們能有對外表達的機會。」,2020-09-11,片長：02時05分,冒險,4.2,97,D:\Users\Administrator\gb5566\yahoo_ptt\media\movie\images\yahoo\教會.jpg
密弒直播,,2020-09-11,片長：01時32分,懸疑/驚悚,3.1,86,D:\Users\Administrator\gb5566\yahoo_ptt\media\movie\images\yahoo\密弒直播.jpg
特務搞飛機,★ 爆笑超越《雞不可失》，南韓年度最瘋狂動作喜劇！ ★ 南韓影史首部劫機動作喜劇，意想不到的救援英雄爆笑登場！ ★ 地面賣麻花，空中救全家，前所未見、高潮迭起的逆轉動作喜劇！ ★《偷天對決》、《王牌計中計》、《北風》製作團隊爆笑打造！ ★《白頭山：半島浩劫》、《極限逃生》視覺公司打造超狂特效場面！ ★ 集結南韓華麗卡司，帶來搞笑無極限的完美動作喜劇！ ★「韓流天后」嚴正化再展矯健身手，麻花店老闆娘帥氣變身女打仔！ ★《闇黑新世界》陰森奸角朴星雄，將以前所未見的最可愛形象登場！ ★「國民女婿」李相侖跳脫暖男形象，大展身手詮釋反派恐怖劫機份子！ ★《明明會說話》搞笑特務裴正楠，延續喜劇戲路，化身神經質新人空少！  地表最強大媽，拯救空中危「機」  ★ 爆笑超越《雞不可失》，南韓年度最瘋狂動作喜劇！ ★ 南韓影史首部劫機動作喜劇，意想不到的救援英雄爆笑登場！ ★ 地面賣麻花，空中救全家，前所未見、高潮迭起的逆轉動作喜劇！ ★《偷天對決》、《王牌計中計》、《北風》製作團隊爆笑打造！ ★《白頭山：半島浩劫》、《極限逃生》視覺公司打造超狂特效場面！ ★ 集結南韓華麗卡司，帶來搞笑無極限的完美動作喜劇！ ★「韓流天后」嚴正化再展矯健身手，麻花店老闆娘帥氣變身女打仔！ ★《闇黑新世界》陰森奸角朴星雄，將以前所未見的最可愛形象登場！ ★「國民女婿」李相侖跳脫暖男形象，大展身手詮釋反派恐怖劫機份子！ ★《明明會說話》搞笑特務裴正楠，延續喜劇戲路，化身神經質新人空少！  地表最強大媽，拯救空中危「機」 人氣麻花店老闆娘美英（嚴正化飾演），雖然一家人生活艱困，但她卻非常珍惜家人。某日，她意外獲得夏威夷旅行的機會，讓她帶著電腦修理高手老公石煥（朴星雄飾演）與女兒，展開人生首次的海外之旅。就在她們準備登機時，一群恐怖分子也登上同一班機，並在起飛後不久劫持了整架班機。眼看人生最大的幸福即將變調，也為了拯救家人與其他乘客，美英決定放下平凡過往，展現她隱藏已久的內功，開始營救全機乘客…。  【關於電影】  爆笑超越《雞不可失》，年度動作喜劇就看這一部 《特務搞飛機》是南韓影史首部以「劫機」作為題材的話題電影，故事描述麻花店老闆娘「美英」，和她專作電腦修理的年下老公「石煥」，兩人在生平首度的家庭旅行當中，為了拯救被劫持的班機，而展開一場超ㄎㄧㄤ的爆笑動作救援，並將透過動作、諜報、喜劇等多樣看點，挑動觀眾捧腹大笑的神經。全片不僅將在銀幕上展現痛快不已的動作場面，更將在放聲歡笑的同時，帶來驚心動魄的劫機場面。尤其主角並非是有特殊能力的超級英雄，而是過著平凡生活的普通人，因為是班機上的唯一救星，意外成為了全機的救援英雄。除了男女主角之外，還有為了活捉目標而劫機的恐怖份子、夢想成為特務的空少、看似可疑的神秘女人、目中無人的國會議員，本片編劇為各個人物注入不同的情境與設定，即便大部分都在有限的機艙空間當中，導演也透過高超的場面調度功力，讓觀眾絲毫不會感到無趣，甚至還有許多劇情反轉，讓觀眾在電影結束之前，一刻都無法移開視線。  本片演員也是一時之選，憑藉電影《大浩劫》吸引千萬觀眾，並陸續榮獲百想藝術大賞、大鐘獎最佳女主角獎肯定的嚴正化，將從「韓流女王」搖身一變，成為解救全機的麻花店老闆娘。她將完美消化高強度的動作演技，並以無極限的爆笑魅力緊抓觀眾的心。而在《闇黑新世界》展現讓人不寒而慄角色的朴星雄，也將延續《我裡面的那傢伙》中的冷面笑匠功力，在本片化身精通電腦的高手，並與嚴正化詮釋女大男小的甜蜜夫妻。此外，李相侖、裴正楠、李先彬三位影星的加入，以及金南佶驚喜的客串演出，都將為全片碰撞出不同的火花，並為觀眾帶來爽快的爆笑場面。  不僅如此，本片也出動南韓影壇最精銳的製作團隊。首先，攝影指導金正宇將透過《明明會說話》、《致命目擊》、《偷天對決》等片所積累的技術性拍攝技法，成功拍出飛機內部的空間與速度感。曾獲青龍獎、大鐘獎肯定的美術指導朴逸賢，也為本片設計出輕快又帶些復古的配色，真實展現出全片獨特的浪漫與溫暖氣氛。而曾參與《極惡對決》、《飆風特警隊》、《北風》、《偷天對決》、《神之一手》等片的動作指導崔奉祿，也將透過獨特的動作編排，打造角色們在機艙中的極限動作。此外，曾打造出《白頭山：半島浩劫》、《極限逃生》等片的知名視覺特效公司「Demolition」，這回也為本片創造出滿足視覺的超狂特效場面，引領觀眾進入從未體驗過的搞笑動作世界。台前幕後的精采打造，不僅讓本片在上映前勇奪預售率冠軍，上映後的好評更持續升溫，並在南韓三大電影評分網站CGV獲得87%金蛋評分、Megabox觀眾評分8.5高分，更在Naver獲得觀眾9.64分極高評價。超高的娛樂性，也讓許多網友在觀賞後盛讚本片「年度最搞笑！」「是近期觀賞過最有意思的電影，強力推薦！」 ,2020-09-11,片長：01時41分,喜劇,4.1,96,D:\Users\Administrator\gb5566\yahoo_ptt\media\movie\images\yahoo\特務搞飛機.jpg
蠟筆小新,《蠟筆小新》將以充滿無限想像的「塗鴉」主題，帶各位將視角集中在充滿神秘的「塗鴉王國」上，原本依靠豐富隨意的「塗鴉」作為運作來源的「塗鴉王國」，是以自由的塗鴉為能量來源，漂浮於空中的一個王國。但是，隨著時代變遷，近年在地面上看到塗鴉的機會減少，導致王國能源不足而快毀滅了…「塗鴉王國」的皇家軍隊賭上國家命運，開始進攻地面！！沒想到他們來到的地方，竟然是小新等人居住的春日部！！塗鴉王國珍寶「奇蹟蠟筆」能讓畫出來的東西動起來獲得珍寶的那位勇者就是－「超樂天的五歲小朋友」野原新之助！究竟小新能不能和他大筆畫出的塗鴉們一起拯救世界呢？,2020-09-11,片長：01時43分,喜劇,4.5,92,D:\Users\Administrator\gb5566\yahoo_ptt\media\movie\images\yahoo\蠟筆小新：激戰！塗鴉王國與差不多四勇者.jpg
麥路人,★ 香港金像獎10項提名，影帝郭富城近年最滿意演出作品 ★ 香港社會最關注「麥當勞」遊民議題 ，聚焦邊緣階層的人生，真實揭露社會底層悲歌 ★ 家人成了陌路人，陌生人反而更像家人，劇情溫情感人，讓人淚流不止，國際影展邀約不斷，口碑滿載，好評無數  假如，我們相信，希望能燃點生命；信念能改寫人生，或許，是我們不知道，希望和信念，往往會瓦解於貧窮…… 阿博（郭富城 飾）曾是一位金融才俊，但一場股災挪用公款，淪為階下囚…… 出獄後的阿博無法面對自我，更無法面對他期待極高的年老母親（鮑起靜 飾），也對為他肩負巨大債務的妹妹感到十分愧疚，因此不想回家，從此成了無家者，活在眾多比他更沒有明天的人當中，似乎讓他找回了一些安全感。十年前，在他意氣風發之時，曾與阿珍（楊千嬅 飾）有過一面之緣，但她卻與落迫時的阿博漸漸走近，希望他重新能振作…… 阿博在快餐店內遇到不少同路人，相互改寫了各自的人生：帶著稚女的苦命媽媽，一直瘋狂打工為欠賭帳的奶奶還債，不敢回家的等伯（萬梓良 飾）、靠街頭賣畫維生的口水祥（張達明 飾）、剛離家出走的孤僻少年深仔等。眾人都以阿博為首，互相扶持，希望能盡力幫助彼此走過人生低谷。  【關於電影】  現今社會，樓價高漲、貧富懸殊、社會傾斜、人際關係疏離，各地食物鏈下的最低層，每天均過著貧苦生活！有人因為付不起昂貴租金、家庭或個人問題、亦或是節省交通費用等等各種原由，每當踏入凌晨，便會不約而同流連在各種地方如公園、天橋甚至24小時營業的速食店借宿一宵，夜宿速食店的這群人被稱為「麥難民」，成為香港夜晚獨特的景像。  電影《麥路人》靈感取材於日趨普遍的香港社會悲情實況，描繪貧窮線下的小人物，每個人都有不同的原因，聚結在24小時速食店，相助守望的感人故事。香港無家者的社會現象由2013年逐漸受關注，根據香港社區組織協會於2019年發佈的調查發現，截至2018年底，全港露宿者的登記人數由2013年的780人上升至1270人，當中接近4成是「麥難民」，增幅高達6倍。 ,2020-09-17,片長：01時54分,,4.3,97,D:\Users\Administrator\gb5566\yahoo_ptt\media\movie\images\yahoo\麥路人.jpg
皮諾丘的奇幻旅程,皮諾丘能通過考驗，如願成為一個真正的男孩嗎？ 孤獨的老木匠傑佩托，因緣際會得到一塊櫻桃木，便將它雕刻成一個木偶，並取名「皮諾丘」來作伴。意外的是，木偶完成後不僅能開口說話，更會走能跑。傑佩托喜出望外，決定好好栽培，於是送他去上學讀書。  然而皮諾丘生來頑皮，不僅賣掉課本，還逃學跑去看木偶戲班表演，引發戲班團長的覬覦、施計將他擄走。傑佩托遍尋不著皮諾丘，傷心之下離家四處尋子。逃回家的皮諾丘，發現父親不在，內疚之下也展開他的尋父之旅。  因為不聽蟋蟀的忠告，皮諾丘又中狐狸和貓的詭計，落入壞人的手裡。更因為貪玩被騙到「玩具國」，被變成驢子賣給馬戲團，並在逃跑時遭到巨鯊吞下了肚…。本性善良的皮諾丘，常被邪惡誘惑而撒謊，讓自己身陷麻煩之中。一心想找到父親回家團聚的他，能通過勇氣、忠心和誠實的考驗，如願成為一個真正的男孩嗎？  【關於電影】  豪擲五億台幣華麗打造的奇幻新片《皮諾丘的奇幻旅程》（Pinocchio），是坎城名導馬提歐賈洛尼（Matteo Garrone）的最新鉅作。該片還原風靡全世界的童話「木偶奇遇記」，被譽為超越全球250種版本的終極呈現！《美麗人生》奧斯卡影帝的羅貝托貝尼尼（Roberto Benigni），片中飾演「皮諾丘」的創造者，《狗奴人生》坎城影帝馬切羅馮提（Marcello Fonte）亦參與演出。該片所有奇幻場景除砸重金拍攝外，更拜現代科技之賜，極盡奇幻華麗之能事，場面讓人嘆為觀止，一舉橫掃義大利金像獎最佳影片、導演、男女配角、改編劇本、攝影、製作、剪輯、藝術指導、最佳配樂、聲音設計、視覺效果，以及造型設計、化妝、髮型等15項大獎提名，並獲選柏林影展「特別盛會」觀摩影片。  這部真人版奇幻電影《皮諾丘的奇幻旅程》，根據義大利作家卡洛柯洛帝（Carlo Collodi）知名童書改編。看似說給孩子睡前聽的童話，寓意卻能讓大人獲得療癒，提醒著孩子要努力向學，才不至淪為被操弄的玩偶。片中荒謬的法庭、遭勞役的驢子，都深具警世作用，加上天馬行空的想像力、扣人心弦的敘事魔力，使之成為經典中的經典，曾被迪士尼改編動畫並獲奧斯卡獎，擁有的觀眾、讀者及銷售量，幾可媲美【聖經】及【魔戒】等。故事中一句「說謊鼻子會變長」，幾乎成為跨世代的共同記憶。 為超越皮諾丘原著的全球250種版本，馬提歐賈洛尼不惜砸重金造村拍攝，還原故事中社會底層的樣貌，讓皮諾丘這場充滿蛻變的冒險，有著陰鬱小鎮，詭譎角色、奇幻世界，更有人性的貪婪與慾望，謊言與死亡。展現不同於迪士尼的魔幻魅力，讓人耳目一新。這部曠世奇作《皮諾丘的奇幻旅程》，不僅獲選今年柏林影展「特別盛會」觀摩影片，橫掃義大利金像獎、銀絲帶獎等總計27項大獎提名，更在義大利飆出5.5億台幣的票房佳績。而其集結視覺、化妝、音效等奧斯卡團隊，更以神乎其技的魔幻特效，為義大利電影樹立了全新的里程碑。 ,2020-09-18,片長：02時05分,劇情,3.9,86,D:\Users\Administrator\gb5566\yahoo_ptt\media\movie\images\yahoo\皮諾丘的奇幻旅程.jpg
天劫倒數,《天劫倒數》故事敘述一顆名為「克拉克」的彗星，從地球旁邊高速掠過，其大型碎片落入地球，造成城市毀滅與難以估計的生命財產損失。政府緊急開放給某些人有資格躲入地下緊急避難所，以躲避48小時後更具毀滅性的隕石衝擊，約翰蓋瑞迪(傑哈巴特勒 飾)雖然不明白自己為何被選中，但是他決定把握這個機會，為自己與家人爭取活下去的機會。,2020-08-12,片長：02時00分,,3.9,97,D:\Users\Administrator\gb5566\yahoo_ptt\media\movie\images\yahoo\天劫倒數.jpg
逃出立法院,★禾浩辰、賴雅妍繼《等一個人咖啡》再度同框，2018金馬入圍、台北電影獎最佳短片獎導演王逸帆執導 ★《紅衣小女孩》系列電影總監製曾瀚賢最新力作 ★立法院爆發活屍病毒！多數立委高官遭到感染，互撕互咬，鮮血直流，高層下令全數殲滅控制疫情  標準魯蛇王有為（禾浩辰 飾）是立法院裡的替代役，卻在立委熊穎穎（賴雅妍飾）與反派立委的衝突中，意外害熊穎穎使用暴力，不得不引咎辭職，她便強硬的要求王有為替她把立委選回來。連班長都沒當過的王有為就這樣補選上了立委！  新科立委王有為上任的某天，立法院爆發化工廠流出活屍病毒，立委高官甚至總統一個個互咬變成活屍，瞬間快速傳染，所有立委成了活屍，立法院成為血流成河的人間煉獄。王有為在與活屍立委廝殺的過程中，發現自己竟對病毒免疫，他與倖存者熊穎穎等人決定打爆活屍，奮力逃出立法院，因為他們全都想要活著出去，一個都不能少！  【關於電影】  《逃出立法院》中充滿政治嘲諷和黑色幽默，但這些元素皆直指故事核心概念：「家」。  故事中主角群其實就是一個來自社會各個階層的大家庭，而隨著故事發展，主角也從一個憤世嫉俗的孤兒，慢慢體會到自己的家人就在身邊，成長為一個願意付出的人。採用非典型的「活屍們」來表現現實中不盡理理想的環境，象徵那些為了自己的利益把這個地方搞得亂七八糟的人。  在爽快與活屍廝殺的同時，透過主角的成長，也讓觀眾得到「這個地方就算被搞得再爛都是我們的家，不論如何都要把這個家變得更好。」的啟發。本片透過不停的拉扯、對撞、衝突，去展開一場血淋淋且極具痛感的對話，而對話的終點在於更多的「理解」。不同世代，不管是憤怒衝撞或厭世嚷嚷著說要「逃離鬼島」，其實往往都源自於對臺灣這塊土地的殷切期許。,2020-08-14,片長：01時36分,喜劇,4.0,92,D:\Users\Administrator\gb5566\yahoo_ptt\media\movie\images\yahoo\逃出立法院.jpg
春櫻之歌,「因為我決心要成為妳心目中的正義使者。」  少年不再逃避真相。 為了拯救少女、為了貫徹自己選擇的正義。  魔術師〈御主〉與英靈〈從者〉以萬能許願器「聖杯」為中心，展開的戰鬥——「聖杯戰爭」。這場戰爭的本質已然扭曲，間桐臟硯企圖利用櫻來完成自己的夙願。間桐櫻與自己犯下的罪孽，沈淪幽深的黑暗中。發誓要保護櫻的衛宮士郎，為了終結「聖杯戰爭」和遠坂凜聯手投身於慘無人道的戰爭中。另一方面，深知這場戰爭真相的伊莉亞・馮・艾因茲貝倫也挺身面對自己的命運…  少年力抗迎面而來的狂風，挑戰命運， 他的心意，少女是否能了解？  迎向終局的「聖杯戰爭」——。最後之戰，即將揭開序幕。 ,2020-08-15,片長：02時02分,奇幻,4.4,96,D:\Users\Administrator\gb5566\yahoo_ptt\media\movie\images\yahoo\Fate/staynight[Heaven'sFeel]III.春櫻之歌.jpg
最後的情書,★ 七夕情人節 戀愛電影首選 ★ 新海誠力推！岩井俊二 繼情書後最動人的純愛的電影書寫 ★ 時隔22年 松隆子&福山雅治再結戲緣  裕里的姊姊未咲撒手人寰。裕里（松隆子 飾）在告別式上，從外甥女鮎美（廣瀨鈴 飾）口中得知，有一封寄給未咲的同學會通知。裕里前往姊姊的同學會，想告知姊姊過世的消息，卻被眾人誤認為是曾為校花的姊姊，並且與她的初戀對象鏡史郎（福山雅治 飾）重逢。  一場誤會開啟了裕里與鏡史郎之間奇妙的書信往來。學生時期的鏡史郎（神木隆之介 飾）和少女未咲（廣瀨鈴 飾）以及少女裕里（森七菜 飾）之間淡淡的初戀情誼，又彷彿透過往返的信札鮮活起來。書信悄然串起他們的心，讓未咲死亡的真相、過去及現在，以及各自深藏在內心的初戀情懷，即將穿越時空有新了的發展───  催生出《情書》、《燕尾蝶》、《四月物語》、《花與愛麗絲》等經典名作的電影導演──岩井俊二。他闖蕩影壇的20多年當中，巧妙地切入各個時代，刻劃出各種當代的愛情。每部作品都有忠實支持者的岩井俊二導演，首度以自身的出身地「宮城縣」作為故事背景，讓錯過的書信情牽兩個世代的男女，《最後的情書》描繪出他們各自的心靈重建與成長。大師岩井俊二的新片，集結到松隆子、廣瀨鈴、庵野秀明、森七菜、神木隆之介、福山雅治等超豪華卡司，老班底中山美穗和豐川悅司也來友情客串。不但讓人重溫名作『情書』的世界，並構築出全新的娛樂視角。 ,2020-08-21,片長：02時01分,劇情,4.0,92,D:\Users\Administrator\gb5566\yahoo_ptt\media\movie\images\yahoo\最後的情書.jpg
看不見的證人,★ 韓國電影大廠CJ娛樂合力打造！ ★ 翻拍自韓國驚悚犯罪電影《盲證》！ ★「看不見」的目擊者 該如何指認真兇！ ★ 台灣觀眾搶先目睹海外唯一上映！  小秋〈方英桃 飾〉是位前實習警察，在一場意外中不幸喪失視力。而她涉入一起她認為是謀殺案的事件當中，因而決定站出來作證，但卻因「看不見」而不被警方採信，此時，另一名證人竟突然出現提供跟她相反的證詞，調查單位正感困惑之時，藏於暗處的兇手決心對她不利。 ,2020-08-21,片長：01時45分,,3.5,71,D:\Users\Administrator\gb5566\yahoo_ptt\media\movie\images\yahoo\看不見的證人.jpg
可不可以 你也剛好喜歡我,★ 2020白色情人節，最純粹可愛，又帶有一絲傷心的初戀告白 ★ 億萬名導林孝謙編劇，改編知名作家肆一同名暢銷作品 ★ 集合台灣新生代清新組合，再造愛情電影全新CP  田筱湘（陳妤 飾）是個熱愛肆一散文及塔羅牌算命的女孩，但內心深處，她還有另一個摰愛，就是青梅竹馬的李助豪（曹佑寧 飾），在她求神問卜算出天時地利人和的時機，準備要告白時，李助豪竟先向校花網紅，也是她的好友宋依靜（林映唯 飾）告白了！  宋依靜卻對李助豪開了交往條件，她要求李助豪展現追求誠意的任務就是必需促成3對絕緣的男女展開戀情！包括：冰山美人的美術老師史東與暗戀她多年的健身房老闆劉志晾，還有全校最討人厭的怪妹阿余，她病態般的不停向校草羅丹尼公開示愛，以及黑社會大姊頭御姊竟然看上了哲學系的阿山，要讓這3對神組合交往，簡直是MISSION IMPOSSIBLE。  一向是工具人的李助豪竟傻傻同意要求，消息一出轟動全校，其實束手無策的他趕忙向好友田筱湘求援。田筱湘初戀破滅，卻因捨不得看著好友難過，不得不懷著複雜心情，半推半就下同意幫忙，她心中的初戀會走向剛剛好的完美結局嗎？ ,2020-08-21,片長：01時48分,劇情,4.6,97,D:\Users\Administrator\gb5566\yahoo_ptt\media\movie\images\yahoo\可不可以，你也剛好喜歡我.jpg
天能,諾蘭導演的全新鉅作《TENET天能》演員卡司包括約翰大衛華盛頓、羅伯派汀森、伊莉莎白戴比姬、亞倫泰勒強森，肯尼斯布萊納和米高肯恩。,2020-08-27,片長：02時29分,劇情,4.0,99,D:\Users\Administrator\gb5566\yahoo_ptt\media\movie\images\yahoo\TENET天能.jpg
美麗佳人歐蘭朵,★ 女神蒂妲絲雲頓奠定江山代表作 ★ 英國傳奇名導莎莉波特一戰成名 威尼斯競賽片 享譽國際 ★ 我不是男，也不是女 穿越時空四百年的自我追尋之旅 ★ 突破當代性別意識的超前衛電影 ★ 兩項奧斯卡提名 英國奧斯卡最佳化妝得主  故事述敘主角四百年的傳奇生涯。出身英國貴族的歐蘭朵，是伊麗莎白一世時的美少年，做過其侍衛深得寵幸，並被賜予「不凋零不老去」。在一次次的沉睡後，從性別的錯亂覺醒，享有永恆青春的他/她，品嚐過愛情的甜蜜，面對創作的折磨，和戰爭的荒誕。他談過與俄羅斯公主的戀愛，也曾躲進文字裡尋求失戀的解脫；他為躲避煩擾自請出使東方，還與可汗結下友誼，又因英國殖民主義的利益衝突而破裂。精神受到衝擊的他陷入昏睡，一覺醒來變成女性。四百年後，歐蘭朵來到了現代，與單親撫養的女兒重回貴族時的古堡領地，雖然她不再擁有財富和地位，但卻終於擁有自由，成為一個二十世紀的獨立女性。  改編自維吉尼亞吳爾芙的同名小說，1993年轟動歐美影壇的傑作，27年後在台灣大銀幕重現，這也是台灣首度數位高清版的院線上映。 ,2020-08-28,片長：01時33分,奇幻,4.1,88,D:\Users\Administrator\gb5566\yahoo_ptt\media\movie\images\yahoo\美麗佳人歐蘭朵.jpg
蘇州河,★荷蘭鹿特丹國際影展 最佳影片老虎獎 ★維也納國際影展 費比西影評人獎 ★東京FILMeX影展 最佳影片 ★2000年《時代雜誌》年度10大電影  在上海蘇州河上，騎摩托車替人送貨的馬達，接下接送少女牡丹的工作，兩人日漸相處愛上彼此，但就在她決定把終身託付給對方時，馬達財迷心竅，聯合黑道朋友綁架了她，令牡丹心灰意冷，一氣之下跳進蘇州河。臨跳前，牡丹留下遺言：「我要是跳下去了，我會變成一條美人魚來找你的。」  五年後出獄的馬達，在酒吧遇見一位扮成金髮美人魚的酒店女郎美美，和牡丹長得一樣，然而美美表示絲毫不知情牡丹的事，但聽著故事開始仰慕馬達對牡丹的愛，馬達則陷入心理交戰，他直覺牡丹一定還在世上，決心要找到她...  【創作背景】  《蘇州河》是婁燁導演的第3部長片作品，與《危情少女》、《周末情人》和之後的《紫蝴蝶》一樣都是以上海為背景並在當地拍攝完成的。上海不只是婁燁的出生、求學之地，更是讓他為人所知，孕育他創作出這些經典早期作品的靈感城市。《蘇州河》是婁燁自編自導作品，他堅持全程參與實驗性創作，時時都在思考、修改、找尋靈感，他以獨具的抒情文學性敘事、似真似假的人物設定、神秘的主觀旁白，創作出這個迷人上海都會裡，中下階層小人物不凡的淒美故事。  婁燁獨具慧眼，無懼相中當時毫無名氣的演員來擔當主演，卻總成功一舉將他們推上巨星之列。從劇場出身的賈宏聲，並非傳統典型電影演員，然而婁燁深受他有靈性的自然神韻所打動，堅持要讓這位藝術圈好友變成他鏡頭下的男主角。而當年出道不久沒沒無聞的周迅，與婁燁的相遇卻是在一次北京酒吧聚會上，她的美貌與純真機靈的性格讓人印象深刻，婁燁看見了她的潛力，大膽找上她擔當主演，而《蘇州河》後的周迅果真一戰成名，甚至躍上國際舞台。  【回顧20年】  身為千禧年第六代導演浪潮的代表人物之一，婁燁即使與所有同代影人一樣必須面對大環境資金資源短缺、電影審查、無法上映等困境，但他堅持以自己的創作、實驗性的電影語言，嘗試不落俗套地為故事找到最適合的呈現方式。婁燁沒有因大時代的不安而迷失，他很確定要走出與眾不同的道路，對自由與原創的自我表達是他從影以來一貫的理念，而《蘇州河》就是在這樣的精神下誕生。拍攝進入後期階段，開始面臨預算不足的困境時，婁燁因緣際會下認識了當時也沒沒無聞的製片人菲利浦泊拜（Philippe Bober），想不到正是獲得坎城影展金棕櫚大獎《抓狂美術館》（The Square）的重量級製片。  當初一起在藝術圈打拼的菲利浦泊拜，原打算參與婁燁未來的製片計畫，卻一次無意間搶先看到了《蘇州河》的半成品，被這個質樸唯美又奇幻的作品深深打動，看見它更多可能性，所以在最後一刻決定加入後期製作，並找來了剪輯師卡爾里德（Karl Riedl）、配樂家約克萊茵伯格（Jörg Lemberg），讓《蘇州河》搖身變成一部歐陸合製作電影，增添了與同期電影完全不同的迷人色彩。20年了，如今菲利浦泊拜成為坎城金棕櫚肯定的知名製片，婁燁更早已成為國際肯定的代表性華人導演，而周迅更是華語影壇的影后級指標名人！回頭看當年這群來自各地，為夢想奔走的年輕人們，他們無畏地走出了不確定的年代，並找到了屬於自己的無限道路，更為影壇後備帶來深遠啟發。,2020-08-28,片長：01時20分,,3.9,90,D:\Users\Administrator\gb5566\yahoo_ptt\media\movie\images\yahoo\蘇州河.jpg
粽邪2,★根據台灣送肉粽民間習俗改編 ★金馬影帝李康生親身上陣搏命演出祭吊煞 ★淒厲邪靈連環奪命鬼王鍾馗命懸一線 ★金獎團隊製作恐懼指數刷新你的感官極限  十七歲的佳敏(許安植飾)從小擁有靈異體質，她被阿姨玉蘭收養，雖然玉蘭對她疼愛有加，但姨丈昌仔(顏正國飾)卻對兩人長期家暴。某日，佳敏的國中同學芊芊，和網紅男友灰熊(孫安佐飾)想拍攝著名的民間傳說「椅仔姑」，希望由佳敏召喚神靈，吸引直播流量。過程中灰熊為求畫面精彩，故意激怒椅仔姑，召靈情況失控，幸而得到路過的火哥(李康生飾)相助，才化解危難。  火哥與佳敏一樣擁有靈異體質，且配戴著師父金龍師(雷洪飾)傳給他的五雷令項鍊，他擁有「鍾馗身天命」，可以召喚鍾馗降妖伏魔。五年前，火哥與金龍師、師兄阿西法師(陳博正飾)至毒窟除煞，遇到異國邪靈「鬼師傅」。除煞過程中，火哥遭入魔身陷險境，從此喪志像灘爛泥，成天喝酒逃避，但天命的機遇仍不斷找上他…  邪靈鬼師傅引發連續多起上吊事件，佳敏的阿姨玉蘭遭附身，許多無辜民眾也遭受牽連，極度的恐懼降臨在整個小鎮之中。「你有兩個選擇，一輩子逃避，或者勇敢面對。」金龍師曾對火哥這麼說，火哥把這句話，轉送給想救阿姨的佳敏。其實這句話，也是火哥要對自己說的，「天命，中邪，一線之隔。」一場驚悚激烈的神鬼對峙將全面展開…  【電影介紹】  《粽邪》於2018年創下全台暑假檔期華語票房冠軍，主創團隊延續民間「送肉粽」的儀式概念，以更高預算打造更高規格的續集電影，將觀影恐懼感提升至新境界。《馗降：粽邪2》故事除圍繞在悼念上吊往生者「送肉粽」儀式外，更加入了台灣民俗信仰元素「椅仔姑」，以及更淒厲更邪惡的異國邪靈。此次由金馬影帝李康生親身上陣，演繹擁有「鍾馗天命」的法師，這份「天命」帶給他巨大的挑戰與負擔，甚至陷入凶險的性命危機。電影將於農曆鬼月隆重上映，極致的驚悚環節與刺激的神鬼對峙，《馗降：粽邪2》將在今年暑假帶給你驚涼快感，再創台灣國片話題巔峰！,2020-09-02,片長：01時44分,懸疑/驚悚,3.9,91,D:\Users\Administrator\gb5566\yahoo_ptt\media\movie\images\yahoo\馗降：粽邪2.jpg
藍色恐懼,★《千年女優》、《東京教父》、《盜夢偵探》日本動畫大師今敏一鳴驚人首部作，全新數位修復版首度在台上映 ★榮獲英國電影雜誌《Total Film》前50大動畫第25名 ★1997年蒙特婁幻想電影節最佳亞洲電影、1998年葡萄牙Fantasporto奇幻電影節最佳動畫片、1998年柏林影展觀摩單元 ★藝術與電影的完美傑作_Asian Movie Pulse ★完美到不行的神作_Cinema Crazed ★今敏是當今最神的動畫導演_Guardian  霧越未麻是女子偶像團體「CHAM」中的成員之一，但在公司的決策下，單飛告別舞台挑戰演員之路，但她卻感覺內心有聲音抗拒這個決定，視為她為背叛者的粉絲，則如影隨形恐嚇著她。而隨著星運多舛的全新開始，未麻卻覺得發現自己的腦袋漸趨混亂，彷彿有「另一個自己」正在悄然形成。與此同時，身邊眾人竟一個個死於非命。在面對社會壓力和懸案疑雲之際，一場風暴即將發生……,2020-07-17,片長：01時22分,劇情,4.2,72,D:\Users\Administrator\gb5566\yahoo_ptt\media\movie\images\yahoo\藍色恐懼：數位修復版.jpg
翻供,劇情描述律師貞仁（申惠善 飾）得知罹患失智症的母親花子（裴宗玉 飾）涉嫌下毒殺人，因故與家人失聯多年的她懷疑事有蹊翹決定親自出手調查。追查案情的過程中，貞仁遭遇各方層層阻撓，到底她該自保並為母親翻供，揭開這樁謀殺案背後隱藏多年、不可告人的醜陋真相？,2020-07-22,片長：01時51分,,4.0,86,D:\Users\Administrator\gb5566\yahoo_ptt\media\movie\images\yahoo\翻供.jpg
戀夏時光,★《天才的禮物》《奇蹟男孩》後，最真摯感動的生命故事！ ★《我要為你呼吸》《惡女訂製服》監製Ｘ《漫漫回家路》配樂，攜手打造今年最動人英倫電影！ ★《女巫獵人》潔瑪雅特頓Ｘ《美女與野獸》古古瑪芭塔勞 從影以來最浪漫動人演出！  遇見你，是生命中最美好的意外 二次世界大戰期間，性格孤傲冷僻，拒人於千里之外的作家愛麗絲（潔瑪雅特頓 飾）獨自隱居在英國南方的海邊懸崖旁，苦心鑽研以科學理論推翻魔法的存在。某日，一名從倫敦戰區避難而來的男孩法蘭克（盧卡斯邦德 飾）闖入她的獨居生活，百般不願的愛麗絲對法蘭克極為冷漠、消極，在朝夕相處下，法蘭克的天真與單純卻逐漸瓦解愛麗絲封閉的心房，也喚醒她深埋心中的秘密—那年夏天，她與舊情人（古古瑪芭塔勞 飾）所共度的美好時光…。 ,2020-07-24,片長：01時39分,溫馨/家庭,3.8,67,D:\Users\Administrator\gb5566\yahoo_ptt\media\movie\images\yahoo\戀夏時光.jpg
魔王的女兒,「誰才是真正愛你的人？」  艾莉莎，一個懷抱歌唱夢的厭世女高中生，小心藏著暗戀心事，總抱怨自己是不被愛的人。一日，她目睹了好友珍碩的車禍意外，並眼睜睜看著珍碩的靈魂被魔王掠走。正當她因負疚感不知所措，一隻會說話的青蛙精靈突然現身，領著她墜入神秘的精靈國度。在那裡，艾莉莎邂逅了吉他精靈羅比，更意外得知自己早已遺忘的身世秘密。原來此時此刻，精靈國度正深陷魔王的暗黑統治中，唯有艾莉莎能打破詛咒。但在此之前，她必須先誠實聆聽自己，覓得愛的真諦。為了拯救好友的靈魂，艾莉莎決定挺身而出，竭盡所能。  懷抱著對愛的青春迷惘，有青蛙與羅比相伴，艾莉莎在精靈國度的勇敢冒險，也就此展開⋯⋯ ,2020-07-24,片長：01時24分,冒險,2.8,46,D:\Users\Administrator\gb5566\yahoo_ptt\media\movie\images\yahoo\魔王的女兒.jpg
深潛行動,★韓國青龍獎影帝鄭雨盛、資深演員郭度沅聯手打造磅礡《鋼鐵雨》二部曲！ ★韓國億萬導演梁宇皙繼口碑爆棚電影《正義辯護人》後最新動作鉅作！ ★刺激直逼《全面攻佔：倒數救援》，南北韓、美國三大元首遭綁架，戰爭一觸即發！ ★「國民女婿」柳演錫顛覆暖男形象演出北韓領導人，演技大爆發！ ★《鋼鐵雨》首部曲擊敗《星際大戰八部曲：最後的絕地武士》奪韓國新片票房冠軍，締造逾445萬觀影人次、台幣11億票房！  潛艦全面攻佔 核戰一觸即發！  南韓總統(鄭雨盛飾)、北韓領導人(柳演錫飾)與美國總統(安格斯麥克菲恩飾)三大元首為達成和平協定破天荒舉辦了全球矚目的高峰會談。然過程中北韓護衛總局局長(郭度沅飾)卻突然發動武裝政變，將三大元首綁架到一艘核子潛艦上，面對南北韓僵局、中美角力和日本的箝制，全球戰爭一觸即發。  三國領袖變成人質、世界和平危在旦夕，他們更要想出一起逃出升天的辦法，在核子潛艦上的高峰會議即將展開… ,2020-07-29,片長：02時11分,劇情,4.0,99,D:\Users\Administrator\gb5566\yahoo_ptt\media\movie\images\yahoo\鋼鐵雨：深潛行動.jpg
雙面追緝,★榮登韓國六月新片票房冠軍 ★經典神劇《信號》、《毒戰》演技派男星 趙震雄 再度化身正義警探，追查謎樣多重真相 ★韓劇多產作品實力派 裴秀彬 X《與神同行》鄭海均  名叫炯求的刑警(趙震雄飾) 前來調查小鎮上發生的神祕火災，他探查每一個村民，卻得不到任何線索，全村總有種不安的詭譎氣氛。一晚，村民們邀請炯求作客，酒後三巡，炯求失去意識，第二天他醒來時，全村民卻尊稱他為“老師”，炯求漸漸意識到他變成了小鎮上另一個身分…這到底是一場夢、騙局、還是現實…他要如何發掘這一連串的謎團真相！？,2020-07-31,片長：01時45分,懸疑/驚悚,3.4,100,D:\Users\Administrator\gb5566\yahoo_ptt\media\movie\images\yahoo\雙面追緝.jpg
北海小英雄,★風靡全台「北海小英雄」小威重返大銀幕，暑假唯一親子動畫電影！ ★驚險的航海冒險，當「北海小英雄」小威遇上「北歐神話」雷神索爾，全新風格，視覺效果直逼《馴龍高手》。 ★戳戳鼻子、動動腦筋、「啊哈」一聲「有了」，五六年級生最懷念的卡通，小小腦袋瓜總能蹦出令人驚喜的點子鼓舞人心。  在層層冰封的維京群島中有一個布蘭村，住著一群維京海盜，他們個性單純熱情，但有勇無謀，靠著村長，也是海盜船船長哈維帶著大家賺錢謀生。  哈維的兒子小威一心嚮往登上父親的維京船，沿著北歐海岸展開刺激的冒險，但哈維不確定兒子是否有本事成為一名真正的維京戰士。當哈維從多年的死對頭屎凡那裡偷來一支神祕的寶劍，他們發現寶劍擁有神奇的力量，竟然能點物成金，哈維和村民興奮過頭，胡亂使用，竟誤將小威的母親變成了一座黃金雕像。  為了解除魔咒救回母親，小威和琪琪偷偷溜上船，與父親一同踏上前往神奇的洛基峽灣，在這場充滿驚奇和危險的旅程中，小威不會錯過機會向他父親證明，他確實有本領成為真正的維京海盜。  本故事並結合北歐神話，與雷神索爾驚喜相遇，是本片一大驚喜與賣點。  【關於北海小英雄的故事】  電影的主人翁小威源自於1963年出版，由瑞典作家努勒強森所寫的童書《維京海盜小威》，1974年由德國和日本共同製作卡通版本，在日本首播後獲得廣大迴響，也陸續於歐洲、亞洲與美洲的多個國家以不同的語言版本播出，電視卡通熱播超過40年，版權賣到超過130個國家，是名聞全球的冒險趣味動畫。 1978年《北海小英雄》在台灣首播，1982年及1990年也曾播出不同配音版本，極受觀眾的喜愛，2013年也曾再度重播，尤其主題曲傳唱率極高，是5、6年級生共同回憶的經典作品。  小威生性敏銳有創造力，小小腦袋瓜總能想出令人驚喜的聰明對策鼓舞人心，戳戳鼻子，動動腦筋「啊哈」，一聲「有了」，小威向小孩和大人證明，想更快速又更有效地克服挑戰，那就要善用卓越的點子和聰明才智，而不是動用武力，強烈傳達「運用智慧」這個歷久彌新的價值觀。 ,2020-07-31,片長：01時22分,冒險,4.0,99,D:\Users\Administrator\gb5566\yahoo_ptt\media\movie\images\yahoo\北海小英雄.jpg
隱藏的畫家,★ 2020柏林影帝之作．義大利梵谷 傳奇再現 ★ 20世紀瘋子天才畫家 安東尼奧利加布 傳記 ★ 坎城影帝 艾利歐傑曼諾 脫胎換骨驚人詮釋 ★ 榮獲 義大利銀緞帶最佳年度電影 多項大獎  一生瘋狂，卻無法阻止他創作 電影回顧 安東尼奧利加布 震驚全義大利的戲劇性人生，自幼就展現繪畫天賦的他，童年卻十分坎坷，義大利父母非法到德瑞邊境打零工，母親過世後，被送給一對夫妻收養，但精神問題卻讓他不受歡迎，隨著身分問題被揭發，而被迫遣送回義大利。一生顛沛流離，進出精神病院無數次，直到認識了一名雕刻家，開始學習畫畫和雕塑，而成為了20世紀重要的素人藝術畫家。電影由義大利金像導演 喬治歐迪里蒂 指導，今年柏林影展首映獲得熱烈回響，義大利金像三度稱帝的坎城影帝 艾利歐傑曼諾 如附其身的強大演技，更是不負眾望一舉榮獲柏林影展最佳男主角等多項國際大獎，重新喚起藝術史上一代狂人的傳奇色彩。,2020-08-07,片長：02時00分,,4.1,82,D:\Users\Administrator\gb5566\yahoo_ptt\media\movie\images\yahoo\隱藏的畫家.jpg
哈囉少女,★女生小圈圈　閨蜜還是敵人？ ★《甜蜜殺機》連奕琦監製　年度話題校園片 ★開美肌 婊心機　社群風暴將席捲花邊少女少男們  神秘寡言的轉學生允蘅，初來乍到就被捲入暗潮洶湧的女孩心機；想連任校園親善大使的可茜，想方設法建立自己的姐妹勢力；率真直言的力加，看不慣可茜恩威並施的手段，挺身而出的同時卻也陷入鬥爭的漩渦，姊妹過招各鬥心機。一場生日派對後，少女被偷拍的性愛影片在網路上流傳，流言蜚語四起，少女花邊日記開始變調。  直播、偷拍、肉搜，少男少女們的校園小圈圈不再平靜，一場風雨欲來的網路社群風暴即將襲來！為好友伸張正義的她，在越接近真相的同時，也揭露校園內令人坐立難安的真相……。,2020-08-07,片長：01時22分,,3.9,76,D:\Users\Administrator\gb5566\yahoo_ptt\media\movie\images\yahoo\哈囉少女.jpg
怪胎,在愛情的世界裡，我們是彼此的怪胎。 陳柏青是一名嚴重神經性強迫症患者，有非常嚴重的潔癖，非不得已要出門時都是全副武裝；穿防塵衣、戴手套、戴口罩，還會不停的洗手，所以他幾乎沒辦法正常社交生活。在一般人眼中，柏青就是個異於常人的怪胎。每月的15號是柏青唯一一天出門採買的日子，就在某個命運的15號，他遇見了與他「同病相憐」的另一個怪胎—陳靜。陳靜除了跟柏青一樣有嚴重的潔癖之外，她的皮膚只要在家以外的地方待上超過四小時就會嚴重過敏，全身長出紅斑。原本以為自己要永遠孤單活在這世界上的兩人，老天爺讓他們相遇，發展出一塵不染的愛情，彷彿擁有了彼此就不再害怕被世界遺棄。然而這段看似命中註定的關係，卻在柏青的強迫症突然消失後，漸漸的變了調…愛情的承諾，真的能永保新鮮嗎？ ,2020-08-07,片長：01時44分,劇情,4.1,83,D:\Users\Administrator\gb5566\yahoo_ptt\media\movie\images\yahoo\怪胎.jpg
打噴嚏,一生懸命 就是男孩給女孩的終極愛情 孤兒院長大的王義智（柯震東 飾），遇見了會疼惜他、照顧他的心心姐姐（林依晨 飾），兩個人培養了深厚的情感，心心姐姐也成為義智心中最牽掛的人。心心姐姐只要想到義智，就會不自覺地打噴嚏。長大後，心心姐姐離開孤兒院到城市工作，義智下定決心要成為心心姐姐喜歡的「勇敢的男生」，於是開始苦練拳擊。藉由對心心姐姐的愛與執著，義智在擂臺上屢戰屢起，獲得了「不倒俠」的封號。此時，邪惡的居爾博士策劃著巨大的陰謀，當心心姐姐陷入危險，義智終於明白自己存在的意義，他永遠不能成為超級英雄，但他永遠是心心姐姐的專屬超人。  【關於電影】  柯震東林依晨製造「打噴嚏浪漫」掀浪漫突進旋風 她打噴嚏 因為被愛 他打拳擊 是為了愛 繼青春純愛電影《那些年，我們一起追的女孩》、《等一個人咖啡》之後，九把刀同名小說《打噴嚏》改編登上大銀幕，由戚家基與柯孟融共同執導。電影結合愛情、青春、戰鬥、搞笑、奇幻等元素，香港導演戚家基在科幻和動作片領域有著豐富的執導和製作經驗，而台灣導演柯孟融曾入圍東京、首爾等短片影展奇幻單元，共同打造這部兼具精彩動作場面與深刻熱血愛情之作。《打噴嚏》由柯震東、林依晨主演，柯震東精湛詮釋如你我般平凡不已卻充滿熱血深情的大男生，但他卻是林依晨的過敏源，只要一想到柯震東，她就立刻會「打噴嚏！」以前是當有人說壞話會打噴嚏，電影《打噴嚏》的噴嚏卻是柯震東與林依晨的戀愛連線密語。這股打噴嚏製造浪漫突進的旋風，即將席捲台灣觀眾的心！  中二男孩轉大人 不變執著一生懸命愛到底 「妳身邊那人，也許不是真命天子，但他可能是妳的專屬超人。 」 《打噴嚏》環繞著男主角純真的初戀，為喜歡的女生不斷用盡蠢方法，只希望讓對方看自己、愛上自己，選擇練拳擊，是他唯一尋找自己存在的意義，看過原著小說的讀者們都高呼，「故事讓人有握緊拳頭掉眼淚的激動感！」柯震東在《打噴嚏》中一句台詞爆炸式深情大喊「 我沒有要你同情我， 也沒有要你跟我在一起，什麼都沒有跟你要！」撩好撩滿觀眾的心，從愛看少年漫畫的熱血，中二男孩轉大人，為2020年帶來「一生懸命戀愛系」男子風潮，要讓女性觀眾們繼身邊「大仁哥」後，找到真正屬於自己命中注定的專屬超人！  柯震東 「只要站起來 就不算輸」到底也不怕的熱血 屢敗仍屢戰的勇氣 是《打噴嚏》最獨一無二的存在 絕對要觀眾握緊拳頭、超級感動！ 柯震東主演《打噴嚏》詮釋一個平凡的拳擊手，愛情是讓他僅有讓自己人生勇敢的動力，因為青梅竹馬林依晨一句「喜歡勇敢的男生！」讓他就算一次又一次在拳場上被重擊，也堅持不倒下，為了守護摯愛的熱切心意，就是他無敵的超能力。跟一般的英雄不同，《打噴嚏》是屢敗卻仍屢戰的勇氣貫穿全場，拳擊場的男主角，就彷彿是大家小時候都曾想擁有拯救世界的超人化身，就算是平凡小人物也能有站上擂台的超能量，即使可能會粉身碎骨，也要對人生揮出飽滿愛意的一拳，讓觀眾看完激動地說，「希望能像柯震東一樣揮拳，當個帥氣的男人！」《打噴嚏》讓男神柯震東從戲裡到戲外都徹底轉變成獨樹一幟又熱血的英雄化身，不怕打擊、面對人生的一切困難，他就是自己人生的不倒俠。李小龍曾說過：「我不怕會一萬種招式的人， 我只怕把一種招式練超過一萬次的對手。」《打噴嚏》堅持倒了要再站起來、堅持一個招式練到最強、堅持做下去的精神，就是這部片最獨一無二的熱血。 ,2020-07-15,片長：未提供,動作,2.8,73,D:\Users\Administrator\gb5566\yahoo_ptt\media\movie\images\yahoo\打噴嚏.jpg
最瘋狂的旅程,★SXSW西南偏南電影節話題電影，首波爛番茄影評100%好評！ ★改編不凡的真實故事! 歡笑感人更勝《逆轉人生》《一路玩到掛》 ★沒有走不動，只有不想動! 人生苦短，必須性感! 說走就走，帥氣勇敢! ★美聲天籟網路人氣王《魚乾》優雅詮釋，電影同名中文主題曲<最瘋狂的旅程>  故事講述三個正值青春年少、性致勃勃的少年：全身癱瘓的史考特、重度視障的阿莫和罹患腦瘤必須坐輪椅的麥特。在聽聞有間專為殘疾人士提供「特殊」服務的天堂俱樂部後，決定排除萬難也要讓自己轉大人。  他們開始安排名為“湖光之旅”計畫，並說服父母讓他們結伴去旅行；但卻遭到父母的強烈反對。三個大男孩開始密謀B計畫，不開葷誓不罷休！三個行動不便的好友，加上看護，四人奇妙組合一起勇闖天涯，遇見前所未有的驚喜，個性南轅北轍的四人，在朝夕相處下，改變彼此無趣的人生。  正當萬事俱備、美夢即將成真的前夕，麥特的病情卻惡化，計畫近乎停擺。父母們也從蛛絲馬跡中，找到下榻飯店，企圖阻止更多事情的發生…,2020-06-19,片長：01時47分,,3.8,88,D:\Users\Administrator\gb5566\yahoo_ptt\media\movie\images\yahoo\最瘋狂的旅程.jpg
72小時前哨救援,★真實事件改編，反恐行動中最慘烈犧牲的戰役 ★震撼超越《紅翼行動》《00：30凌晨密令》 ★被遺忘的前線英雄，和平與戰事的生死交界！ ★《燃燒鬥魂》《愛國者行動》億萬王牌編劇搭檔畢生傑作 ★CNN首席駐地記者-傑克泰普（Jake Tapper），深入險境機密內幕採訪原著  本片改編自CNN首席駐地記者-傑克泰普，深入險境採訪著作 〈被遺忘的前哨(The Outpost: An Untold Story of American Valor)〉  戰線的末端，沒人相信竟然會建立這座前哨站，北面、西面和南面被興都庫什山脈環繞，距離巴基斯坦國界僅15英里。在與世隔絕的阿富汗國度，這個前哨站是國度最偏僻的哨點。  哨點最初是為了讓當地人參與社區發展而建設，但不斷受到塔利班敵軍威脅，駐紮的美國士兵終日處於高緊繃狀態，軍方長官最終選擇撤離時，塔利班敵軍決定以命償命，示威突襲。53名美國士兵在進退維谷險境中與400名叛亂軍奮勇作戰。所有派駐士兵都知道，一旦交火，敵人數量佔盡優勢，不是所有人都能全身而退。  2009年10月某個清晨，5點58分，一枚火箭炮炸醒所有恐懼；在糧食彈藥耗盡前，他們僅剩72小時反攻… ,2020-06-24,片長：02時03分,動作,3.9,94,D:\Users\Administrator\gb5566\yahoo_ptt\media\movie\images\yahoo\72小時前哨救援.jpg
福島50英雄,"★ 日本雙週票房冠軍　影帝渡邊謙 ╳ 佐藤浩市攜手搶救家園 ★ 日本奧斯卡最佳導演最新鉅作　重量級群星團結演出 ★ 無名英雄們令人動容的奉獻精神　向第一線人員致敬  他們是守護家園的唯一希望！ 2011年3月11日下午2點46分，日本東北地區發生該國史上最強的規模9.0地震，引發的大海嘯並導致超過19,000人喪生。海嘯意外且無情地吞沒了福島縣內的福島第一核電廠，若放著爐心熔毀的核電廠不管，日本將承受超乎想像的災難。  面臨如此生死交關的困境，50位無名英雄們決定留在核電廠處理危機。儘管電廠內部人員辛勤奮鬥，事態卻仍不斷惡化，剩下的方法只有一個：執行圍阻體排放措施。作業員必須以肉身進入反應爐内徒手施作，且是全球史上的首次嘗試，毫無前例可循！  在與外部隔離、無法獲得情報的情況下，英雄們一邊擔心著留在避難所的家人們，一邊開始執行作戰，而全世界都在屏息以待…… 唯有無私奉獻 才能創造奇蹟！ ",2020-06-24,片長：01時57分,,4.0,92,D:\Users\Administrator\gb5566\yahoo_ptt\media\movie\images\yahoo\福島50英雄.jpg
親愛的小孩,萊拉日以繼夜地在一間老舊的工廠工作，只為餬口並養活12歲的兒子阿米爾與剛出生的寶寶。此時一個足以拯救她貧困生活的提議出現，工廠的巴士司機卡贊打算娶她，但麻煩的是，卡贊也有一個跟阿米爾差不多大的女兒，在傳統禮節下，改嫁的萊拉是不能帶與男方女兒年齡相近的大兒子進門的。社會大眾無情的眼睛，以及公司同僚心懷不軌的看好戲，萊拉如果要擺脫她的悲慘命運，只有一個辦法。迫於無奈，她只好將阿米爾送去聾啞寄宿學校，她要兒子裝聾作啞等她三個月，三個月確認完婚後就會接他回來。實際到了那邊的阿米爾，才發現身邊同學都是一些被媽媽永遠拋棄的小孩，所以他決定逃回家，然而屢次回去他都會因看到媽媽的辛苦而不捨再回來。阿米爾必須做出他小小年紀的第一個重大決定......  【關於電影】  這是伊朗第一部以國家遭受國際經濟制裁為背景，描寫底層人民悲苦生活的電影。曾因支持女權運動數度入獄的導演瑪娜莫罕瑪迪，透過自己多年拍攝紀錄片的訓練，以一種慈悲並富有感情的寫真手法，刻畫一對母子在面臨傳統文化逼迫下，難能可貴的親情關係與複雜幽微的道德人性。,2020-06-24,片長：01時42分,,3.9,83,D:\Users\Administrator\gb5566\yahoo_ptt\media\movie\images\yahoo\親愛的小孩.jpg
雙槍對決,★ 2020年美國上映，韓國首周飆出票房冠軍 ★ 網路瘋傳迷因「比魔杖好用」正宗原梗電影 ★《哈利波特》丹尼爾雷德克里夫X《弒婚遊戲》薩瑪拉威明 玩命對決 ★《瘋狂麥斯：憤怒道》《阿凡達》《捍衛任務》炸翻感官 製作團隊 ★ 最危險真人直播遊戲，不是勝利，就是死亡！  邁爾斯（丹尼爾．雷德克里夫 飾）是個無聊的普通上班族，下班後的時間都躲在螢幕後面做鍵盤酸民。  一天，他的留言得罪了危險的「死陣」真人實境遊戲老闆，被揍昏後邁爾斯發現有兩把手槍釘在他的雙手上，不僅造成他吃飯和如廁時極大的困擾，他甚至被強迫加入了這個危險對戰遊戲，得殺掉目前第一名的玩家妮克絲（薩瑪拉．薇明 飾），否則就等著被她殺掉。 ,2020-06-24,片長：01時35分,懸疑/驚悚,3.7,98,D:\Users\Administrator\gb5566\yahoo_ptt\media\movie\images\yahoo\玩命Online：雙槍對決.jpg
天后小助理,《天后小助理》一片設定在洛杉磯流行音樂圈光彩奪目、紙醉金迷的世界，故事描述流行樂天后葛蕾絲（崔西艾莉絲羅斯 飾）無與倫比的才華和目中無人的自大狂，已經達到了令人難以忍受的巔峰。瑪姬（達柯塔強生 飾）是葛蕾絲工作負荷超載的私人小助理，她總是被葛蕾絲呼來喚去，只能幫她跑跑腿，做一大堆瑣碎的雜事，但是瑪姬仍然希望能夠實現她從小就擁有的夢想，成為一名音樂製作人。當葛蕾絲的經紀人（冰塊酷巴 飾）給了她一個能夠改變她歌唱生涯的選擇時，瑪姬和葛蕾絲就想出了一個計劃，可能可以永遠改變她們的人生。,2020-06-24,片長：01時53分,,3.8,74,D:\Users\Administrator\gb5566\yahoo_ptt\media\movie\images\yahoo\天后小助理.jpg
死因無可疑,★改編自日本知名作家貴志祐介經典作品《黑色之家》，獲得日本驚悚小說大賞首獎，暢銷突破百萬冊 ★金馬影后林嘉欣改頭換面扮傷殘的怪媽媽，聯手金獎影帝黃秋生合作，飆出嚇人神演技 ★一條人命值多少錢？一對古怪夫妻的兒子上吊自殺，保險員直覺是詐領保險金的謀殺案，越調查就越陷入危機之中  保險經紀葉永信（陳家樂 飾）做事熱情認真，一天突然被神秘客戶指定跟進一張保單，上門拜訪時，竟然親眼目睹客戶朱重德（黃秋生 飾）的兒子吊死在潻黑的房間內，嚇出一身冷干的他，認為朱重德在現場的反應古怪，直覺認定他是為了詐取保險金而殺了兒子，決心對朱重德和他殘障的妻子沈子玲（林嘉欣 飾）展開調查。  葉永信卻驚覺越接近真相的同時，恐嚇的事件接二連三地發生，危險向他和他身邊的人逐步逼近，他也處身死亡邊緣...。,2020-07-03,片長：01時50分,,4.2,99,D:\Users\Administrator\gb5566\yahoo_ptt\media\movie\images\yahoo\死因無可疑.jpg
頭號粉絲,「沒有我，你他媽什麼也不是！」~頭號粉絲 患有亞斯伯格症的穆斯是個重度影痴，對經典恐怖片尤其著迷。杭特鄧巴是他最崇拜的男星，他的每部電影台詞穆斯都能倒背如流，還收藏了所有的電影海報、DVD以及電影周邊，一切就只缺他的親筆簽名了。這天，死忠的穆斯終於等到巨星杭特舉行簽名會，穆斯苦苦排了一個多小時，就快輪到他時，杭特卻因故提前結束簽名會，但是這無法讓穆斯死了這條心。他透過「追星」APP找到了杭特的地址，卻被杭特誤以為是跟蹤狂，狠狠教訓了一頓。被冤枉的穆斯一心想跟偶像告白，他在夜間偷偷闖入豪宅，趁著杭特沉睡時搞起自拍，還將照片上傳到社群媒體大肆炫耀。眼見一切就要失控了，杭特隔天醒來竟發現自己被五花大綁在床上……  本片改編自美國金屬樂團Limp Bizkit（林普巴茲提特）主唱佛瑞德斯特被粉絲騷擾到忍無可忍的親身經驗。佛瑞德斯特找來他的偶像約翰屈伏塔飾演這名恐怖大叔，一心追星，無所不用其極，卻意外粉碎了巨星的一生。片中充斥著潑汽油、戳眼、爆手等情節，爽度更勝《戰慄遊戲》。  【關於電影】  名樂團主唱不堪粉絲騷擾經歷改編成電影，約翰屈伏塔升格電影製片 電影合作起源於約翰屈伏塔拍攝電影《浴火英雄》的殺青酒會，當時導演佛瑞身為瓦昆菲尼克斯的好友，當晚他抓緊機會與偶像約翰屈伏塔暢談甚歡，雙方約定好如果有機會一定要合作拍電影。沒想到十五年之後，佛瑞將自身經驗改編成電影劇本，’ 瘋狂粉絲的角色完全就是為約翰屈伏塔量身訂做，劇本完成後更是立刻獲得他的首肯，不僅擔任男主角，還從協助選角、造型建議，到幫忙籌措資金，一肩扛起製片的工作。對於偶像與粉絲文化，約翰屈伏塔大方表示他在不同時期，也有過許多不同的偶像，例如披頭四、芭芭拉史翠珊等等，「如果沒有偶像文化，那人們將沒有創造力。」相較於導演的不堪騷擾，約翰屈伏塔表示「我由衷感謝我的粉絲們，沒有他們，我什麼都不是。」  約翰屈伏塔從影以來最滿意的演出，栗子頭造型撞臉當紅韓星 巧合的是，美國媒體將約翰屈伏塔飾演的「瘋狂粉絲」和瓦昆菲尼克斯飾演的「小丑」相互對照。對此屈伏塔表示瓦昆菲尼克斯飾演的小丑是一個精神扭曲的角色，而他在《頭號粉絲》飾演的穆斯一角並非精神病患，「穆斯有輕微的亞斯伯格症，我不認為自閉症類群障礙是一種精神疾病，而是一種精神的狀態。」他形容，穆斯不過是缺乏交互性社交互動、有溝通障礙，無法分辨真實與虛擬世界，但他從頭到尾沒有惡意。約翰屈伏塔聲稱詮釋這個如孩童般純真的自閉大叔，是他從影以來最具挑戰的演出，因為這是與他個人反差最大的角色，「我以《頭號粉絲》這部電影為榮，同時我非常滿意我在裡面的演出，這也許是我最喜歡的角色之一。」 ,2020-07-03,片長：01時29分,,2.9,94,D:\Users\Administrator\gb5566\yahoo_ptt\media\movie\images\yahoo\頭號粉絲.jpg
角落小夥伴,★ 日本人氣NO.1 的「角落小夥伴」首躍大銀幕！全新角色「小灰雞？」獨家登場！ ★日本票房大賣14億日幣，蟬聯4週日本動畫片冠軍，超過120萬名觀眾感動推薦！ ★ 不只風靡兒童界！超感人劇情受封「給大人看的催淚神作」，進場必備衛生紙！ ★ 榮登日本兩大知名網站「PIA映畫生活」、「Filmarks映畫」觀眾首日滿意度冠軍！  為了夥伴，再踏出一步，勇敢走出角落吧！ 這天，角落小夥伴們一如往常地窩在他們最熟悉的角落咖啡廳，卻意外發現地下室中一本古老繪本，正當大家看著繪本時，書上的圖案卻突然動了起來，將他們都吸進了繪本世界裡，還變成了桃太郎、小紅帽與賣火柴的女孩等童話故事的主角！正當小夥伴們不知所措時，遇見了一隻不知道自己從何而來的「小灰雞？」，為了幫忙這位孤零零的新夥伴找到回家的路，小夥伴們決定勇敢走出角落，踏上一段奇幻的童話冒險旅程！,2020-07-10,片長：01時06分,動畫,3.9,89,D:\Users\Administrator\gb5566\yahoo_ptt\media\movie\images\yahoo\角落小夥伴電影版：魔法繪本裡的新朋友.jpg
AI終結戰,★繼《異星入境》之後，又一部開創性的驚悚科幻寓言！ ★兩屆奧斯卡、金球獎影后希拉蕊史旺，生涯科幻代表作！ ★入選業界指標「黑名單劇本」！最受好萊塢期待的科幻故事！ ★《魔戒》《機械公敵》《阿凡達》頂級特效團隊又一經典大作！ ★《駭客任務》傳奇藝術指導！再創登峰造極大師之作！  人類的未來，交給機器人決定 在一場毀天滅地的世界大戰之後，人類的身影在地球上絕跡，為了讓人類可以再度繁殖增衍，一個名為「母親」的機器人應運而生。她成功培養出第一個新世代的人類「女兒」（克蕾拉路加德飾演）。從此，這對母女相依為命，在基地中過著平穩生活。某日，一位受了傷的神秘女人（希拉蕊史旺飾演）突然闖入基地，並帶來了地表世界的新消息。  她的出現讓「女兒」對從小被灌輸的認知產生了懷疑，並逐漸對「母親」產生了不信任感。於是，「女兒」展開了一場祕密調查…  究竟「母親」慈愛的背後，是否真的隱藏著不可告人的秘密？世界大戰和人類滅絕的真相又是什麼？,2019-06-28,片長：01時55分,懸疑/驚悚,3.7,87,
Hello World,★《刀劍神域》系列導演伊藤智彥最新作品 ★ 即使世界級將崩壞，我只想再見到妳一面  本片以2027年的京都為舞臺，描述一名高中生直實（北村匠海 配音）的面前，突然出現一位自稱是來自10年後的自己的青年（松坂桃李 配音），希望直實和他一起改變未來，只為了拯救在3個月後會開始交往的同學一行瑠璃（濱邊美波 配音）。然而，其背後真正的目的究竟為何？這個現實世界背後又隱藏著怎樣驚人的祕密？ ,2019-11-15,片長：01時38分,動畫,4.2,90,
英雄遊樂園,★「酷噗嚕啪」喊出英雄正義口號，跟著巧虎一起成為英雄吧！ ★每年專屬小朋友的電影盛事，拿著英雄變身棒，在電影院和巧虎一起加油 ★幫助巧虎、琪琪、妙妙、桃樂比解決英雄島大危機吧！ ★勇氣 團結 歡樂 好朋友 只有巧虎電影  卡歐先生的好朋友巫露露創造了英雄島，在島上大家可以與自己喜歡的英雄們認識。巧虎、琪琪、妙妙、桃樂比來到英雄島，開心的學習著自己喜歡的英雄魔法。但沒想到，英雄島突然出現了壞機器人，開始破壞英雄島，巫露露帶著英雄們準備要對抗壞人！  這個壞機器人到底是誰？  巧虎與他的好朋友們能拯救英雄島嗎？ ,2020-01-17,片長：01時00分,動畫,3.4,62,
不愛鋼琴師,★《噢！柏林男孩》導演睽違七年最新力作，權威影評一致盛讚，德國本土電影年度票房奇蹟 ★2019卡羅維瓦利影展 ★最佳女主角等三項大獎、德國慕尼黑影展費比西獎 ★2020德國電影評論學會 最佳影片等三項大獎入圍 ★「精緻而張力十足的電影！」—Variety ★「引人入勝的精彩故事！」—Hollywood Reporter ★「女主角強而有力的演出！」—Screen International  一個完美母親，在黑白鍵自在游走卻卡著人生難題。 一個不完美家庭，背後藏著遺憾繩結無法解開。 一場獨奏會即將掀起家庭風暴.....  曾被譽為天才鋼琴家的拉娜，為了相夫教子放棄了大好前程，卻沒料到此後人生卻不如自己規劃的順利。在六十歲生日當天，也是她的兒子維特首場鋼琴獨奏會，當發現兒子沒有邀請她，反而離異多年的老公和新女友被受邀前往時，她選擇不動聲色，暗自準備令人出乎意外的計畫。  台灣文青傳頌神作，德國票房黑馬電影《噢！柏林男孩》睽違七年後，導演楊歐雷傑斯特再度推出票房口碑雙贏傑作，找來德國影壇常青樹柯琳娜哈佛克飾演靈魂人物的拉娜，精湛演技被譽為繼《進擊的鼓手》、《鋼琴教師》後，最冷冽無情的「惡魔教師」，但也注入不同腳色深度，全世界影壇一致盛讚她的演出，而獲得大小無數的入圍及獎項。 ,2020-03-20,片長：01時38分,,3.8,67,
小魔花,★ 奧地利鬼才女導首度角逐坎城金棕櫚 ★ 2019年坎城影展影后 ★ 開創當代奇幻電影美學新經典 ★ 「極致藝術打造驚悚片！」——綜藝週刊  邪惡是這樣誕生的…… 單親媽媽艾莉絲（艾蜜莉・比查姆 飾演）是一位致力研發新品種的植物學家，成功培育出一種會開出鮮紅花朵的奇幻植物，不僅外觀嬌豔可供觀賞，更有「使人開心、抗憂鬱」的神奇療效。為了拉近與兒子之間的距離，她以兒子的名字「喬」來命名新植物，還違反公司規定偷偷帶了一盆小魔花回家。當魔花盛開之後，艾莉絲開始發現事情不對勁，這個理應帶給大家快樂的美麗花朵，竟然暗藏難以收拾的危險因子......  【關於電影】  鬼才女導預言大作 首度角逐坎城金棕櫚 《小魔花》由曾拿下愛丁堡影后的英國女演員艾蜜莉比查姆領銜主演，英國性格演員班維蕭則飾演與艾莉絲有著曖昧情愫的同事，奧地利導演潔西卡賀斯樂（Jessica Hausner）導演。賀斯樂出生於1972年，父親是奧地利知名心理現實主義藝術家，兩位親姊妹則分別藝術家和戲服設計師，可說是從小受到藝術薰陶。賀斯樂畢業於維也納影藝學院，就學期間，就曾兩度憑藉短片作品在坎城影展短片競賽嶄露頭角，並三度入選一種注目單元，包括2001年首部作品《可愛的麗塔》、2004年第二部作品《鬼飯店》。2009年，《奇蹟渡假》讓她入圍了義大利威尼斯影展主競賽單元，一舉奪得影評人費比西獎。2014年作品《瘋狂的愛》則再度入圍坎城影展一種注目單元，今年更憑藉英語片處女作《小魔花》首度入圍坎城影展主競賽，被視為創作生涯巔峰，其奇幻懸疑的元素也被譽為1960年代科幻經典電影《天外魔花》接班之作，導演更表示80年代膾炙人口的《異形奇花》為靈感來源，同為鬼變奇異的「異型花系電影」，《小魔花》透過風格化的運鏡與日本作曲家伊藤貞司的配樂，營造了一部簡潔卻又詭異的末世寓言。 ,2020-04-01,片長：01時46分,懸疑/驚悚,3.6,82,
陪你玩最大,★ 真摯友情 感動直逼《一路玩到掛》 ★ 威尼斯影帝 法布萊斯魯奇尼 Ｘ 凱薩獎影帝提名 派屈克布瑞爾 聯手飆戲 ★ 身邊有最好的朋友 才算擁有最棒的人生 ★ 誤打誤撞的瘋狂旅行 患難與共的真摯情誼 每個人都要《逆轉人生》 ★ 《小王子》製作團隊打造 療癒暖心之作  學生時代起，亞瑟跟凱薩就是患難與共的摯友，因為一場陰錯陽差的誤會，凱薩以為亞瑟得了絕症，只剩下最後幾個月的生命，因此他不顧反對硬搬進亞瑟家，想陪好友完成所有人生心願，把剩下的每一天都活出最瘋狂的色彩......。 ,2020-05-08,片長：01時58分,喜劇,3.3,63,
1/2的魔法,《1/2的魔法》故事背景在現代科技已比精通魔法還方便的精靈世界，精靈、人馬、美人魚、獨角獸、小龍等魔法生物都生活在現代化社區裡，過著與你我無異的「沒有魔法的生活」。由湯姆霍蘭與克里普瑞特所配音的精靈兄弟們，很小的時後便失去了父親，但在弟弟的16歲生日這天，他收到了一個很特別的禮物- 他父親從前的魔杖以及一串魔咒，可以讓爸爸起死回生，但年久失修的魔法技能，讓施魔法時出了差錯，爸爸只剩一雙腿，於是兄弟倆踏上尋找魔法石的征途，最後能否順利讓爸爸「完璧」歸來呢?,2020-05-22,片長：01時42分,冒險,4.3,92,D:\Users\Administrator\gb5566\yahoo_ptt\media\movie\images\yahoo\1/2的魔法.jpg
海邊走走,「在愛情的世界裡，沒有先來後到 不被愛的那個，才是第三者」～威廉．莎士比亞 葛瑞絲（安妮特班寧 飾）和艾德華（比爾奈伊 飾）共結連理長達近三十年，就在他們邀請長年定居倫敦的兒子傑米（喬許歐康納 飾）回到老家相聚慶祝時，艾德華卻偷偷告訴傑米，他已經計畫好隔天就要離開葛瑞絲、離開這個黯淡又邊緣的海濱小鎮！原來這對夫妻的關係早已來到地獄般的最低潮──葛瑞成天碎唸艾德華對於生活缺乏熱情，艾德華卻覺得在婚姻裡從未得到滿足，隱忍多年，終於決定奔向另一個溫柔鄉……他和她的未來還有希望嗎？三人一起走過衝突、憤怒、悲傷，卻也交織著溫柔、嬉笑，最終歸於平靜的真實；人生從來就不簡單，通往救贖的路也沒有捷徑──這是一個關於重生、關於希望的故事。  以《悲慘世界》、《神鬼戰士》成名的金獎編劇威廉尼可森，這次執導第二部劇情長片《海邊走走》的陣容可說是無懈可擊，當情緒收放自如、舉手投足都難掩金獎影后氣勢的安妮特班寧，遇上總是用一張「面無表情的表情」散發超凡個人魅力的比爾奈伊，兩人又愛又恨、充滿火花的對手戲絕對不容錯過！  【關於電影】  金獎編劇執導，親身經歷搬上大銀幕 本片由以《悲慘世界》、《神鬼戰士》成名的金獎編劇威廉尼克森，第二部執導的劇情長片，找來金獎影后安妮特班寧，與擁有超凡個人魅力的英國資深男星比爾奈伊，詮釋出一對熟齡夫妻相守多年，曾經相愛的他們，卻在歲月的消磨和多年的忍讓之下漸行漸遠，最終分道揚鑣的寫實婚姻故事。導演威廉尼克森坦言，故事改編自與父母間的親身經歷，片中夾在兩人婚姻僵局之間的兒子傑米，正是導演本人的自我投射，儘管他自嘲自己相較於帥哥演員喬許歐康納，年齡老了些、頭髮少了些，但片中角色所經歷的一切，正是自己生命中相當艱難的一段時期，他形容「作為人子，尤其是成年人，父母離異是令人非常不快的事，首先，你會想逃避，然後試著改善，卻又發現自己無能為力去改變一切，最後甚至發現自己也是問題的一環。」也因為他深愛自己的父母，同時也看透兩人在這段關係中互相帶給對方的痛苦和傷痕，威廉尼克森透過鏡頭，盡可能平衡地處理這對夫妻的立場，希望讓觀眾看到這段關係的一體兩面，而不做出果斷的對錯評判。「我希望試著讓觀眾了解，我父親為何用這麼殘酷的方式離開我的母親，以及她為何總是如此盛氣凌人。我有時會擔心自己不夠公平，但在我心中，我對他們兩位一直很公平。」  安妮特班寧X比爾奈伊影帝影后爭鋒之作！ 導演坦言，選角對於影片的資金很重要，演員的知名度會決定金主要不要投資，因此一開始便選定比爾奈伊和安妮特班寧這兩位影壇巨擘參演。安妮特班寧此次在片中有多段讀詩戲份，為了更完美呈現道地英國腔，安妮特班寧表示：「模仿英國口音這件事我以前就做過了，但是這次在開演前，我有再和一個發音老師學習，我向她學到很多，也練習了很久！」對於安妮特班寧的演出，導演盛讚：「我很高興由安妮特來飾演如此苛刻的女性角色，因為她的演出方式極富同理心。她對每個鏡頭都充滿實驗精神，你能看到她的表演層次越來越深入，令人能一步步感受到角色的傷痛。」而比爾奈伊更是導演多年夢寐以求的合作對象，他那張總是「面無表情的表情」，搭配上明顯比妻子沉默許多的對白，成功演活了這個在婚姻當中早已無話可說的男人，他所演出的外遇丈夫，少了一般人對於負心漢的刻板印象，有的只是一個身陷婚姻僵局，離愛愈來愈遠的無助男性。至於兒子傑米，則找來近期在Netflix原創影集《王冠》中飾演查爾斯王子而嶄露頭角的新生代英國演員喬許歐康納飾演，「當時我看了他在電影《春光之境》中演出一位生在農家的同志，覺得他的演出真是棒透了，因此說服製片不論如何都要讓他來演出傑米這個角色，我希望由他來飾演我。」 ,2020-05-15,片長：01時40分,,3.9,69,
銀翼殺手,《銀翼殺手最終版》是一部黑色反烏托邦的科幻電影，由英國知名導演雷利史考特執導，探討21世紀複製人倫理及道德問題，片中絕美的視覺特效及敘事節奏，被認為是賽博龐克（Cyberpunk）類型的經典始祖，影響後世無數的科幻作品。多年來雖有不同版本，但2007年由導演雷利史考特親自監督操刀的最終版，有著更多令人驚豔的影像畫面及劇情內容，被影迷視為最精彩的版本。華納兄弟電影6月12日（週五）起將重新上映《銀翼殺手最終版》，並於今（29）日釋出該片的海報及預告，呈現38年前所描繪的21世紀未來故事，邀請全台觀眾體驗一個與現在不一樣的未來世界。  《銀翼殺手最終版》電影根據科幻小說家菲利普狄克1968年的小說《仿生人會夢見電子羊嗎？》改編，故事背景設定在21世紀的未來世界中，科技昌明卻道德淪喪、早已不適合人類生存，因此透過基因科技生產複製人於外太空殖民地從事危險、卑下的奴隷工作，然而違反禁令、跑到地球的複製人，則有「銀翼殺手」的特別警察負責追捕、使其「退役」。由哈里遜福特飾演的戴克即是一名銀翼殺手，在追捕複製人瑞秋（西恩楊飾演）的過程中感受到複製人存在及生命本質的複雜問題。  《銀翼殺手最終版》深刻探討基因工程倫理、複製人與人類的人性及道德觀的哲學問題，儘管全片艱澀及陰鬱的末日氣氛無所不在，然而其美術設計、配樂及特效的相互搭配展現對未來世界的想像，也運用大量的比喻及類比供觀眾理解，進而多面向思辨人的存在價值。該片重新定義科幻電影概念，上映多年來仍擁有崇高的地位，維持IMDb 8.1、爛番茄90%高分。,2020-06-12,片長：01時57分,科幻,3.5,100,D:\Users\Administrator\gb5566\yahoo_ptt\media\movie\images\yahoo\銀翼殺手最終版.jpg
雙面遊戲,★ 《弒婚遊戲》薩瑪拉威明從影最大尺度火辣演出 ★ 《宿怨》王牌監製最新懸疑驚悚力作 ★ 劇情翻轉燒腦直逼希區考克《迷魂記》《後窗》  山姆（查克艾弗瑞 飾）是一個平凡的紐約人，但在女友喬治婭（薩瑪拉威明 飾）慘遭保加利亞黑幫謀殺後，他的生活一片混亂。為了躲避殺他女友的那幫人，山姆逃到了巴黎。三年後，山姆偶然在電影院銀幕上看見一個長得跟喬治婭一模一樣的人。對過往愛情的執迷，將山姆帶往洛杉磯尋求答案，但這也讓他重新出現在保加利亞黑幫的視線中…… ,2020-05-22,片長：01時30分,,2.9,88,
錢不夠用2,★失業潮無薪假中一部能夠能撫慰人心的電影，母親節闔家觀賞唯一選擇!,2009-05-08,片長：02時06分,劇情,4.0,78,D:\Users\Administrator\gb5566\yahoo_ptt\media\movie\images\yahoo\錢不夠用2.jpg
一首搖滾上月球,在有罕見疾病孩子的家庭裡，爸爸，常常是最先落跑的那個人。,2013-10-04,片長：01時55分,紀錄片,4.2,89,D:\Users\Administrator\gb5566\yahoo_ptt\media\movie\images\yahoo\一首搖滾上月球.jpg
大雄的金銀島,★ 日本上映票房大破52億日圓，創下歷史新紀錄 ★ 劇本由《你的名字》《怪物的孩子》王牌製作人川村元氣執筆 ★ 《月薪嬌妻》人氣男星星野源演唱同名主題曲〈哆啦A夢〉 ★ 集結日本豪華卡司長澤雅美、大泉洋等巨星加入配音行列  出發尋寶 「我一定會找到金銀島！」大雄這麼對胖虎宣言後，就向哆啦A夢求救，使用道具「尋寶地圖」尋找金銀島。而地圖指示出來的位置，居然是太平洋上莫名冒出來的新島嶼……。  海盜來襲 大雄一行人搭著名為「大雄奧拉號」的船前往金銀島，就在即將靠岸時，卻有海盜來襲！面對突然現身的敵人，大雄他們陷入一陣苦戰，此時靜香卻被抓到海盜船上了！  「找到的是，超越寶物的寶物」 海盜們逃走後，大雄他們遇到了一名在海上漂流的少年「弗洛克」與機器鸚鵡「謎題」。弗洛克是從海盜船逃出來的機械工，而且知道金銀島隱藏的重要秘密！究竟大雄他們是否能夠從海盜手中救出靜香！？而沉眠於金銀島上的財寶究竟又有什麼秘密！？,2018-06-29,片長：01時48分,冒險,4.4,96,
