amount_reviews,critics_consensus,date,duration,genre,images,rating,title
100,★ 第43屆國際多倫多影展最佳加拿大電影 ★ 2018溫哥華影評人協會最佳加拿大紀錄片 ★ 加拿大金尼獎最佳紀錄長片《水風景》導演組合再度合作，寫實呈現人造過後的地球景致 ★ 奧斯卡最佳女配角艾莉西亞薇坎德真情獻聲，沉痛指控人類不可逆之罪  當人類對地球生態做出的改變成為常態，我們便進入了全新紀元—人類世。  科學家認為地球在二十世紀中期就進入「人類世」，人類的活動規模已經大到足以造成這個星球不可逆的改變，全球暖化、過度開發、海洋汙染，透過《人新紀元：走進人類世》走遍六大洲、二十個國家，長達四年的追蹤帶你見證人類對地球的破壞是如何地令人震撼及痛心，藉此反思自身的所作所為。,2020-10-16,片長：01時27分,,D:\Users\Administrator\gb5566\yahoo_ptt\media\movie\images\yahoo\人造紀元：走進人類世.jpg,4.3,人造紀元：走進人類世
95,★ 超人氣原創電視動畫《高校艦隊》躍上大銀幕！ ★ 應該守護的船艦，應該前進的航路，少女們嶄新的故事將揭開序幕！  距今約100年前，日本大部分的國土沉入海中而成為海上大國。守護海洋安全的「藍色人魚」，因而成了女孩們所嚮往的職業。想成為「藍色人魚」的岬明乃，進入了橫須賀女子海洋學校，被任命為教育艦「晴風」的艦長，與同學們一同參與海洋實習。個性豐富的班上成員們，一起克服種種困難，加深彼此的羈絆。某日，日本國內全體女子海洋學校學生齊聚一堂的文化祭與體育祭「競鬥遊戲會」在橫須賀舉辦，明乃等晴風班成員們也為了準備歡迎祭而忙碌不已。大和．信濃．紀伊等超大型艦的班級也都前來集會，就在各式各樣的演出與競技正火熱進行時，新的「危機」正朝她們逼近…… ,2020-10-16,片長：01時44分,,D:\Users\Administrator\gb5566\yahoo_ptt\media\movie\images\yahoo\劇場版高校艦隊.jpg,4.5,劇場版高校艦隊
98,★《生命中最抓狂的小事》《教宗的承繼》製片最新力作 ★ 阿根廷歌影雙棲女星菈莉艾斯波希特演技爆發之作 ★ 第75屆威尼斯影展評審團大獎提名 ★ 第43屆多倫多國際影展 ★ 每個人，都有秘密…　　  正值青春年華的桃樂絲原本過著平凡無慮的生活，直到她的好友遭到殘酷地謀殺。兩年後，在媒體大肆渲染下，桃樂絲因曾出現在案發現場，成為這起命案唯一的犯罪嫌疑人。桃樂絲的家人竭盡全力地為她辯護，然而，隨著排山倒海而來的社會壓力，家庭中出現了秘密和猜疑，在種種不利於她的證據面前，桃樂絲必須獨自面對外界的質疑，並努力為自己洗清罪嫌……,2020-10-16,片長：01時54分,懸疑/驚悚,D:\Users\Administrator\gb5566\yahoo_ptt\media\movie\images\yahoo\被告.jpg,4.2,被告
98,★《驚爆銀河系》《超危險特工2：狠戰》導演無厘頭爆笑新作 ★ 「動保殺神」基努李維超ㄎㄧㄤ回歸白爛經典系列 ★ 奧斯卡金獎導演史蒂芬索德柏擔綱監製 ★ 要對大家好好的，一起嗨起來！  阿比（艾力克斯溫特 飾）和阿弟（基努李維 飾）這對邁入中年的活寶，雖然已寫過上千首歌曲，卻始終無法創作出史上最棒的歌曲。當一位來自未來的使者向他們發出警告，表示只有他們的歌曲可以拯救地球，於是兩人決定再度踏上時空旅行，在女兒和傳奇音樂人的幫助下，並向未來的自己「致敬」，寫出一首能再度讓宇宙恢復和諧的驚世之作！ ,2020-10-16,片長：01時33分,喜劇,D:\Users\Administrator\gb5566\yahoo_ptt\media\movie\images\yahoo\阿比阿弟尋歌大冒險.jpg,4.0,阿比阿弟尋歌大冒險
80,故事由莎士比亞【亨利四世】、【亨利五世】改編而成，敘述麥可（瑞凡菲尼克斯 飾演）與史考特（基努李維 飾演）兩位流落街頭的困頓青年，但卻有著極大差異的家庭背景及態度觀念。  麥可來自破碎的家庭且患有猝睡症，情緒激動或緊張時容易發作，記憶中唯一幸福的時光是小時候與母親的擁抱，因此一心想找到他失聯的母親；叛逆不羈的史考特則是富有的市長之子，過著自甘墮落的生活目的是為了挑戰、羞辱有權勢的父親。麥可與史考特成為好朋友，一起踏上尋找麥克母親之旅，旅途中同甘共苦，最終因身分背景的不同而分道揚鑣。  【關於電影】  《男人的一半還是男人》由知名導演葛斯范桑執導，瑞凡菲尼克斯及基努李維主演，敘述兩位與主流社會格格不入的年輕人，出身背景極度不同但同樣淪落街頭，過著墮落頹廢的不安生活。瑞凡菲尼克斯把找不到歸屬感、深沉及落寞的情感詮釋得淋漓盡致，更因此獲得1991年威尼斯影展影帝的頭銜。。,2020-10-16,片長：01時44分,,D:\Users\Administrator\gb5566\yahoo_ptt\media\movie\images\yahoo\男人的一半還是男人.jpg,3.2,男人的一半還是男人
98,,2020-10-16,片長：01時24分,,D:\Users\Administrator\gb5566\yahoo_ptt\media\movie\images\yahoo\詭憶.jpg,3.5,詭憶
96,★ 《Voice 聲命線》性格演員張赫大展精湛劍術，挑戰高難度動作戲！ ★ 《玩命關頭6》喬．塔斯利姆展現華麗武打場面 ★　人氣團體「BTOB」成員 李旼赫大銀幕出道作 ★ 《大叔》製作公司最新痛快動作鉅獻  光海君遭廢位後，朝鮮最棒的劍客泰律（張赫 飾）消聲匿跡。這時，朝鮮內部正處極為混亂的時局，清國皇族（喬．塔斯利姆 飾）提出無理的要求，逼迫朝鮮。  朝鮮百姓們痛苦不堪，清國皇族的手下竟趁機擄走泰律的女兒（金賢秀 飾）要她成為宮女。原本打算遠離塵囂默默度過餘生的劍客泰律，為了拯救女兒而重拾毫無慈悲的劍，追擊帶走女兒的惡徒們……,2020-10-16,片長：01時40分,劇情,D:\Users\Administrator\gb5566\yahoo_ptt\media\movie\images\yahoo\浴血劍客.jpg,4.3,浴血劍客
88,在片中飾演前退役海軍陸戰隊隊員艾莉(Ali)的露比·蘿絲，回鄉尋求療癒，低調生活，沒想到竟捲入另一場奪寶紛爭，而對方來勢洶洶，要的不只是藏在公寓裡的千萬名畫，還想要趕盡殺絕。她隻身一人對抗菁英傭兵軍隊，從肉搏戰至炸彈爆破全部自己來，她不只要跟時間賽跑，還要小心四處埋伏的殺機，讓這些侵門踏戶的敵人親眼見識「來自特種部隊的守門人」。,2020-10-16,片長：01時37分,懸疑/驚悚,D:\Users\Administrator\gb5566\yahoo_ptt\media\movie\images\yahoo\奪命守門人.jpg,3.0,奪命守門人
88,★ 改編自紐時百大書單暢銷小說《教母》（The Godmother） ★ 法國首週票房亞軍，僅次《天能》 ★ 《她的危險遊戲》《鋼琴教師》法國傳奇影后伊莎貝雨蓓妙趣橫生新作 ★ 《推拿》《女僕心機》金獎製片爆笑呈獻 ★ 50%條子＋50%毒販＝這批雨蓓100%純啦！  帕休絲波圖福（伊莎貝雨蓓 飾）是一名法語、阿拉伯語的警方翻譯，任職於反毒單位，專精電話監聽。這份工作既困難薪水又少，但她的指揮官上司很迷人！有天她在監聽被通緝的毒販通話時，意外發現他們其中一人是照顧她母親的善良女人的兒子，於是她決定保護他，因而一腳踏進毒品世界中。帕休絲得到了大量的交易訊息，加上新搭檔：前警犬「DNA」的幫助，她抓住機會搖身一變，成為毒品大盤商「藥頭大媽」！,2020-10-16,片長：01時46分,喜劇,D:\Users\Administrator\gb5566\yahoo_ptt\media\movie\images\yahoo\藥頭大媽.jpg,3.3,藥頭大媽
99,★ 改編自韓國經典犯罪電影《盲證》，由日本新生代實力派女星吉岡里帆聯手鮮肉帥哥高杉真宙演出 ★ 一個因意外失明的警校畢業生，卻是連環女高中生綁架案的唯一證人，她要如何指認極惡罪犯？ ★ 少女連環分屍慘案，智慧型殘暴罪犯與看不見的前女警展開一場鬥智對決  濱中夏目（吉岡里帆 飾）在警察學校畢業典禮當晚，因過失車禍，導致弟弟死去，自己也雙目失明，她放棄成為警察的夢想，3年來，她將自己完全封閉，只有導盲犬陪伴她過日子。  某天，夏目遭遇交通事故，在現場，她聽到車中傳出少女微弱喊救命的聲音，曾在警校受過專業訓練的她，判斷車內可能是一宗綁架案。但警方並不相信她所提供視覺以外的情報，停止調查，但少女的呼救聲讓她一直揮之不去，她找到當時也同樣目擊車禍的滑板少年（高杉真宙 飾），說服他一起尋找犯人蹤跡。  他們逐漸順著線索追查到可能遭到綁架的受害人，和一位被稱為「救神」的神秘人物。木村警官與搭檔吉野（大倉孝二 飾）也開始覺得事有蹊蹺，決定出手相助，並發現了疑似遭到殺害，堆積成山的青少女斷肢屍體。木村警官發現此案與15年前一宗謀殺案之間似乎有相關之處，這時，凶手突然出現並開始跟蹤夏目，讓她身陷險境，…… ,2020-10-16,片長：02時09分,懸疑/驚悚,D:\Users\Administrator\gb5566\yahoo_ptt\media\movie\images\yahoo\看不見的目擊者.jpg,4.3,看不見的目擊者
99,★繼《列車上的女孩》、《控制》後又一懸疑驚悚力作！ ★《獵殺星期一》歐蜜瑞佩斯vs.《碳變》喬爾金納曼兩大超人氣影星同台飆戲！ ‬‬‬‬★台北電影獎「國際新導演」、以色列電影學院獎「最佳導演」尤瓦阿德勒！ ★最意想不到的劇情神翻轉，98分鐘全場坐立難安！  顫慄遊戲開始 說真相就活命！ 二戰過後，僥倖在納粹集中營生還的瑪雅(歐蜜瑞佩斯飾)與其丈夫路易斯(克里斯梅希納飾)定居美國展開全新的生活，某日她偶然遇見了一個神秘的男子湯瑪斯(喬爾金納曼飾)，勾起埋藏在內心深處的痛苦過往，她深信這個男子就是曾經在納粹集中營折磨她的德國士兵，於是瑪雅展開了一場復仇計劃…  【關於電影】  從《獵殺星期一》到《地下弒的秘密》 歐蜜瑞佩斯自任監製 在《普羅米修斯》系列之後，叫好又叫座的科幻懸疑動作電影《獵殺星期一》再次打響歐蜜瑞佩斯的名聲，而此次她自監自演的驚悚片《地下弒的秘密》曲折離奇的故事將讓觀眾再次感受她的演技魅力。歐蜜瑞佩斯受到劇本故事的吸引，讓她自薦擔任電影監製，說服檔期幾乎全滿的喬爾金納曼加入演出，並找來導演尤瓦阿德勒擔任編導，讓歐蜜堪稱是劇組最大「金手指」！  導演尤瓦阿德勒建議在角色設定上多加入歐蜜瑞佩斯的個人背景，因此他提出將主角設定為羅姆人，也就是俗稱的吉普賽人，因為歐蜜瑞佩斯有一半的羅姆人血統，歐蜜表示：「羅姆人在歐洲面對幾世紀的迫害，後來又成為納粹的目標，成為囚犯，被迫勞動和遭受大量屠殺，我們開始研究他們在戰時和戰後的情況。」巧合的是，歐蜜瑞佩斯因拍攝電影《獵殺星期一》，她待在羅馬尼亞長達6個月，而羅馬尼亞正是《地下弒的秘密》主角瑪雅的故鄉，歐蜜坦言：「那裡的鄉下從戰後至今其實改變不多，我能夠沉浸在那種文化下，感受當地人的心靈，他們很驕傲，感情很激烈，讓我得以把這些特質套用在角色身上。」,2020-10-16,片長：01時38分,懸疑/驚悚,D:\Users\Administrator\gb5566\yahoo_ptt\media\movie\images\yahoo\地下弒的秘密.jpg,3.6,地下弒的秘密
90,故事描述一群探險家運用新發現的蟲洞，計劃一場遠超越過去人類太空旅行極限，展開一場遙遠距離的星際航行。該片請來蟲洞理論大師基普索恩作為顧問。主要演員包含馬修麥康納、安海瑟威、潔西卡雀絲坦及米高肯恩。,2020-10-08,片長：02時49分,科幻,D:\Users\Administrator\gb5566\yahoo_ptt\media\movie\images\yahoo\星際效應.jpg,4.2,星際效應
67,「別嚇到了，我們是『辛比的怪怪屋：幽靈獵人』！  荷里、斗里在與家人寒假出遊的飛機途中，拯救了落難的天空精靈金比，卻意外招喚其他不知名的怪物襲擊，但最大的危機，是傳說中的飛天巨獸耶夢加得，如果耶夢加得甦醒了，人類世界後果將不堪設想。驅魔師，同時也是荷里好友的強林受召喚前來相救，斗里也緊急請來辛比幫忙，但耶夢加得為強取天空精靈，已開始發動攻擊，天境之城面臨危機，鬼神球、天空防護罩，這群小小英雄必須要前往更高的雲端之上，阻止這座城市、甚至是地球毀滅的發生……今年十月，最刺激的冒險旅程即將展開，拿出勇氣為你心愛的人決鬥吧！ ,2020-10-08,片長：01時37分,,D:\Users\Administrator\gb5566\yahoo_ptt\media\movie\images\yahoo\辛比的怪怪屋劇場版：幽靈獵人天空大進擊.jpg,0.0,辛比的怪怪屋劇場版：幽靈獵人天空大進擊
98,★ 《即刻救援》地表最強硬漢連恩尼遜再次提槍上陣！ ★ 《會計師》製作團隊打造，今年最緊張、過癮的犯罪動作鉅作！ ★ 黑警槍戰、飛車追逐、炸彈爆破，刺激場面讓你腎上腺素飆到最高點！  湯姆（連恩尼遜 飾）是名海軍陸戰隊退役的拆彈專家、同時也是個連續盜取了12家銀行偷得900萬美元現鈔的神鬼大盜，卻在愛上了一位女子安妮（凱特沃許飾）後，決定洗心革面坦白自己的犯罪前科，來換取未來的自由。正當湯姆準備自首時，竟被兩位貪圖鉅款的FBI探員尼文斯（傑寇特尼 飾）、霍爾（安東尼拉莫斯 飾）誣陷殺警。一夜之間，湯姆被聯邦調查局布下天羅地網通緝，為了找回屬於自己的清白，湯姆決定奮力一搏誓死反擊，讓罪有應得的FBI探員付出慘痛的代價！,2020-10-08,片長：01時39分,劇情,D:\Users\Administrator\gb5566\yahoo_ptt\media\movie\images\yahoo\倒數反擊.jpg,3.6,倒數反擊
95,★《鋼鐵雨：深潛行動》郭到元 ×《機智醫生生活》金大明 展開一場無厘頭機智搜索行動！ ★愉快的菲律賓之旅竟離奇變調，一名鄉下刑警竟捲入國際犯罪！  洪邊秀（郭到元 飾）是一名鄉下刑警，人生第一次海外旅行地為菲律賓。當邊秀在菲律賓沉浸於度假的美夢時，卻意外掉入犯罪組織殺手「派翠克」（金熙沅 飾）所設的局，成為殺人嫌犯。為了洗去罪嫌，他和當地的導遊，同時也是自己故鄉後輩的滿哲（金大明 飾），一起調查整起事件，但邊秀的體力與英文卻跟不上自己想查案的決心。  後來，邊秀在菲律賓甚至還遇見了宿敵勇裴（金相浩 飾），卻因此讓搜索方向脫離正常軌道。究竟這名鄉下刑警能安全回到韓國嗎？鄉下刑警的國際級搜查行動即將開始！ ,2020-10-08,片長：01時46分,劇情,D:\Users\Administrator\gb5566\yahoo_ptt\media\movie\images\yahoo\刑警沒有假期.jpg,3.8,刑警沒有假期
87,原本以為只是搭火車旅行，沒想到…好吃驚！ 聖誕假期，米可萊穿著人偶裝在月台發放傳單，突然對一名美女觀光客一見鍾情，情不自禁跟著她上了火車之後，卻遇到一絲不苟的列車長諾瓦正在驗票，沒錢補票的米可萊於是上演你追我跑的戲碼，過程之中不慎打昏了列車長，當他穿上諾瓦的外套，卻被乘客誤以為是列車長，強拉去處理各式各樣的緊急事故：走失小孩的家長、坐錯位置的乘客、擋住走道的路霸、想坐霸王車的惡霸，還要安慰因為失戀而哭得死去活來的列車女服務生。搭火車旅行真的好吃驚，最後的高潮來到火車突然緊急剎車、意外停駛，冒牌列車長要如何安撫一整列車的乘客們呢？更重要的是米可萊會在火車上找到他的真愛嗎？  【關於電影】  波瀾最大鐵路公司PKP贊助拍攝，靈感來自火車旅途間的短暫過客  本片為新銳導演米格爾•維列斯首部劇情長片，全片百分之九十的場景都發生在火車上，獲波蘭最大鐵路公司PKP贊助拍攝。導演米格爾表示，本片靈感來自某次的工作案，連續好幾個月得高頻率搭火車從波茲南到華沙。火車旅途過程中有迷人的風景、搖晃和吵雜的干擾，以及沿途各個別具特色的停靠站和形形色色的乘客，在火車上比鄰而坐的乘客都是一個個未知的謎團，每個人都有故事和目的地，但一旦搭上列車，卻也只剩下一個座位號碼，然而，旅客們的一舉一動、穿著打扮、談吐都依然看在他人眼中。當大家同乘一輛火車，常常個人的一個微小舉動，就有可能對他人造成巨大的影響，引發連鎖反應，甚至可能讓本該只是陌生人的乘客成為朋友、戀人或敵人。「旅途中我當然不可能立刻和身旁的乘客熟稔起來，但我一直在默默觀察他們，想像他們的生活樣貌，進而得到靈感寫下這個故事。」  導演米格爾坦言自己希望藉由這樣的觀察和腦補，描繪出一個建立在火車上的微型世界，以及屬於這個世界的獨有規則，宛如一幅「列車浮世繪」。同時也對人的「身分」提出叩問，透過詼諧的對白、諷刺的事情發展，讓觀眾一窺「假裝成他人」、「濫用他人身分」會得到什麼苦果。導演米格爾表示自己一直將美國名導比利懷德視作楷模，「電影最讓我感到共鳴的地方是關於人的各個面向，例如：愛情、友情、使命、生死。我也喜歡去探索這些東西，選擇用反諷的方式呈現，避免讓自己和作品過於嚴肅。」他也形容比利懷德的老電影，事隔多年，如今看來一點也不覺得過時，依然充滿新鮮感，因為他始終將焦點擺在人性，而非時代，「時髦的點子和潮流總有過時的時候，但人性卻亙古不變。我期許自己朝這個方向前進，希望能拍出一部簡單、能帶給觀眾娛樂的電影，讓每個觀看的人都感到快樂、滿足，《愛情列車長》就是在這樣的想法下拍攝而成的。」 ,2020-10-08,片長：01時25分,,D:\Users\Administrator\gb5566\yahoo_ptt\media\movie\images\yahoo\愛情列車長.jpg,3.5,愛情列車長
95,★2018轟動中、日、台的科普動畫，2020年度最具教育意義院線電影！ ★醫學界、教師界強力推薦，捲起校園課堂cosplay風潮！ ★分秒發生於你我體內的真實劇情，刻畫生動，引人入勝！ ★日本癌症專家「大須賀 覚」與「紐約知名醫師－Doctor Mike」大力推薦！  「為了苦讀生物的妹妹」而誕生的超人氣作品漫畫《工作細胞》，在眾所期盼下推出電視動畫，讓你我了解身體內部的故事，是任何人都能有所共鳴的體內細胞擬人化作品。  細胞們在名為「身體」的世界中，依舊活力滿點，全年無休的工作著。  有著搬運氧氣的紅血球，和細菌奮戰的白血球……細胞們在體內正上演著不為人知的精彩好戲。而原作漫畫經典長篇則獨立製作成特別上映版《強「菌」來襲！人體腸道大騷動！》，即將可在大銀幕上看到「賭上生命，守護生命」的細胞們為了身體奮戰！ ,2020-10-08,片長：01時52分,,D:\Users\Administrator\gb5566\yahoo_ptt\media\movie\images\yahoo\工作細胞特別上映版-強「菌」來襲！人體腸道大騷動！.jpg,4.3,工作細胞特別上映版-強「菌」來襲！人體腸道大騷動！
80,★2020香港暑假檔票房冠軍，黑馬之姿衝破千萬票房 ★榮獲2020香港電影金像獎最佳導演、最佳女主角、最佳新人獎等6項提名 ★榮獲2019香港電影評論學會大獎 最佳男演員、最佳女演員及年度推薦電影 ★2020台北電影節參展電影、2019香港亞洲電影節參展電影  個性善良憨厚的小學老師阿樂（劉俊謙 飾），是一名精神分裂症復原者，渴望愛情但從來不敢與人有更進一步的關係，某日在街頭偶遇了清新脫俗的欣欣（蔡思韵 飾），對她一見鍾情卻掙扎是否該託出自身病史。但阿樂又再次復發後，此時發現她的真正身分，竟然是位工於心計的心理系研究生，在幻覺與真實世界，兩人陷入了一場如幻似真的懸疑禁戀中。,2020-10-15,片長：01時59分,劇情,D:\Users\Administrator\gb5566\yahoo_ptt\media\movie\images\yahoo\幻愛.jpg,4.2,幻愛
78,★2020年台北電影節開幕片 開賣10分鐘秒殺完售 ★台灣真實事件改編 【天黑請閉眼】柯貞年導演 首部作品躍上大銀幕 ★年度重磅話題國片 後座力超強！天真「有」邪 VS驚悚人性 ★校車最後一排的祕密 什麼是可以玩 卻不能說的遊戲？ ★金馬獎最佳男配角劉冠廷X金馬獎影后楊貴媚X金馬獎最佳男配角太保 同台飆戲 ★新生代潛力演員 劉子銓X陳妍霏X金玄彬 震撼演出 ★奪金馬獎最佳原創歌曲 盧律銘再度打造動人配樂  學校裡很寧靜，但卻充斥著詭異氛圍。天真無邪的學生一起在玩一個遊戲，但這個遊戲卻是不能說的秘密，可是到底為什麼不能說…在這個遊戲中，什麼才是勝利？誰勝誰負？又或，大家口中不能說的遊戲只是一種無助的求救訊號？在孤寂的無聲世界中，聽不見，不代表看不見，其實，你並不孤單。  新銳導演柯貞年的首部長片以大膽敘事方式探討「愛與救贖」，現實雖然未能盡如人意，但世界上的每個人都是值得被愛的。「他們只是在玩」一句輕描淡寫的話，在無聲的世界中蔓延，究竟什麼是一起玩，卻不能說的遊戲？ ,2020-10-15,片長：01時44分,,D:\Users\Administrator\gb5566\yahoo_ptt\media\movie\images\yahoo\無聲.jpg,4.1,無聲
50,高雄電影節二十歲了！做為全台第三大，同時也是南台灣最大型的年度電影盛事，今年影展同樣規劃類型豐富，題材多元的精彩節目，加上全台規模最大的「國際短片競賽」及VR沈浸式體驗節目「XR無限幻境」，10月16日至11月1日，邀請全台灣的觀眾朋友齊聚高雄，參與這一年一度的電影嘉年華！  本屆高雄電影節開幕片為賴孟傑導演新作，由鄭人碩、邱偲琹主演的《親愛的殺手》，本片大膽探索底層人物的情慾世界，入選今年香港電影節新秀競賽單元，將於雄影進行世界首映。閉幕片《訪客》為高雄出身新銳導演蔡佳穎的首部長片，邀集張軒睿、戴立忍、高慧君等實力派演員演出的科幻驚悚故事，罕見的類型手法再創台片新風格。  2020高雄電影節年度主題「時光幻遊」則以時間旅行為發想，選映多部全新與經典作品，包含《未來總動員》、《阿比阿弟的冒險》、《我愛你‧我愛你》、《魔藥幻浪》與《上帝帶你嗨》等，邀請觀眾一同探索異境，幻遊時光。  今年國際短片競賽正逢舉辦十週年紀念，初選評審在報名「國際組」、「台灣組」和「VR組」的作品中，共選出87部電影進入決審名單，角逐總獎金超過130萬新台幣的15項大獎，所有入圍作品將在影展期間放映由專業評審進行評選後，在10月24日公布得獎名單。本屆頒獎典禮邀請金鐘獎得主姚淳耀、孫可芳擔任主持人，演員出身的兩人將以參演短片的豐富經驗，為愛河畔的頒獎典禮穿針引線，見證優質短片獲獎榮耀。  雄影「台灣越界」單元網羅年度台灣新片：蔡明亮導演獲林影展泰迪熊評審團獎並問鼎金馬獎的《日子》、陳大璞導演與「果陀娛樂」首度合作、黃河、潘親御、林意箴主演的《人生清理員》；多元的視角探討流浪動物議題的《十二夜2：回到第零天》；《迷失安狄》則細膩描繪性少數族群和非法移工的生活處境，李李仁首度扮演跨性別者，突破演技；在高雄拍攝的《迷走廣州》以兩位性格迥異的女孩為主角，交織華麗迷幻的少女公路之旅，以上影片都將有劇組出席首映活動，敬請影迷把握面對面的難得機會！  「特別放映」單元將讓影迷先睹為快兩部作品：郭珍弟導演最新劇情長片《戀愛好好說》將在高雄電影節放映「2020愛你愛你場」，姚愛寗、邱志宇、余佩真和詮釋為情所困的當代男女，既撩人又療癒；由《馗降：粽邪2》導演廖士涵執導的《大債時代》，將於明年正式上映，雄影觀眾有機會在影展期間搶先觀賞第一集，該片由林柏宏、張書豪、李霈瑜等人主演，打造雜揉社會寫實風格的都會類型劇，解剖青年負債議題。  「焦點導演」單元創全台影展之先，辦理法國新浪潮大師賈克希維特（Jacques RIVETTE）回顧展，精選六部生涯代表作《巴黎屬於我們》、《安娜凱莉娜之修女傳》、《莎蓮與茱莉浪遊記》、《日月女神》、《公主復仇記》與《美麗壞女人》，並邀請資深影評人黃建業進行專題講座，帶領新舊影迷走進大師的電影世界。  招牌單元「高雄拍」，今年將於雄影世界首映六部在高雄拍攝的精彩短片：曾拍攝《粗工阿全》關注社會底層的朱平導演，新片《降河洄游》邀集吳朋奉、太保、潘親御、廖欽亮、黃冠智等演員演出，描寫養殖漁業的利益衝突，特寫漁民的生活圖景；曹仕翰導演最新短片《貓與蒼蠅》邀請《大佛普拉斯》主角莊益增與潘之敏飾演顧船人和精障女子，呈現不為人知的社會角落。郭尚興執導的《輕鬆搖擺》找來高山峰和江常輝飾演一對同志配偶，透過發生在兩人兒子身上的遭遇，呈現同婚在台合法化後的社會氛圍；在《沒有網路的一天》中，王可元飾演的宅男某晚遭遇網路大斷線，頓失依靠的他決心走出家門，尋找同天宣布即將退出直播平台的網紅少女；《魚路》以奇幻視角講述一位遭逢妻子自殺的老漁夫，在孤身面對荒涼的世界時，所開啟的旅程；而改編自真實事件的《獸徑》，則描述森林警察和非法移工之間，複雜難解的生存處境。  除了上述單元外，高雄電影節更規劃集合世界各大影展得獎作品的「國際視窗」、喜愛重鹹口味觀眾必看的「瘋狂噬界」、適合大小朋友一起進戲院同歡的「孩子幻想國」、集合經典海洋主題電影的「海波浪大戲院」和關注社會議題的「人民力量」等主題單元，無論您是喜愛何種影片類型的觀眾，都可以在高雄電影節找到喜愛的主題！  高雄電影節更是亞洲最大XR沈浸式影展單元之一，2020「高雄VR FILM LAB」再度與台灣優秀創作者聯手，獻上周東彥導演的《霧中》、賴冠源導演的《喚說其語 Ep.1 潛入西拉雅》、陳識安導演的《人之島後》三部原創VR電影；「XR大觀」更精選7部跨越 AR、VR、MR、體感裝置、沈浸式劇場等互動媒材的作品，包含《末日之舞》、《攻殻機動隊 GHOST CHASER》、《微醺列車》、《色度：賈曼計畫》、《Sigur Rós：精靈之聲AR》、《佛羅倫斯》與《藝術文明之光：夏維岩洞》展現當代影像跨界多元手法，帶來難辨虛實的沈浸式體驗！  在長短片與XR作品放映之外，今年適逢高雄改制百年，影展也自即日起於駁二藝術特區舉辦「時光港都-高雄港映像記憶特展」，特展規劃三大主題展區，觀眾並可在戶外體驗最新AR互動科技打造的「興濱AR實境行旅」，本展覽免費入場，歡迎民眾一同共襄盛舉！  2020高雄電影節將於10月16日至11月1日，在高雄市電影館、MLD影城、高雄市立圖書館總館、VR體感劇院、駁二藝術特區P3倉庫群及5G體感電競基地舉行，完整節目內容、影人出席場次與活動訊息，請鎖定： 雄影官方網站 https://www.kff.tw 雄影Instagram https://www.instagram.com/khfilmfestival 雄影Facebook https://www.facebook.com/TaiwanKFF  【2020第20屆高雄電影節】 時間：10月16日～11月1日 地點：高雄市電影館、MLD影城、高雄市立圖書館總館 　　　VR體感劇院、駁二藝術特區P3倉庫群及5G體感電競基地 票券開賣：9月27日18:00起年代售票系統同步開賣 官方網站：http://kff.tw  【時光港都-高雄港映像記憶特展】 展出日期：10月9日～11月8日免費入場 展出時間：週二至週五11:00-18:00 　　　　　週六、週日及國定假日10:30-18:30（週一休館） 展出地點：駁二大勇區P3-1倉庫 ,2020-10-16,片長：未提供,,D:\Users\Administrator\gb5566\yahoo_ptt\media\movie\images\yahoo\2020高雄電影節.jpg,0.0,2020高雄電影節
75,這些來自以阿兩邊的音樂家，自出生就互為敵手… 知名的德國指揮家愛德華，接受一項極為艱鉅的任務，要組一個橫跨以色列與巴勒斯坦的青年交響樂團，但他很快發現自己被捲入了一場風暴之中。原來這些來自以、阿的音樂家們，在不斷面對戰爭及恐怖攻擊的陰影下，自出生就互為敵手，根本很難共同完成一場交響樂演出…。  他們很快自動分成兩個派系，並以各自的小提琴手為首。首先是來自巴勒斯坦的蕾拉，雖然母親從小教她上街抗爭以色列，但她從不為所動，始終在佈滿催淚瓦斯的動亂中努力習琴。另一方的以色列提琴手朗恩，自幼練就紮實的古典音樂底子，甚至組成了樂隊。蕾拉每天前往特拉維夫場地練琴，得辛苦通過以色列軍隊駐守的檢查哨，甚至經常遭受羞辱。朗恩則直接將他的樂隊成員帶進樂團參加徵選，意圖影響團員比例，雙方衝突一觸即發…。  為能順利完成這場交響樂演出，愛德華決定傾他全部教學資源與溝通技巧，克服雙方的文化差異與國仇家恨。他真能成功讓大家放下仇恨、恐懼和偏執，彼此信任、團結起來，進而展開為期一個月的演練並順利登台嗎？  【電影簡介】  熱烈掌聲久久不歇《交響狂人》連奪德美雙料觀眾票選獎 結合悠揚交響樂與敏感國際情勢的電影《交響狂人》（Crescendo），今年初在德國慕尼黑國際影展上引發震撼。該片靈感取自現任柏林歌劇院總監丹尼爾巴倫邦（Daniel Barenboim）曾轟動一時的和平創舉，他曾將以色列與阿拉伯的年輕音樂家們，以1：1比例聚在一起演奏，祈能靡平以、阿之間劍拔弩張的氣氛而舉世嘩然。這部充滿話題的電影《交響狂人》，是由《顛父人生》歐洲影帝彼得西摩尼謝克（Peter Simonischek）擔綱主演，片中除演奏了韋瓦第《四季》、德弗札克《新世界》，以及拉威爾《波麗露》（戰火浮生錄）等名曲外，一場他大膽挑動雙方音樂家水火不容對峙飆罵的戲，幾乎遊走最敏感邊緣，後座力十足震撼觀眾，在慕尼黑國際影展首映時，掌聲熱烈長達十分鐘久久不歇，被國際媒體喻為「史上最艱鉅的交響任務」。  這部直探敏感火藥庫的音樂勵志片《交響狂人》，是德籍猶太裔導演托爾扎哈維（Dror Zahavi）的最新作品。他將知名指揮家丹尼爾巴倫邦的當年創舉入題，時隔21年再度蔚為佳話。1999年，丹尼爾巴倫邦成立「西東合集管弦樂團」＊，意圖致力以、阿和平。但世代傳承的家國仇恨，卻使樂團自成立即備受挑戰，經過多年努力才為世人稱頌，不僅曾獲邀在前教宗本篤十六世御前演奏，2012年於倫敦音樂節詮釋貝多芬全套交響曲，更是萬人空巷。電影《交響狂人》除劇情高潮迭，片中更倡導「寬恕」等人性最高貴價值，不僅勇奪柏林布蘭登堡猶太影展最佳德國電影，更連奪美國聖地牙哥猶太影展、路德維希港德國電影節等雙料觀眾票選獎。  電影《交響狂人》劇情描述知名的德國指揮家愛德華（彼得西摩尼謝克 飾），接受了一項極為艱難的任務，要組一個橫跨以色列與巴勒斯坦的青年交響樂團，卻被捲入一場愛恨糾葛的風暴之中…。這些來自敵對國家的年輕團員，自出生血液中就帶著家國仇恨，愛德華不僅得使出渾身解數，克服雙方差異、偏執與恐懼，更要讓他們在彼此信任、相互團結基礎上，展開訓練及登台演出…。讓人驚訝的是，導演托爾扎哈維為求真實，竟讓如假包換讓以色列和阿拉伯青年演員共同參與演出。片中更舉猶太人與德國人歷史為例，強調「天下無不能化解的仇恨」，而一句「和平是你們責無旁貸的任務」，更道出現今人們之於新世代的深切寄望。《交響狂人》在世界各地影展迴響熱烈，觀眾甚至含淚起立鼓掌，場面令人動容。台灣將於9月30日起正式上映。,2020-09-30,片長：01時52分,劇情,D:\Users\Administrator\gb5566\yahoo_ptt\media\movie\images\yahoo\交響狂人.jpg,3.7,交響狂人
97,★改編自全球暢銷150萬冊、橫掃國內外逾十項大獎小說《我的房間保衛戰》！  彼得(奧克斯弗格雷飾)與外公艾德(勞勃狄尼洛飾)的感情非常好，直到被迫讓出自己的房間給外公住，彼得搬到了陰森可怕的閣樓，讓他燃起要把房間搶回來的決心！彼得和好友們設計了一連串惡整外公的計劃，包括：把房門拆了、在床上放蛇、把刮鬍泡沫偷換成泡沫膠等無良行為，而被激怒的外公艾德也不是省油的燈，他和一群公嬤輩老友也擬定「加倍奉還」的反擊策略，一場超狂又超鬧的房間保衛戰就此展開！  【關於電影】  改編自全球暢銷150萬冊、橫掃「馬克‧吐溫獎」、「西北太平洋圖書館協會青少年圖書獎」、「內布拉斯加州金索維獎」等國內外逾十項大獎小說《我的房間保衛戰》的2020年度超鬧爆笑喜劇《阿公當家》，集結勞勃狄尼洛、鄔瑪舒曼等影壇金牌卡司聯手搞笑，片中飾演孫子的奧克斯弗格雷更傳承了「教父」阿公與「追殺比爾」憤怒新娘的超狂基因，為搶房間展開超無良惡整大戰，讓飾演阿公的勞勃狄尼洛險些招架不住，在片中隸屬勞勃狄尼洛的公嬤隊員克里斯多夫華肯表示，其中一場彈簧床躲避球PK戲拍到膝蓋差點爆炸，他說：「那天我們這群公嬤隊員只要不小心跌倒，要再站起來還真得花點時間，彷彿聽到鈣質流失的聲音。」而勞勃狄尼洛拋開形象的爆笑演技更讓全劇組都笑到不行，製片馬文波特表示：「勞勃狄尼洛在每一場戲都有各種不同的詮釋方法，他散發著天生的演員魅力，每次看他現場演出都覺得很幸福，他總能用出乎意料的方式逗樂所有人。」,2020-09-30,片長：01時37分,喜劇,D:\Users\Administrator\gb5566\yahoo_ptt\media\movie\images\yahoo\阿公當家.jpg,4.0,阿公當家
93,電影《刻在你心底的名字》故事聚焦在80年代剛解嚴的台灣，一對遊走在友誼，愛慕之間的高中同窗，他們在青春的騷動與性啟蒙的渴望牽引下冒險，因為學妹的出現而讓曖昧關係產生變化。,2020-09-30,片長：01時54分,劇情,D:\Users\Administrator\gb5566\yahoo_ptt\media\movie\images\yahoo\刻在你心底的名字.jpg,4.1,刻在你心底的名字
86,★好萊塢鬼才大導演 提姆波頓 ★強尼戴普、薇諾娜瑞德主演最浪漫奇幻愛情電影 ★榮獲奧斯卡最佳化妝獎提名 ★本片獲英國電影獎最佳藝術設計等多項獎項 ★最悲傷和感動人心的奇幻愛情故事 揭開奇幻世界的神秘面紗  科學家住在一棟久無人跡的城堡裏，因為寂寞製作了一個人造男孩愛德華來陪他，只差手部尚未安裝完成，而留下一雙剪刀手。一天當科學家正要替愛德華換上正常手臂時，卻突然猝死。不知過了多久，雅芳小姐發現愛德華，將他帶回人類生活的社區，剛開始大家很害怕，後來發現愛德華有一雙妙手，能修剪花木，便請他來家中修飾庭園，或是幫鄰居剪出各式新穎的創意髮型，受到大家的喜愛，也是他與一個女孩戀愛的愛情故事。  【關於電影】  這是一個很悲傷的故事，然而它卻悲傷得很美麗....  年輕的主人翁愛德華（強尼戴普Johnny Depp飾演）是老科學家生前所未製造完成的「半成品機器人」 ，只差手部尚未安裝完成，而留下一雙剪刀手。後來他被雅芳小姐收養，帶到人類生活的郊區社區居住，體會到人類的友情、愛情溫馨的一面，也體會到殘酷的現實。  相當震撼的原創故事，點子來自導演「提姆波頓」小時候的想法。全片將童話般天真的元素和大量諷刺社會的元素作混合。全片仍然是相當迷人及幽默的。男主角「Johnny Depp」將心思敏感易碎的剪刀手男孩飾演的十分精湛，而恐怖片老天王「文森普萊斯」更在片中客串了片頭的老科學家一角。 ,2020-09-30,片長：01時45分,,D:\Users\Administrator\gb5566\yahoo_ptt\media\movie\images\yahoo\剪刀手愛德華.jpg,4.0,剪刀手愛德華
93,★2020法國安錫動畫影展 世界首映 ★《女王的柯基》導演打造全新冒險童話，將率領傻萌動物大鬧破壞環境凶手，對抗邪惡的人類開採石油公司！ ★《冰原歷險記》《神偷奶爸》幕後製作團隊，中秋連假唯一闔家動畫首選 ★男孩與森林動物家庭的冒險新篇章！生態教育媲美《與森林共舞》，動物瘋狂更勝《動物方城市》 ★全片以絕美的阿拉斯加為背景，山巒、冰川及廢棄金礦等多樣壯闊地貌，歡迎全家一同前往大銀幕親身體驗  人類持續破壞環境，是時候動物們該站出來捍衛生存權益…  看似平凡的亞當，和雪麗（母親）、大腳怪（父親）以及他們的朋友偉波（大灰熊）、蒂娜（松鼠）、崔波（浣熊）一家人，這個非凡的大家庭一起在森林裡定居。沒想到隨著大腳怪父親越來越有名，父親也利用名氣嘗試改變世界。某天動保團體與父親聯繫，打算一起阻止石油公司開發並汙染動物的生存環境，沒想到父親在一次追查真相的過程中竟然莫名失蹤了！亞當和他的動物家人們，決定聯手找出大腳怪父親的下落，同時透過社群媒體試圖揭發石油公司的邪惡陰謀，他們一家人還有機會再次團聚嗎？  《森林特攻隊：大腳Y家族》是賣座動畫《女王的柯基》導演班史塔森的動物冒險新作，並聯手《冰原歷險記》《神偷奶爸》製作團隊、《地球人壞壞》編劇、布魯塞爾在地樂團Puggy共同傾心打造闔家觀賞的叢林童話。故事場景以絕美的阿拉斯加為藍圖，還加入了山巒、冰川及廢棄金礦等多樣地貌，讓這趟救援旅程增添豐富刺激的視覺效果。片中各種可愛的森林動物們紛紛出籠，對抗「大鯨魚」般的人類石油公司，除了伸張森林居住權的正義外，更貫徹「是一家人就要團結在一起」這樣普世卻最能貼入人心的溫暖理想。生態教育媲美《與森林共舞》，動物瘋狂更勝《動物方城市》，歡迎走進男孩與動物好友們的森林冒險新篇章！ ,2020-09-30,片長：01時29分,冒險,D:\Users\Administrator\gb5566\yahoo_ptt\media\movie\images\yahoo\森林特攻隊：大腳ㄚ家族.jpg,3.9,森林特攻隊：大腳ㄚ家族
84,★2020動作喜劇再「進化」掀視覺新震撼！ ★《警察故事》神組合 成龍X唐季禮 九度聯手出擊！ ★流量男神楊洋《微微一笑很傾城》挑戰高強度動作片！ ★橫跨歐亞非三大洲，展開陸海空跨國大搜救！ ★導演唐季禮：「最棒、最爽、最過癮的動作喜劇！」  蜚聲國際的民營國際安保公司「急先鋒」由老闆唐煥庭（成龍 飾）成立，秉承傳統鏢局文化，「俠肝義膽、使命必達」。倫敦唐人街，數十萬居民和遊客參與春節舞龍遊行。受保人秦國立（樓學賢　飾）被不明身分人士劫持，休假中的急先鋒隊員雷震宇（楊洋　飾）、張凱旋（艾倫　飾）、彌雅（母其彌雅　飾）奉命趕來救援，經過一場惡鬥，最終救出秦國立。 秦國立曾為中東富商Massym工作，並不知其真實身份為中東某武裝組織頭目，待瞭解實情後秦國立已是後退無門。隨後，Massym在美軍的一次空襲行動喪生，其子Omar僥倖生還，他懷疑秦國立出賣父親並私吞財產故前來復仇，於是策劃了唐人街綁架。得救後的秦國立向急先鋒請求派人去非洲保護女兒Fareeda（徐若晗　飾）。  唐煥庭帶領隊員們前往非洲草原找到Fareeda，Omar則派來傭兵聯合當地盜獵集團與急先鋒隊員展開激戰，急先鋒隊員和Fareeda分散逃入叢林。敵人緊追在後，Fareeda駕駛水陸兩棲車駛入激流，上演一場驚險的激流搏鬥，險象環生，直至急先鋒後援駕直升飛機趕到，救出唐煥庭、彌雅，而雷震宇和Fareeda則落入敵人手中成為人質。  急先鋒利用高科技鎖定人質位置，派出精兵前往位在中東的組織基地實施營救計畫，在炸彈爆炸前一秒救回雷震宇和Fareeda。撤退之際，張凱旋為掩護眾隊友，遭崩塌的建物所掩埋。雷震宇冒著槍林彈雨返回救援，背回已無呼吸的張凱旋。眾人乘車撤離，雷震宇拼死搶救張凱旋，但張依然毫無生命跡象，團隊沉浸在悲傷的氛圍，雷震宇依然不放棄，拼死搶救，最終張凱旋奇蹟似地醒來，眾人轉悲為喜。可是Fareeda父親秦國立被敵人抓走。  原來Massym的財產全用來購買黃金，秦國立帶Omar前往在杜拜的黃金藏匿處。唐煥庭根據秦國立先前留下的資訊，聯合杜拜警方，布下天羅地網。交易現場，出現數輛鍍上黃金的超跑。Omar以黃金車與軍火商交換武器發射密碼，攻擊目標是杜拜港口的美國航母，急先鋒配合杜拜特警展開追緝。  Omar駕駛黃金車衝上杜拜街頭逃竄，購物中心水族館內，Omar及其手下被唐煥庭和雷震宇等急先鋒隊員擊倒，走投無路之下遭到逮捕，急先鋒不辱使命完成任務，收穫各方讚譽！ ,2020-09-30,片長：01時47分,懸疑/驚悚,D:\Users\Administrator\gb5566\yahoo_ptt\media\movie\images\yahoo\急先鋒.jpg,3.4,急先鋒
96,★「京都動畫」虐心打造最動人催淚的愛情物語！ ★延續《紫羅蘭永恆花園》電視動畫情節，正宗本傳續集最終完結！ ★以電視動畫劇情為基礎，原創故事打造女主角「薇爾莉特」的未來！ ★ 集結石川由依、浪川大輔等超人氣聲優陣容擔綱配音！ ★全台動畫迷爭相傳頌「人類聖經」、「宇宙神作」的感人物語！ ★京都動畫大賞輕小說獲獎作品改編，電視動畫原班人馬再度回歸！ ★美不勝收的場面、扣人心弦的故事、響徹心底的音樂、聲優精湛的表現！  為心愛之人，送上最後一封信 ——「愛」究竟是什麼？ 曾經將愛告訴自己、給予自己的那個重要之人。 即使想見，卻再也無法相見。 永遠放開了手的，那個最最重要之人。  從事代筆職業的她，名叫薇爾莉特伊芙加登（石川由依配音）。在讓人們傷痕累累的戰爭結束後數年，嶄新的時代來臨，世界也逐漸恢復平穩，生活並隨著新技術開發而改變。就在讓人們開始往前邁進之時，心懷思念重要之人的薇爾莉特，卻必須在沒有「那個人」的世界中活著。直到某天，她看到了一封信…。  【關於電影】  京都動畫最動人催淚的愛情故事，正宗續集最終完結 《紫羅蘭永恆花園》由日本知名優質動畫品牌「京都動畫」打造，改編自曉佳奈創作、榮獲第5屆京都動畫大獎的輕小說作品，也是京都動畫大獎有史以來，唯一獲得「大賞獎」的作品（其餘幾屆的大賞獎都從缺）。本作女主角「薇爾莉特伊芙加登」，是位擁有金髮藍眼的美麗少女。身為孤兒的她，父母、年紀不詳，然而與她美貌相反的，是她那罕見的戰鬥能力。也因為她在戰爭時期的強大戰力，讓她被軍中同袍無視為人類，反而視為「武器」般的存在。之後因為戰爭失去雙手，薇爾莉特離開軍隊，並裝上義肢，開始在C·H郵政社擔任起「自動手記人偶」的代筆工作。這位像人偶般清澈無暇、沒有多餘感情的少女，為了想要理解當時戰場上重要之人，對她所要傳達的話語，她不斷前往各地，踏上一段尋找何謂「愛」的旅程。透過一次次為不同委託人工作，她與各式各樣的人們相遇，並將對方無法言說的話語，或是綿密的思念，化作一封又一封的書信，將重要之言給投遞出去。她也從這些人身上，逐漸學會人與人之間的相處與情感，並逐漸開始懂得什麼是「愛」…。  電視動畫於2018年1月10日起播出，一播出就引發極大轟動與討論，甚至被網友高度讚譽為「人類聖經」、「宇宙神作」。尤其電視動畫以劇場版的製作品質來打造，也再度證明京都動畫的誠意與製作實力。也因為電視動畫的轟動，讓製作團隊繼續在2019年推出劇場版動畫《紫羅蘭永恆花園外傳－永遠與自動手記人偶－》。尤其外傳在台灣上映後，隨即在影迷之間造成轟動，雖然全台當時只有12家戲院限定映演，不過隨著高度口碑，以及忠實觀眾們的多刷支持，讓該片的最終票房熱賣直逼1200萬元，充分展現本系列作品的絕佳魅力，也讓這部即將在台灣上映的《紫羅蘭永恆花園電影版》未演先轟動，再度受到全台觀眾的廣大關注。  本片將會以完全原創的劇情，為電視動畫的劇情作出延續，並將以「愛」作為主題，讓本系列邁向最終完結。製作團隊與原著作者曉佳奈也彼此分享劇本與設定資訊，讓薇爾莉特在這段追尋、感受「愛」的過程當中，又將會遇到什麼樣的人、事、物？而她某天無意中看到的一封信，內容又將會是什麼樣感動人心的內容？此外，本片的畫面尺寸也從電視動畫系列的16:9，調整為更寬、更適合電影銀幕比例的2.31:1。透過如此適合電影院觀賞的畫面比例，更生動描繪出天空、大海，甚至是山脈的遼遠廣闊。不僅對製作團隊來說是個挑戰，也顯示京都動畫一直推出優質動畫的堅持，值得台灣觀眾進戲院支持！,2020-09-30,片長：02時20分,,D:\Users\Administrator\gb5566\yahoo_ptt\media\movie\images\yahoo\紫羅蘭永恆花園電影版.jpg,4.6,紫羅蘭永恆花園電影版
80,★創下台灣上映紀錄之最強日本軍武動畫電影！ ★前所未見、感官全開，彷彿置身戰場的4D體驗！  在比賽中擊敗大學選拔隊獲得勝利並成功解除過廢校危機後，大洗女子學園的戰車團隊成員們終於迎來了平穩的冬日時節。改選後的學生會，隨著三年級生的畢業，新任的執行幹部也開始慢慢運作了。某一天，平和的大洗女子學園因小桃突如其來的留級消息而騷動了起來，為了能通過AO入學考試順利進入大學，小桃以隊長之姿帶領大洗戰車道團隊參與冬季大會「無限軌道盃」，在對上首戰對手ＢＣ自由學園時，卻出乎意料地陷入苦戰！難道美穗等人以及小桃的未來將到此為止了嗎？究竟勝利女神最後會對哪一方微笑呢？為了共同面對新出現的難題，戰車團隊只好再度出動……,2020-10-08,片長：01時40分,,D:\Users\Administrator\gb5566\yahoo_ptt\media\movie\images\yahoo\少女與戰車最終章第1+2話4D.jpg,3.8,少女與戰車最終章 第1+2話4D
100,★ 討債變養孩擔保品 變脫油瓶！ ★ 韓國影視天后河智苑 回歸大銀幕！ ★ 國民爸爸成東鎰 化身討債大叔！ ★ 新秀童星朴昭怡 萌度破表！  1993年仁川，粗魯又不好相處的高利貸業者頭石（成東鎰 飾）和宗培（金熙元 飾）想拿回欠債，卻意外地帶回九歲的承怡（朴昭怡 飾）作為擔保。  「擔保是什麼意思？」不知道什麼意思就成為擔保的承怡，因承怡媽媽遭到遣返，頭石和宗培必須負責把孩子送給別人領養。本以為承怡被有錢人家領養，卻發現送到不是原先想像的地方，兩人決定把承怡帶回家照顧。突然接管小孩，必須擔保小孩人生的頭石和宗培，與因欠債而被作為擔保的承怡，頭石、宗培、承怡這三個人，不知不覺成為彼此很特別的存在。 去討債卻遇到人生的寶貝！ 今年秋天，「擔保」將成為「寶貝」！  【關於製作】  打造出《機密同盟》、《國際市場：半世紀的諾言》、《喜馬拉雅：返家之路》、《那才是我的世界》等無數賣座電影的JK Film，這次以溫馨療癒的感動新作《無價之保》和觀眾見面。JK Film以訴求滿滿父愛的《國際市場：半世紀的諾言》；詼諧描繪南北韓刑警協同辦案的《機密同盟》；真實事件改編，挑戰遠征高峰的《喜馬拉雅：返家之路》；前拳擊手哥哥和罹患學者症候群的弟弟，開啟一段與眾不同人生的《那才是我的世界》等，透過有趣的劇情，引發群體共鳴，受到廣大觀眾的喜愛。 JK Film在2020年帶給觀眾療癒系新片《無價之保》，訴說著冷酷無情的高利貸業者「頭石」和他的後輩「宗培」，為了去討回欠債，卻意外以九歲的女孩「承怡」作為擔保，及其養育過程中所發生的故事。前往討債的高利貸業者「頭石」和「宗培」，偶然間以孩子作為擔保的獨特設定，引發觀眾的好奇。在電影《美麗的和聲》中使用溫暖的視角，引發在觀眾引發共鳴的導演姜大奎，再次發揮了細膩的執導能力，更增添了對《無價之保》的期待。  一開始讀了劇本後，飾演大人「承怡」的河智苑就感動的流下了淚水，她表示：「觀眾看了《無價之保》之後，一定能夠深刻地感到共鳴，本片是這個時代必不可或缺的電影。」表達出毫不猶豫接演電影的原因。飾演「頭石」的成東鎰表示：「我有自信到可以用我的三個小孩保證，我也很想讓我的小孩看這部電影。」如此表達出強烈的自信，令人更加期待這部電影。像這樣討喜且擁有溫暖魅力的2020療癒系電影《無價之保》，將於今年秋天溫暖上映，不僅給觀眾帶來幸福的微笑，更能讓各年齡層都能感到共鳴，傳遞真誠的感動，留下令人回味的餘韻。 ,2020-10-08,片長：01時53分,,D:\Users\Administrator\gb5566\yahoo_ptt\media\movie\images\yahoo\無價之保.jpg,4.3,無價之保
86,"「一個人創造一個江湖，鄭問的作品，讓我們跟千古英雄有了共同的呼吸。」  鄭問為風靡全亞洲之漫畫巨擘，其融合水墨藝術與西方繪畫技巧之美學獨樹一幟，加以對創作媒材、技法不拘一格的靈活運用，迄今尚無人能超越。他對歷史、社會、人性的觀察與思考，亦透過其畫技與構圖的掌控力，鎔鑄成獨樹一幟的「鄭問美學」。  鄭問的職業生涯足跡遍佈臺灣、日本、香港、中國等地，亦為臺灣極少數同時親身參與日本、香港、中國動漫與遊戲產業運作之重量級漫畫家；1990年代在日本發表作品引起轟動，以《東周英雄傳》獲得日本漫畫家協會「優秀賞」。  耗時2年，王婉柔導演帶著拍攝團隊踏上15,000公里的飛行航程，橫跨台灣、香港、日本和中國訪談超過 50 位漫畫及出版界人士。期以鄭問之生涯及創作為經緯，重現老師之精神與美學，將鄭問超越時代的藝術成就，透過影像設計與人物訪談，令其帶給後世之影響力予以持續擴散。",2020-10-08,片長：02時15分,,D:\Users\Administrator\gb5566\yahoo_ptt\media\movie\images\yahoo\千年一問.jpg,3.8,千年一問
96,★ 爆笑超越《雞不可失》，南韓年度最瘋狂動作喜劇！ ★ 南韓影史首部劫機動作喜劇，意想不到的救援英雄爆笑登場！ ★ 地面賣麻花，空中救全家，前所未見、高潮迭起的逆轉動作喜劇！ ★《偷天對決》、《王牌計中計》、《北風》製作團隊爆笑打造！ ★《白頭山：半島浩劫》、《極限逃生》視覺公司打造超狂特效場面！ ★ 集結南韓華麗卡司，帶來搞笑無極限的完美動作喜劇！ ★「韓流天后」嚴正化再展矯健身手，麻花店老闆娘帥氣變身女打仔！ ★《闇黑新世界》陰森奸角朴星雄，將以前所未見的最可愛形象登場！ ★「國民女婿」李相侖跳脫暖男形象，大展身手詮釋反派恐怖劫機份子！ ★《明明會說話》搞笑特務裴正楠，延續喜劇戲路，化身神經質新人空少！  地表最強大媽，拯救空中危「機」  ★ 爆笑超越《雞不可失》，南韓年度最瘋狂動作喜劇！ ★ 南韓影史首部劫機動作喜劇，意想不到的救援英雄爆笑登場！ ★ 地面賣麻花，空中救全家，前所未見、高潮迭起的逆轉動作喜劇！ ★《偷天對決》、《王牌計中計》、《北風》製作團隊爆笑打造！ ★《白頭山：半島浩劫》、《極限逃生》視覺公司打造超狂特效場面！ ★ 集結南韓華麗卡司，帶來搞笑無極限的完美動作喜劇！ ★「韓流天后」嚴正化再展矯健身手，麻花店老闆娘帥氣變身女打仔！ ★《闇黑新世界》陰森奸角朴星雄，將以前所未見的最可愛形象登場！ ★「國民女婿」李相侖跳脫暖男形象，大展身手詮釋反派恐怖劫機份子！ ★《明明會說話》搞笑特務裴正楠，延續喜劇戲路，化身神經質新人空少！  地表最強大媽，拯救空中危「機」 人氣麻花店老闆娘美英（嚴正化飾演），雖然一家人生活艱困，但她卻非常珍惜家人。某日，她意外獲得夏威夷旅行的機會，讓她帶著電腦修理高手老公石煥（朴星雄飾演）與女兒，展開人生首次的海外之旅。就在她們準備登機時，一群恐怖分子也登上同一班機，並在起飛後不久劫持了整架班機。眼看人生最大的幸福即將變調，也為了拯救家人與其他乘客，美英決定放下平凡過往，展現她隱藏已久的內功，開始營救全機乘客…。  【關於電影】  爆笑超越《雞不可失》，年度動作喜劇就看這一部 《特務搞飛機》是南韓影史首部以「劫機」作為題材的話題電影，故事描述麻花店老闆娘「美英」，和她專作電腦修理的年下老公「石煥」，兩人在生平首度的家庭旅行當中，為了拯救被劫持的班機，而展開一場超ㄎㄧㄤ的爆笑動作救援，並將透過動作、諜報、喜劇等多樣看點，挑動觀眾捧腹大笑的神經。全片不僅將在銀幕上展現痛快不已的動作場面，更將在放聲歡笑的同時，帶來驚心動魄的劫機場面。尤其主角並非是有特殊能力的超級英雄，而是過著平凡生活的普通人，因為是班機上的唯一救星，意外成為了全機的救援英雄。除了男女主角之外，還有為了活捉目標而劫機的恐怖份子、夢想成為特務的空少、看似可疑的神秘女人、目中無人的國會議員，本片編劇為各個人物注入不同的情境與設定，即便大部分都在有限的機艙空間當中，導演也透過高超的場面調度功力，讓觀眾絲毫不會感到無趣，甚至還有許多劇情反轉，讓觀眾在電影結束之前，一刻都無法移開視線。  本片演員也是一時之選，憑藉電影《大浩劫》吸引千萬觀眾，並陸續榮獲百想藝術大賞、大鐘獎最佳女主角獎肯定的嚴正化，將從「韓流女王」搖身一變，成為解救全機的麻花店老闆娘。她將完美消化高強度的動作演技，並以無極限的爆笑魅力緊抓觀眾的心。而在《闇黑新世界》展現讓人不寒而慄角色的朴星雄，也將延續《我裡面的那傢伙》中的冷面笑匠功力，在本片化身精通電腦的高手，並與嚴正化詮釋女大男小的甜蜜夫妻。此外，李相侖、裴正楠、李先彬三位影星的加入，以及金南佶驚喜的客串演出，都將為全片碰撞出不同的火花，並為觀眾帶來爽快的爆笑場面。  不僅如此，本片也出動南韓影壇最精銳的製作團隊。首先，攝影指導金正宇將透過《明明會說話》、《致命目擊》、《偷天對決》等片所積累的技術性拍攝技法，成功拍出飛機內部的空間與速度感。曾獲青龍獎、大鐘獎肯定的美術指導朴逸賢，也為本片設計出輕快又帶些復古的配色，真實展現出全片獨特的浪漫與溫暖氣氛。而曾參與《極惡對決》、《飆風特警隊》、《北風》、《偷天對決》、《神之一手》等片的動作指導崔奉祿，也將透過獨特的動作編排，打造角色們在機艙中的極限動作。此外，曾打造出《白頭山：半島浩劫》、《極限逃生》等片的知名視覺特效公司「Demolition」，這回也為本片創造出滿足視覺的超狂特效場面，引領觀眾進入從未體驗過的搞笑動作世界。台前幕後的精采打造，不僅讓本片在上映前勇奪預售率冠軍，上映後的好評更持續升溫，並在南韓三大電影評分網站CGV獲得87%金蛋評分、Megabox觀眾評分8.5高分，更在Naver獲得觀眾9.64分極高評價。超高的娛樂性，也讓許多網友在觀賞後盛讚本片「年度最搞笑！」「是近期觀賞過最有意思的電影，強力推薦！」 ,2020-09-11,片長：01時41分,喜劇,D:\Users\Administrator\gb5566\yahoo_ptt\media\movie\images\yahoo\特務搞飛機.jpg,4.1,特務搞飛機
92,《蠟筆小新》將以充滿無限想像的「塗鴉」主題，帶各位將視角集中在充滿神秘的「塗鴉王國」上，原本依靠豐富隨意的「塗鴉」作為運作來源的「塗鴉王國」，是以自由的塗鴉為能量來源，漂浮於空中的一個王國。但是，隨著時代變遷，近年在地面上看到塗鴉的機會減少，導致王國能源不足而快毀滅了…「塗鴉王國」的皇家軍隊賭上國家命運，開始進攻地面！！沒想到他們來到的地方，竟然是小新等人居住的春日部！！塗鴉王國珍寶「奇蹟蠟筆」能讓畫出來的東西動起來獲得珍寶的那位勇者就是－「超樂天的五歲小朋友」野原新之助！究竟小新能不能和他大筆畫出的塗鴉們一起拯救世界呢？,2020-09-11,片長：01時43分,喜劇,D:\Users\Administrator\gb5566\yahoo_ptt\media\movie\images\yahoo\蠟筆小新：激戰！塗鴉王國與差不多四勇者.jpg,4.5,蠟筆小新：激戰！塗鴉王國與差不多四勇者
97,★ 香港金像獎10項提名，影帝郭富城近年最滿意演出作品 ★ 香港社會最關注「麥當勞」遊民議題 ，聚焦邊緣階層的人生，真實揭露社會底層悲歌 ★ 家人成了陌路人，陌生人反而更像家人，劇情溫情感人，讓人淚流不止，國際影展邀約不斷，口碑滿載，好評無數  假如，我們相信，希望能燃點生命；信念能改寫人生，或許，是我們不知道，希望和信念，往往會瓦解於貧窮…… 阿博（郭富城 飾）曾是一位金融才俊，但一場股災挪用公款，淪為階下囚…… 出獄後的阿博無法面對自我，更無法面對他期待極高的年老母親（鮑起靜 飾），也對為他肩負巨大債務的妹妹感到十分愧疚，因此不想回家，從此成了無家者，活在眾多比他更沒有明天的人當中，似乎讓他找回了一些安全感。十年前，在他意氣風發之時，曾與阿珍（楊千嬅 飾）有過一面之緣，但她卻與落迫時的阿博漸漸走近，希望他重新能振作…… 阿博在快餐店內遇到不少同路人，相互改寫了各自的人生：帶著稚女的苦命媽媽，一直瘋狂打工為欠賭帳的奶奶還債，不敢回家的等伯（萬梓良 飾）、靠街頭賣畫維生的口水祥（張達明 飾）、剛離家出走的孤僻少年深仔等。眾人都以阿博為首，互相扶持，希望能盡力幫助彼此走過人生低谷。  【關於電影】  現今社會，樓價高漲、貧富懸殊、社會傾斜、人際關係疏離，各地食物鏈下的最低層，每天均過著貧苦生活！有人因為付不起昂貴租金、家庭或個人問題、亦或是節省交通費用等等各種原由，每當踏入凌晨，便會不約而同流連在各種地方如公園、天橋甚至24小時營業的速食店借宿一宵，夜宿速食店的這群人被稱為「麥難民」，成為香港夜晚獨特的景像。  電影《麥路人》靈感取材於日趨普遍的香港社會悲情實況，描繪貧窮線下的小人物，每個人都有不同的原因，聚結在24小時速食店，相助守望的感人故事。香港無家者的社會現象由2013年逐漸受關注，根據香港社區組織協會於2019年發佈的調查發現，截至2018年底，全港露宿者的登記人數由2013年的780人上升至1270人，當中接近4成是「麥難民」，增幅高達6倍。 ,2020-09-17,片長：01時54分,,D:\Users\Administrator\gb5566\yahoo_ptt\media\movie\images\yahoo\麥路人.jpg,4.2,麥路人
80,★ 韓國爆笑犯罪新作 《雞不可失》後最狂辦案 ★ 車禍唯一目擊者 奶奶爆笑神出擊 記憶雖然不靠譜 卻是破案唯一線索！ ★ 我的嬤嬤咪呀！韓國大滿貫影后羅文姬 X 實力男星李熙俊 聯手飆戲 ★ 不要小看長輩 別和奶奶作對！真相 永遠只有一個！  一位患有阿茲海默症的奶奶（羅文姬 飾），竟是肇逃案件的唯一目擊證人！平時和兒子（李熙峻 飾）與孫女相依為命，奶奶最疼愛的孫女竟慘遭車禍陷入昏迷。警方辦案只能依靠失憶奶奶毫無邏輯的胡言亂語、天外飛來一筆的說詞來回拼湊，他們能否用無厘頭的線索順利揪出兇手呢？ ,2020-09-18,片長：01時50分,喜劇,D:\Users\Administrator\gb5566\yahoo_ptt\media\movie\images\yahoo\名偵探奶奶.jpg,3.6,名偵探奶奶
91,★ 《全面攻佔2：倫敦救援》《古墓奇兵》幕後團隊震撼打造 ★ 《鬼玩人影集》《勇者逆襲》導演火爆新作 ★ 《變形金剛》梅根福克斯剽悍上陣 ★ 當獵人成為獵物，手中的槍是活下去的唯一方法！  身經百戰的傭兵隊長歐哈拉（梅根福克斯 飾）受到委託，率領一支菁英小隊前往危機四伏的非洲執行一項救援任務，沒想到卻在撤離過程中發生意外。受困於非洲荒野之中的歐哈拉與隊員們，必須面對來自叛軍的血腥追擊，以及一群飢腸轆轆的嗜血狂獅……。 ,2020-09-18,片長：01時46分,,D:\Users\Administrator\gb5566\yahoo_ptt\media\movie\images\yahoo\重裝救援：全境獵殺.jpg,3.2,重裝救援：全境獵殺
93,★《奇奇怪怪》系列網漫最火紅篇章，首度改編動畫登上大銀幕！ ★ 網漫人氣超越《與神同行》，影史最詭異獨創恐怖怪談！ ★ 毛骨悚然都市奇談，驚悚詭異媲美伊藤潤二作品！ ★ 耗時六年製作，南韓影史首部懸疑恐怖動畫電影！ ★ 9.9超高評分霸榜WEBTOON恐怖漫畫冠軍，網友話題滿載！ ★ 淋漓盡致體現人性之惡，深刻反思「看臉時代」社會現況！ ★ 融合懸疑、奇幻、犯罪、倫理多重元素，增添原作更多劇情細節！ ★ 預告點擊率飆破200萬次，大幅超越《屍速列車：感染半島》！ ★ 原作粉絲認可的高完成度，全球國際影展爭相邀約！ ★ 強勢入選法國安錫動畫影展「競賽」單元！ ★ 獲選南韓富川奇幻影展「韓國奇幻競賽」單元！ ★ 入選蒙特婁國際奇幻影展「動畫競賽」單元！  溶脂化骨，重塑美貌，妳敢嘗試？ 想要擁有嶄新人生？為您介紹這罐「神奇整容液」的使用方法…。  首先，請用鏡子確認自己的臉。不如拍張照片做個紀念，因為這將會是您跟原本長相最後告別的時刻。接著，將水與整容液以4:1比例混合，並將臉部浸泡在整容液裡20分鐘。之後，您的皮膚與肌肉將像黏土一般得以重新塑型，成為您想要擁有的模樣…。  一位屢受歧視的棉花糖女孩，在使用整容液後，如願成為廣受歡迎的女神。不僅追求者絡繹不絕，更吸引經紀人想要簽她當藝人。她還迅速結識高富帥，不論事業跟愛情都走向人生巔峰。不過她萬萬沒想到，當整容液開始產生副作用後，讓她不得不做出一連串駭人行為，她的人生也逐漸失控…。  【關於電影】  網漫人氣超越《與神同行》，影史最詭異獨創恐怖怪談 在「外貌至上主義」的南韓社會當中，時常出現「花美男」、「花美女」、「高顔質」等「看臉時代」之下的流行語。許多南韓綜藝節目當中，藝人與素人談起自己的整容經歷，更像家常便飯一樣簡單。尤有甚者，許多南韓的小孩一出生，父母就會為他們準備一筆「整容費」，等兒女成年的時候，再把這筆錢送給兒女當作禮物，希望能讓他們透過整容，讓未來的事業與生活更加順遂。不過，這個在南韓社會稀鬆平常的整容文化，如果轉化為奇幻、恐怖電影的題材，又將會成為什麼模樣？  影史最詭異獨創的恐怖怪談《整容液》，就是改編自WEBTOON的人氣同名網路漫畫，並透過電影動畫版的形式，再度讓全球觀眾為之震撼。本作是漫畫家吳城垈的代表作品之一，脫胎自網漫《奇奇怪怪》中的一個單元故事，劇情描述女主角塗上能改頭換面的「整容液」、並成為女神後所經歷的恐怖怪談。毛骨悚然的劇情，也讓讀者讚譽媲美伊藤潤二的恐怖作品。相較其他驚悚恐怖漫畫，本作雖然沒有過多激烈的血腥場面，卻透過腦洞大開的情節，將「整容」這個敏感話題作出天馬行空的詮釋。不僅透過黑色幽默描繪人性黑暗面，將人性之惡表現得淋漓盡致，更因為獨特的情節設定，引導讀者反思社會現況。這也讓本作從連載初期，就獲得高度討論，人氣更超越同樣話題滿載的《與神同行》！  電影版《整容液》，不僅是《奇奇怪怪》系列首度改編動畫登上大銀幕的作品，更成為南韓影史首部懸疑恐怖動畫電影。製作團隊耗時六年打造，為作品融入懸疑、奇幻、犯罪、倫理等多重元素，更增添漫畫所沒有提到的更多劇情細節，並以最完美的容貌跟觀眾見面。電影消息一曝光，隨即引發世界各地討論，更吸引眾多國際影展邀約，強勢入選有「動畫界坎城影展」之稱的安錫動畫影展「競賽」單元、蒙特婁國際奇幻影展「動畫競賽」單元，以及南韓富川奇幻影展「韓國奇幻競賽」單元。值得一提的是，本片的前導預告一在南韓曝光，就在短時間內突破200萬點擊次數，大幅超越同期熱門電影《屍速列車：感染半島》的預告點擊次數，引爆網友熱烈迴響，再度證明本片的超高人氣，值得觀眾進場一探究竟！,2020-09-18,片長：01時25分,奇幻,D:\Users\Administrator\gb5566\yahoo_ptt\media\movie\images\yahoo\整容液.jpg,4.0,整容液
81,公車司機阿泰（劉冠廷/飾），是一個動作慢吞吞、連手錶的時間、地震的感應都比別人慢的奇葩。他每天都會去郵局，找櫃員楊曉淇（李霈瑜/飾）寄一封不知道給誰的平信。櫃員楊曉淇和阿泰完全相反，是個凡事搶拍的超級急性子，唯獨感情生活毫無進展，年近三十還是母胎單身。情人節前夕，楊曉淇被天菜陽光男劉老師（周群達Duncan/飾）搭訕，終於情竇初開的曉淇和劉老師天雷勾動地火；想不到一覺醒來，劉老師再無音訊、而且情人節居然已經過了？！每天來寄信的阿泰也再也沒出現過...毫無記憶的楊曉淇，開始了一趟尋找真相的奇幻旅程...,2020-09-18,片長：01時59分,劇情,D:\Users\Administrator\gb5566\yahoo_ptt\media\movie\images\yahoo\消失的情人節.jpg,4.2,消失的情人節
92,★日本票房冠軍 ★ 「哆啦A夢」50週年紀念作品，第40部長篇劇場版系列作品！ ★ 《哆啦A夢：大雄的金銀島》編導搭檔 今井一曉 X 川村元氣 聯手再出擊 ★ 日劇天王 木村拓哉 X 搞笑女王 渡邊直美 特別獻聲演出 ★ 日本搖滾天團「Mr.Children」動人打造雙主題曲〈Birthday〉〈君と重ねたモノローグ〉 ★ 日語原音版本、中文配音版本同步獻映  大雄在恐龍博物館參加挖掘化石體驗時，偶然發現了一個化石，深信這是個恐龍化石的大雄，使用了哆啦A夢的道具「時光布」讓化石回到原本的狀態……結果竟然孵化了恐龍雙胞胎小Ｑ與小妙！而且，這兩隻恐龍似乎是從來沒被發現過的新品種。跟大雄一樣有點靠不住的小Ｑ以及個性活潑的小妙，兩隻恐龍雖然個性天差地遠，大雄還是像父母一樣用愛呵護著牠們長大，但是恐龍終究還是無法在現代生存長大。  於是，大雄下定決心要將小Ｑ與小妙帶回屬於牠們的年代，與哆啦A夢跟夥伴們一起前往6600萬年前的白堊紀末期。一場找尋小Ｑ與小妙同伴的大冒險就此展開……靠著哆啦A夢的道具與恐龍們的力量，大雄一行人循著恐龍的足跡來到了一座神祕島嶼。然而，在白堊紀迎接他們的竟是恐龍即將滅絕的命運。小Ｑ與小妙，以及大雄一行人的命運又將會如何……？,2020-09-25,片長：01時50分,冒險,D:\Users\Administrator\gb5566\yahoo_ptt\media\movie\images\yahoo\電影哆啦A夢：大雄的新恐龍.jpg,4.2,電影哆啦A夢：大雄的新恐龍
100,★贏家才能留名萬世！特斯拉和愛迪生世代恩怨! ★伊森霍克完美詮釋世紀天才特斯拉 ★2020日舞影展首映全場大獲好評，美國權威影評網站爛蕃茄92%新鮮推薦 ★他的故事比愛迪生更傳奇，他的每項發明，都讓全世界邁向巨大進步，怎能不認識他! ★1898年，特斯拉提出電動車構想，2003年，馬斯克將公司名為『特斯拉汽車』，就是為了紀念他，並逐步實踐特斯拉的構想。  聚焦發明家特斯拉生平故事，包括交流電的發明與湯瑪斯愛迪生的激烈對抗…  「交流電之父」尼古拉特斯拉，被譽為最接近神的男人，他對電的理解和運用遠遠超乎你我的想像。  交流電帶來的便利，無線電、遙控器等發明，這些都是特斯拉的貢獻，但天才遭嫉，愛迪生和許多財團迫害於他，讓特斯拉的許多發明和技術深埋… ,2020-09-30,片長：01時42分,,D:\Users\Administrator\gb5566\yahoo_ptt\media\movie\images\yahoo\特斯拉.jpg,2.9,特斯拉
91,★ 《T-34：戰場傳奇》億萬團隊最新力作 ★ 《神力女超人》《哥吉拉II 怪獸之王》特效團隊再創視覺高峰 ★ 宛如《全面啟動》X《奇異博士》超脫現實的燒腦科幻冒險 ★ 逃離夢境，成為他們唯一生路……  年輕有為的建築師維多，從一次意外事故中醒來，卻發現自己身處一個與地球極為相似的異世界中，異界中的所有景色都是由人類的記憶建構而成，也因如此，這個世界如記憶般混亂且極度不穩定，我們熟知的物理規則在這個世界並不存在。維多必須和他的愛人及夥伴找出其中的規律及破綻，同時躲避神祕異獸窮追不捨的獵殺，逃出這個超乎常理的異世界…… ,2020-09-30,片長：01時51分,科幻,D:\Users\Administrator\gb5566\yahoo_ptt\media\movie\images\yahoo\遺落夢境.jpg,3.9,遺落夢境
88,★ 女神蒂妲絲雲頓奠定江山代表作 ★ 英國傳奇名導莎莉波特一戰成名 威尼斯競賽片 享譽國際 ★ 我不是男，也不是女 穿越時空四百年的自我追尋之旅 ★ 突破當代性別意識的超前衛電影 ★ 兩項奧斯卡提名 英國奧斯卡最佳化妝得主  故事述敘主角四百年的傳奇生涯。出身英國貴族的歐蘭朵，是伊麗莎白一世時的美少年，做過其侍衛深得寵幸，並被賜予「不凋零不老去」。在一次次的沉睡後，從性別的錯亂覺醒，享有永恆青春的他/她，品嚐過愛情的甜蜜，面對創作的折磨，和戰爭的荒誕。他談過與俄羅斯公主的戀愛，也曾躲進文字裡尋求失戀的解脫；他為躲避煩擾自請出使東方，還與可汗結下友誼，又因英國殖民主義的利益衝突而破裂。精神受到衝擊的他陷入昏睡，一覺醒來變成女性。四百年後，歐蘭朵來到了現代，與單親撫養的女兒重回貴族時的古堡領地，雖然她不再擁有財富和地位，但卻終於擁有自由，成為一個二十世紀的獨立女性。  改編自維吉尼亞吳爾芙的同名小說，1993年轟動歐美影壇的傑作，27年後在台灣大銀幕重現，這也是台灣首度數位高清版的院線上映。 ,2020-08-28,片長：01時33分,奇幻,D:\Users\Administrator\gb5566\yahoo_ptt\media\movie\images\yahoo\美麗佳人歐蘭朵.jpg,4.1,美麗佳人歐蘭朵
90,★荷蘭鹿特丹國際影展 最佳影片老虎獎 ★維也納國際影展 費比西影評人獎 ★東京FILMeX影展 最佳影片 ★2000年《時代雜誌》年度10大電影  在上海蘇州河上，騎摩托車替人送貨的馬達，接下接送少女牡丹的工作，兩人日漸相處愛上彼此，但就在她決定把終身託付給對方時，馬達財迷心竅，聯合黑道朋友綁架了她，令牡丹心灰意冷，一氣之下跳進蘇州河。臨跳前，牡丹留下遺言：「我要是跳下去了，我會變成一條美人魚來找你的。」  五年後出獄的馬達，在酒吧遇見一位扮成金髮美人魚的酒店女郎美美，和牡丹長得一樣，然而美美表示絲毫不知情牡丹的事，但聽著故事開始仰慕馬達對牡丹的愛，馬達則陷入心理交戰，他直覺牡丹一定還在世上，決心要找到她...  【創作背景】  《蘇州河》是婁燁導演的第3部長片作品，與《危情少女》、《周末情人》和之後的《紫蝴蝶》一樣都是以上海為背景並在當地拍攝完成的。上海不只是婁燁的出生、求學之地，更是讓他為人所知，孕育他創作出這些經典早期作品的靈感城市。《蘇州河》是婁燁自編自導作品，他堅持全程參與實驗性創作，時時都在思考、修改、找尋靈感，他以獨具的抒情文學性敘事、似真似假的人物設定、神秘的主觀旁白，創作出這個迷人上海都會裡，中下階層小人物不凡的淒美故事。  婁燁獨具慧眼，無懼相中當時毫無名氣的演員來擔當主演，卻總成功一舉將他們推上巨星之列。從劇場出身的賈宏聲，並非傳統典型電影演員，然而婁燁深受他有靈性的自然神韻所打動，堅持要讓這位藝術圈好友變成他鏡頭下的男主角。而當年出道不久沒沒無聞的周迅，與婁燁的相遇卻是在一次北京酒吧聚會上，她的美貌與純真機靈的性格讓人印象深刻，婁燁看見了她的潛力，大膽找上她擔當主演，而《蘇州河》後的周迅果真一戰成名，甚至躍上國際舞台。  【回顧20年】  身為千禧年第六代導演浪潮的代表人物之一，婁燁即使與所有同代影人一樣必須面對大環境資金資源短缺、電影審查、無法上映等困境，但他堅持以自己的創作、實驗性的電影語言，嘗試不落俗套地為故事找到最適合的呈現方式。婁燁沒有因大時代的不安而迷失，他很確定要走出與眾不同的道路，對自由與原創的自我表達是他從影以來一貫的理念，而《蘇州河》就是在這樣的精神下誕生。拍攝進入後期階段，開始面臨預算不足的困境時，婁燁因緣際會下認識了當時也沒沒無聞的製片人菲利浦泊拜（Philippe Bober），想不到正是獲得坎城影展金棕櫚大獎《抓狂美術館》（The Square）的重量級製片。  當初一起在藝術圈打拼的菲利浦泊拜，原打算參與婁燁未來的製片計畫，卻一次無意間搶先看到了《蘇州河》的半成品，被這個質樸唯美又奇幻的作品深深打動，看見它更多可能性，所以在最後一刻決定加入後期製作，並找來了剪輯師卡爾里德（Karl Riedl）、配樂家約克萊茵伯格（Jörg Lemberg），讓《蘇州河》搖身變成一部歐陸合製作電影，增添了與同期電影完全不同的迷人色彩。20年了，如今菲利浦泊拜成為坎城金棕櫚肯定的知名製片，婁燁更早已成為國際肯定的代表性華人導演，而周迅更是華語影壇的影后級指標名人！回頭看當年這群來自各地，為夢想奔走的年輕人們，他們無畏地走出了不確定的年代，並找到了屬於自己的無限道路，更為影壇後備帶來深遠啟發。,2020-08-28,片長：01時20分,,D:\Users\Administrator\gb5566\yahoo_ptt\media\movie\images\yahoo\蘇州河.jpg,3.9,蘇州河
91,★根據台灣送肉粽民間習俗改編 ★金馬影帝李康生親身上陣搏命演出祭吊煞 ★淒厲邪靈連環奪命鬼王鍾馗命懸一線 ★金獎團隊製作恐懼指數刷新你的感官極限  十七歲的佳敏(許安植飾)從小擁有靈異體質，她被阿姨玉蘭收養，雖然玉蘭對她疼愛有加，但姨丈昌仔(顏正國飾)卻對兩人長期家暴。某日，佳敏的國中同學芊芊，和網紅男友灰熊(孫安佐飾)想拍攝著名的民間傳說「椅仔姑」，希望由佳敏召喚神靈，吸引直播流量。過程中灰熊為求畫面精彩，故意激怒椅仔姑，召靈情況失控，幸而得到路過的火哥(李康生飾)相助，才化解危難。  火哥與佳敏一樣擁有靈異體質，且配戴著師父金龍師(雷洪飾)傳給他的五雷令項鍊，他擁有「鍾馗身天命」，可以召喚鍾馗降妖伏魔。五年前，火哥與金龍師、師兄阿西法師(陳博正飾)至毒窟除煞，遇到異國邪靈「鬼師傅」。除煞過程中，火哥遭入魔身陷險境，從此喪志像灘爛泥，成天喝酒逃避，但天命的機遇仍不斷找上他…  邪靈鬼師傅引發連續多起上吊事件，佳敏的阿姨玉蘭遭附身，許多無辜民眾也遭受牽連，極度的恐懼降臨在整個小鎮之中。「你有兩個選擇，一輩子逃避，或者勇敢面對。」金龍師曾對火哥這麼說，火哥把這句話，轉送給想救阿姨的佳敏。其實這句話，也是火哥要對自己說的，「天命，中邪，一線之隔。」一場驚悚激烈的神鬼對峙將全面展開…  【電影介紹】  《粽邪》於2018年創下全台暑假檔期華語票房冠軍，主創團隊延續民間「送肉粽」的儀式概念，以更高預算打造更高規格的續集電影，將觀影恐懼感提升至新境界。《馗降：粽邪2》故事除圍繞在悼念上吊往生者「送肉粽」儀式外，更加入了台灣民俗信仰元素「椅仔姑」，以及更淒厲更邪惡的異國邪靈。此次由金馬影帝李康生親身上陣，演繹擁有「鍾馗天命」的法師，這份「天命」帶給他巨大的挑戰與負擔，甚至陷入凶險的性命危機。電影將於農曆鬼月隆重上映，極致的驚悚環節與刺激的神鬼對峙，《馗降：粽邪2》將在今年暑假帶給你驚涼快感，再創台灣國片話題巔峰！,2020-09-02,片長：01時44分,懸疑/驚悚,D:\Users\Administrator\gb5566\yahoo_ptt\media\movie\images\yahoo\馗降：粽邪2.jpg,3.9,馗降：粽邪2
67,故事發生於架空的日本，在「超少子化對策基本法」（1975年制定）的規限下，少年少女們在16歲後便會失去自由戀愛的權利，政府會透過個人從小到大所做的問券、個資、等報告做分析，基於國民的遺傳因子資料強制指定他們的結婚對象，並且會保證兩人之間的契合度，而大家都欣然接受這種「幸福」，然而在那個情竇初開的年紀，青梅竹馬和政府配對之間，這樣的三角關係，該如何取捨呢？  【關於電影】  《戀愛與謊言》原作漫畫由 ムサヲ所著，故事設定中，那是一個由國家決定伴侶的世界，而在這樣的世界舞台上，人們沒有戀愛的自由。真人版電影與原作設定不同的地方在於，真人版電影的故事中心是由一女二男所構成的。女主角仁坂葵是由 森川葵所飾演、他的青梅竹馬司馬優翔則是由 北村匠海、而葵被政府所指定的結婚對象高千穂蒼佑則是由 佐藤寛太擔綱演出。,2020-09-04,片長：01時47分,劇情,D:\Users\Administrator\gb5566\yahoo_ptt\media\movie\images\yahoo\戀愛與謊言.jpg,3.1,戀愛與謊言
83,★連霸日本雙週冠軍，十天突破票房二十億！！ ★原班人馬瘋狂回歸，演員陣容絕贊升級！！ ★保證讓你笑到抽筋，銀魂導演最新力作！！ ★大咖巨星崩壞扮醜，超有哏魔性看個夠！！ ★4000萬本漫畫熱銷，日劇破億點播熱潮！！  「告訴你啦！！我很強又夠卑鄙，所以我天下無敵啦！！」  三橋貴志（賀來賢人 飾）和伊藤真司（伊藤健太郎 飾），兩個文質彬彬高中生在同一天轉學，並且決定在新學校開始「囂張」，從此做個不良少年；所以兩人決定改變髪型，剛好在兩間相鄰的理髪院「變型」，也發現了彼此的秘密，因此結成盟友。這就是他們相識的開始。  三橋染了一頭耀眼金髮，他的信念是「無論用卑鄙的手段，只要能贏就行！」不僅要稱霸高校，還立志成為日本最強的男人。伊藤頂著浮誇刺蝟頭，充滿男子氣概又富有正義感，常常被三橋利用卻不自覺，帥氣臉龐風靡許多高中少女的心。兩人憧憬成為硬派不良少年，誤打誤撞組成最佳拍檔，迎戰無數強敵，登上校園大哥大的寶座。兩個人不斷挑戰校內校外的不良少年，引發了一連串爆笑事件，也成為校園傳說！  要囂張就要做到最囂張的！某天，2人曾進行死戰的不良高中-開久高校被鄰鎮的北根壞高校借用。當中柳銳次（柳樂優彌 飾）及戰鬥力高的巨漢-大嶽重弘（榮信 飾）壓制全校學生，並向同學們出售高價「御守」，不買的人就會受懲罰威脅，他們與三橋及伊藤因此引爆衝突激戰，大哥大們將遭遇此生最大性命危機！！  【關於電影】  以漫改電影《銀魂》知名的導演福田雄一再度出招，於2018年將《我是大哥大》改編成同名日劇，大膽玩壞眾多帥哥美女！除了還原漫畫復古造型，演員還得賣帥搞笑；賀來賢人化身卑鄙的金髮惡魔還要扮女裝，新生代男神伊藤健太郎頂上怪異刺蝟頭，而千年一遇美少女橋本環奈則是要翻白眼咆哮演不良大姐頭，再一秒切換成清純嬌弱的可愛小女友！這麼有哏的日劇播出後果然大受歡迎，火紅到相關影片在網路上累積超過一億播放次數，引起大熱潮！ 日劇粉絲直喊：「看不夠！」2020年，總算讓我們千呼萬喚出《我是大哥大！！劇場版》！  電影版將原作「VS北根壞高校篇」搬上大螢幕，除了日劇原班人馬外，還追加多位新角色，分別是北根壊高校的首腦-柳鋭次（柳樂優彌 飾）、永架高校的女番長森川涼子（山本舞香 飾）等新卡司。柳樂優彌飾演狡猾的反派-柳鋭次，長直髮披肩、根根分明的稀疏瀏海，神還原復古裝束！全片仍會有笨蛋情侶伊藤健太郎和橋本環奈，繼續聯手閃瞎眾人！ ,2020-09-04,片長：01時54分,喜劇,D:\Users\Administrator\gb5566\yahoo_ptt\media\movie\images\yahoo\我是大哥大！！劇場版.jpg,4.1,我是大哥大！！劇場版
46,★ 榮登法國三週票房冠軍 ★ 凱薩獎最佳影片《花落花開》名導馬丁波渥斯最新力作 ★ 大滿貫影后茱麗葉畢諾許、凱薩獎影帝提名艾德華貝爾、凱薩獎影后友蘭達夢露、坎城導演雙週SACD獎得主諾艾米勞佛斯基、凱薩獎最佳男配角弗朗索瓦貝蘭演技派群星同台飆戲 ★ 《美好拾光公司》《從前的我們》製片團隊妙趣橫生新作 ★ 《大藝術家》《情陷高達》凱薩獎最佳攝影得主掌鏡 ★ 用幽默而諷刺的角度，闡述一個關於團結與性別平等的普世故事  波萊特（茱麗葉畢諾許 飾）和丈夫長年在法國阿爾薩斯的比奇開設一所家政學校，在那個婦女對丈夫百依百順的年代，他們的任務是訓練年輕女孩成為完美的家庭主婦。在丈夫驟逝後，波萊特發現學校處於破產邊緣，她必須肩負起拯救學校的責任。在準備參加一個家政競賽電視節目的過程中，正值1968年五月風暴全國抗爭之時，波萊特和她的活潑學生們一直以來的信念，也逐漸開始動搖。於此同時，波萊特與初戀重逢，並加入了女學生們的陣營，一同克服被壓迫的狀態，走向成為自由女性的康莊大道。,2020-09-04,片長：01時48分,喜劇,D:\Users\Administrator\gb5566\yahoo_ptt\media\movie\images\yahoo\完美嬌妻養成班.jpg,3.3,完美嬌妻養成班
65,★迪士尼經典動畫《花木蘭》真人版登上大銀幕 ★仙女姐姐劉亦菲化身花木蘭 ★穿上戰袍挑戰高難度武打動作 ★集結亞洲巨星功夫皇帝李連杰、《葉問》甄子丹、國際影后鞏俐同台飆戲  迪士尼帶來的《花木蘭》，重新再現了有著數百年歷史的中國詩歌中，不朽的傳奇女戰士。這部真人電影秉承其中國的根源，也呈現了華裔巨星與年輕新秀的精彩結合。  知名電影人妮琪卡羅將花木蘭的史詩傳奇化為現實，變成一場激勵人心的精彩冒險，一位無畏的年輕女子出於對家庭與國家的愛而冒著生命的危險，成為中國史上最偉大的戰士之一。當皇帝頒佈法令，每個家庭都要派出一人從軍服役，以保衛國家免受北方侵略者的危害，花木蘭，一位知名戰士的長女，代替她年老體衰的父親，假扮成男人，花軍。她通過每一次的考驗，充分利用她的內在力量，發揮自己真正的潛力。這個史詩般的旅程，將她轉變為一位優異的戰士，並讓她贏得國家的感謝與尊敬，以及父親的引以為傲。 ,2020-09-04,片長：01時55分,奇幻,D:\Users\Administrator\gb5566\yahoo_ptt\media\movie\images\yahoo\花木蘭.jpg,2.6,花木蘭
99,★1998年柏林影展金熊獎、最佳女主角等三項大獎 ★1999年奧斯卡金像獎最佳外語片、最佳女主角提名、金球獎最佳外語片 ★二十二週年數位修復經典傑作，全世界上最好看的電影國際首映 ★一生必看十大電影_多倫多時報 ★感人肺腑、熱淚盈眶_洛杉磯時報 ★精采絕倫的演技_綜藝報 ★最後結局絕對讓你哭著離場_芝加哥太陽報 ★撼動心靈的傑作_巴西日報  中央車站是巴西里約熱內盧流量最大的車站，朵拉靠著自身識字能力，替不識字的人們寫信為生。  某日，一名少婦帶著十歲的兒子約書亞給他從未謀面的父親寫信，希望約書亞的父親能夠來里約熱內盧找他們，但少婦卻在一出車站後就意外身亡。留下孤苦無依的約書亞在城市裏頭，隻身流落街頭著，本來為人現實的朵拉由於母性的驅使和內心的善良下，答應約書亞要去陪他尋找到父親。  剛開始兩人的相處是十分不愉快，但一路上他們不斷遇到重重難關時，對彼此卻越來越能坦誠相對，而在這段旅程中，朵拉與約書亞相伴在一起，約書亞尋找著父親，朵拉卻也同時尋找到了自己。 ,2020-09-11,片長：01時51分,,D:\Users\Administrator\gb5566\yahoo_ptt\media\movie\images\yahoo\中央車站：數位修復版.jpg,4.6,中央車站：數位修復版
60,季末（春夏 飾）從小就因為能看見「怪物」而被視作異類，直到有一天她在工作的超市再次看到了「怪物」並神奇的邂逅了「怪物先生」—猛哥（余文樂 飾），她才發現原來世界上真的有「怪物」存在。猛哥幸運地解決了在超市出現的怪物，但打怪的過程不幸被監控器拍下並流出，兩個年輕人因此捲入了一場新的風波。,2020-09-11,片長：01時44分,奇幻,D:\Users\Administrator\gb5566\yahoo_ptt\media\movie\images\yahoo\怪物先生.jpg,3.2,怪物先生
86,,2020-09-11,片長：01時32分,懸疑/驚悚,D:\Users\Administrator\gb5566\yahoo_ptt\media\movie\images\yahoo\密弒直播.jpg,3.1,密弒直播
76,★女生小圈圈　閨蜜還是敵人？ ★《甜蜜殺機》連奕琦監製　年度話題校園片 ★開美肌 婊心機　社群風暴將席捲花邊少女少男們  神秘寡言的轉學生允蘅，初來乍到就被捲入暗潮洶湧的女孩心機；想連任校園親善大使的可茜，想方設法建立自己的姐妹勢力；率真直言的力加，看不慣可茜恩威並施的手段，挺身而出的同時卻也陷入鬥爭的漩渦，姊妹過招各鬥心機。一場生日派對後，少女被偷拍的性愛影片在網路上流傳，流言蜚語四起，少女花邊日記開始變調。  直播、偷拍、肉搜，少男少女們的校園小圈圈不再平靜，一場風雨欲來的網路社群風暴即將襲來！為好友伸張正義的她，在越接近真相的同時，也揭露校園內令人坐立難安的真相……。,2020-08-07,片長：01時22分,,D:\Users\Administrator\gb5566\yahoo_ptt\media\movie\images\yahoo\哈囉少女.jpg,3.9,哈囉少女
83,在愛情的世界裡，我們是彼此的怪胎。 陳柏青是一名嚴重神經性強迫症患者，有非常嚴重的潔癖，非不得已要出門時都是全副武裝；穿防塵衣、戴手套、戴口罩，還會不停的洗手，所以他幾乎沒辦法正常社交生活。在一般人眼中，柏青就是個異於常人的怪胎。每月的15號是柏青唯一一天出門採買的日子，就在某個命運的15號，他遇見了與他「同病相憐」的另一個怪胎—陳靜。陳靜除了跟柏青一樣有嚴重的潔癖之外，她的皮膚只要在家以外的地方待上超過四小時就會嚴重過敏，全身長出紅斑。原本以為自己要永遠孤單活在這世界上的兩人，老天爺讓他們相遇，發展出一塵不染的愛情，彷彿擁有了彼此就不再害怕被世界遺棄。然而這段看似命中註定的關係，卻在柏青的強迫症突然消失後，漸漸的變了調…愛情的承諾，真的能永保新鮮嗎？ ,2020-08-07,片長：01時44分,劇情,D:\Users\Administrator\gb5566\yahoo_ptt\media\movie\images\yahoo\怪胎.jpg,4.1,怪胎
97,《天劫倒數》故事敘述一顆名為「克拉克」的彗星，從地球旁邊高速掠過，其大型碎片落入地球，造成城市毀滅與難以估計的生命財產損失。政府緊急開放給某些人有資格躲入地下緊急避難所，以躲避48小時後更具毀滅性的隕石衝擊，約翰蓋瑞迪(傑哈巴特勒 飾)雖然不明白自己為何被選中，但是他決定把握這個機會，為自己與家人爭取活下去的機會。,2020-08-12,片長：02時00分,,D:\Users\Administrator\gb5566\yahoo_ptt\media\movie\images\yahoo\天劫倒數.jpg,3.9,天劫倒數
92,★禾浩辰、賴雅妍繼《等一個人咖啡》再度同框，2018金馬入圍、台北電影獎最佳短片獎導演王逸帆執導 ★《紅衣小女孩》系列電影總監製曾瀚賢最新力作 ★立法院爆發活屍病毒！多數立委高官遭到感染，互撕互咬，鮮血直流，高層下令全數殲滅控制疫情  標準魯蛇王有為（禾浩辰 飾）是立法院裡的替代役，卻在立委熊穎穎（賴雅妍飾）與反派立委的衝突中，意外害熊穎穎使用暴力，不得不引咎辭職，她便強硬的要求王有為替她把立委選回來。連班長都沒當過的王有為就這樣補選上了立委！  新科立委王有為上任的某天，立法院爆發化工廠流出活屍病毒，立委高官甚至總統一個個互咬變成活屍，瞬間快速傳染，所有立委成了活屍，立法院成為血流成河的人間煉獄。王有為在與活屍立委廝殺的過程中，發現自己竟對病毒免疫，他與倖存者熊穎穎等人決定打爆活屍，奮力逃出立法院，因為他們全都想要活著出去，一個都不能少！  【關於電影】  《逃出立法院》中充滿政治嘲諷和黑色幽默，但這些元素皆直指故事核心概念：「家」。  故事中主角群其實就是一個來自社會各個階層的大家庭，而隨著故事發展，主角也從一個憤世嫉俗的孤兒，慢慢體會到自己的家人就在身邊，成長為一個願意付出的人。採用非典型的「活屍們」來表現現實中不盡理理想的環境，象徵那些為了自己的利益把這個地方搞得亂七八糟的人。  在爽快與活屍廝殺的同時，透過主角的成長，也讓觀眾得到「這個地方就算被搞得再爛都是我們的家，不論如何都要把這個家變得更好。」的啟發。本片透過不停的拉扯、對撞、衝突，去展開一場血淋淋且極具痛感的對話，而對話的終點在於更多的「理解」。不同世代，不管是憤怒衝撞或厭世嚷嚷著說要「逃離鬼島」，其實往往都源自於對臺灣這塊土地的殷切期許。,2020-08-14,片長：01時36分,喜劇,D:\Users\Administrator\gb5566\yahoo_ptt\media\movie\images\yahoo\逃出立法院.jpg,4.0,逃出立法院
96,「因為我決心要成為妳心目中的正義使者。」  少年不再逃避真相。 為了拯救少女、為了貫徹自己選擇的正義。  魔術師〈御主〉與英靈〈從者〉以萬能許願器「聖杯」為中心，展開的戰鬥——「聖杯戰爭」。這場戰爭的本質已然扭曲，間桐臟硯企圖利用櫻來完成自己的夙願。間桐櫻與自己犯下的罪孽，沈淪幽深的黑暗中。發誓要保護櫻的衛宮士郎，為了終結「聖杯戰爭」和遠坂凜聯手投身於慘無人道的戰爭中。另一方面，深知這場戰爭真相的伊莉亞・馮・艾因茲貝倫也挺身面對自己的命運…  少年力抗迎面而來的狂風，挑戰命運， 他的心意，少女是否能了解？  迎向終局的「聖杯戰爭」——。最後之戰，即將揭開序幕。 ,2020-08-15,片長：02時02分,奇幻,D:\Users\Administrator\gb5566\yahoo_ptt\media\movie\images\yahoo\Fate/staynight[Heaven'sFeel]III.春櫻之歌.jpg,4.4,Fate/stay night [Heaven's Feel] III.春櫻之歌
92,★ 七夕情人節 戀愛電影首選 ★ 新海誠力推！岩井俊二 繼情書後最動人的純愛的電影書寫 ★ 時隔22年 松隆子&福山雅治再結戲緣  裕里的姊姊未咲撒手人寰。裕里（松隆子 飾）在告別式上，從外甥女鮎美（廣瀨鈴 飾）口中得知，有一封寄給未咲的同學會通知。裕里前往姊姊的同學會，想告知姊姊過世的消息，卻被眾人誤認為是曾為校花的姊姊，並且與她的初戀對象鏡史郎（福山雅治 飾）重逢。  一場誤會開啟了裕里與鏡史郎之間奇妙的書信往來。學生時期的鏡史郎（神木隆之介 飾）和少女未咲（廣瀨鈴 飾）以及少女裕里（森七菜 飾）之間淡淡的初戀情誼，又彷彿透過往返的信札鮮活起來。書信悄然串起他們的心，讓未咲死亡的真相、過去及現在，以及各自深藏在內心的初戀情懷，即將穿越時空有新了的發展───  催生出《情書》、《燕尾蝶》、《四月物語》、《花與愛麗絲》等經典名作的電影導演──岩井俊二。他闖蕩影壇的20多年當中，巧妙地切入各個時代，刻劃出各種當代的愛情。每部作品都有忠實支持者的岩井俊二導演，首度以自身的出身地「宮城縣」作為故事背景，讓錯過的書信情牽兩個世代的男女，《最後的情書》描繪出他們各自的心靈重建與成長。大師岩井俊二的新片，集結到松隆子、廣瀨鈴、庵野秀明、森七菜、神木隆之介、福山雅治等超豪華卡司，老班底中山美穗和豐川悅司也來友情客串。不但讓人重溫名作『情書』的世界，並構築出全新的娛樂視角。 ,2020-08-21,片長：02時01分,劇情,D:\Users\Administrator\gb5566\yahoo_ptt\media\movie\images\yahoo\最後的情書.jpg,4.0,最後的情書
71,★ 韓國電影大廠CJ娛樂合力打造！ ★ 翻拍自韓國驚悚犯罪電影《盲證》！ ★「看不見」的目擊者 該如何指認真兇！ ★ 台灣觀眾搶先目睹海外唯一上映！  小秋〈方英桃 飾〉是位前實習警察，在一場意外中不幸喪失視力。而她涉入一起她認為是謀殺案的事件當中，因而決定站出來作證，但卻因「看不見」而不被警方採信，此時，另一名證人竟突然出現提供跟她相反的證詞，調查單位正感困惑之時，藏於暗處的兇手決心對她不利。 ,2020-08-21,片長：01時45分,,D:\Users\Administrator\gb5566\yahoo_ptt\media\movie\images\yahoo\看不見的證人.jpg,3.5,看不見的證人
97,★ 2020白色情人節，最純粹可愛，又帶有一絲傷心的初戀告白 ★ 億萬名導林孝謙編劇，改編知名作家肆一同名暢銷作品 ★ 集合台灣新生代清新組合，再造愛情電影全新CP  田筱湘（陳妤 飾）是個熱愛肆一散文及塔羅牌算命的女孩，但內心深處，她還有另一個摰愛，就是青梅竹馬的李助豪（曹佑寧 飾），在她求神問卜算出天時地利人和的時機，準備要告白時，李助豪竟先向校花網紅，也是她的好友宋依靜（林映唯 飾）告白了！  宋依靜卻對李助豪開了交往條件，她要求李助豪展現追求誠意的任務就是必需促成3對絕緣的男女展開戀情！包括：冰山美人的美術老師史東與暗戀她多年的健身房老闆劉志晾，還有全校最討人厭的怪妹阿余，她病態般的不停向校草羅丹尼公開示愛，以及黑社會大姊頭御姊竟然看上了哲學系的阿山，要讓這3對神組合交往，簡直是MISSION IMPOSSIBLE。  一向是工具人的李助豪竟傻傻同意要求，消息一出轟動全校，其實束手無策的他趕忙向好友田筱湘求援。田筱湘初戀破滅，卻因捨不得看著好友難過，不得不懷著複雜心情，半推半就下同意幫忙，她心中的初戀會走向剛剛好的完美結局嗎？ ,2020-08-21,片長：01時48分,劇情,D:\Users\Administrator\gb5566\yahoo_ptt\media\movie\images\yahoo\可不可以，你也剛好喜歡我.jpg,4.6,可不可以，你也剛好喜歡我
92,漫威影業首部驚悚作品，顛覆影迷對漫威英雄的想像，全新型態《變種人》驚悚登場。當五位擁有特殊能力的青少年被關入秘密機構，有一股超自然惡勢力正蠢蠢欲動，他們必須面對過去的罪惡，但內心的恐懼即將成真。神秘的背後似乎有巨大的陰謀正在成形，他們是否能勇敢對抗自身的力量，逃脫這一切枷鎖…,2020-08-27,片長：01時34分,冒險,D:\Users\Administrator\gb5566\yahoo_ptt\media\movie\images\yahoo\變種人.jpg,3.1,變種人
99,諾蘭導演的全新鉅作《TENET天能》演員卡司包括約翰大衛華盛頓、羅伯派汀森、伊莉莎白戴比姬、亞倫泰勒強森，肯尼斯布萊納和米高肯恩。,2020-08-27,片長：02時29分,劇情,D:\Users\Administrator\gb5566\yahoo_ptt\media\movie\images\yahoo\TENET天能.jpg,4.0,TENET天能
86,劇情描述律師貞仁（申惠善 飾）得知罹患失智症的母親花子（裴宗玉 飾）涉嫌下毒殺人，因故與家人失聯多年的她懷疑事有蹊翹決定親自出手調查。追查案情的過程中，貞仁遭遇各方層層阻撓，到底她該自保並為母親翻供，揭開這樁謀殺案背後隱藏多年、不可告人的醜陋真相？,2020-07-22,片長：01時51分,,D:\Users\Administrator\gb5566\yahoo_ptt\media\movie\images\yahoo\翻供.jpg,4.0,翻供
67,★《天才的禮物》《奇蹟男孩》後，最真摯感動的生命故事！ ★《我要為你呼吸》《惡女訂製服》監製Ｘ《漫漫回家路》配樂，攜手打造今年最動人英倫電影！ ★《女巫獵人》潔瑪雅特頓Ｘ《美女與野獸》古古瑪芭塔勞 從影以來最浪漫動人演出！  遇見你，是生命中最美好的意外 二次世界大戰期間，性格孤傲冷僻，拒人於千里之外的作家愛麗絲（潔瑪雅特頓 飾）獨自隱居在英國南方的海邊懸崖旁，苦心鑽研以科學理論推翻魔法的存在。某日，一名從倫敦戰區避難而來的男孩法蘭克（盧卡斯邦德 飾）闖入她的獨居生活，百般不願的愛麗絲對法蘭克極為冷漠、消極，在朝夕相處下，法蘭克的天真與單純卻逐漸瓦解愛麗絲封閉的心房，也喚醒她深埋心中的秘密—那年夏天，她與舊情人（古古瑪芭塔勞 飾）所共度的美好時光…。 ,2020-07-24,片長：01時39分,溫馨/家庭,D:\Users\Administrator\gb5566\yahoo_ptt\media\movie\images\yahoo\戀夏時光.jpg,3.8,戀夏時光
46,「誰才是真正愛你的人？」  艾莉莎，一個懷抱歌唱夢的厭世女高中生，小心藏著暗戀心事，總抱怨自己是不被愛的人。一日，她目睹了好友珍碩的車禍意外，並眼睜睜看著珍碩的靈魂被魔王掠走。正當她因負疚感不知所措，一隻會說話的青蛙精靈突然現身，領著她墜入神秘的精靈國度。在那裡，艾莉莎邂逅了吉他精靈羅比，更意外得知自己早已遺忘的身世秘密。原來此時此刻，精靈國度正深陷魔王的暗黑統治中，唯有艾莉莎能打破詛咒。但在此之前，她必須先誠實聆聽自己，覓得愛的真諦。為了拯救好友的靈魂，艾莉莎決定挺身而出，竭盡所能。  懷抱著對愛的青春迷惘，有青蛙與羅比相伴，艾莉莎在精靈國度的勇敢冒險，也就此展開⋯⋯ ,2020-07-24,片長：01時24分,冒險,D:\Users\Administrator\gb5566\yahoo_ptt\media\movie\images\yahoo\魔王的女兒.jpg,2.8,魔王的女兒
99,★韓國青龍獎影帝鄭雨盛、資深演員郭度沅聯手打造磅礡《鋼鐵雨》二部曲！ ★韓國億萬導演梁宇皙繼口碑爆棚電影《正義辯護人》後最新動作鉅作！ ★刺激直逼《全面攻佔：倒數救援》，南北韓、美國三大元首遭綁架，戰爭一觸即發！ ★「國民女婿」柳演錫顛覆暖男形象演出北韓領導人，演技大爆發！ ★《鋼鐵雨》首部曲擊敗《星際大戰八部曲：最後的絕地武士》奪韓國新片票房冠軍，締造逾445萬觀影人次、台幣11億票房！  潛艦全面攻佔 核戰一觸即發！  南韓總統(鄭雨盛飾)、北韓領導人(柳演錫飾)與美國總統(安格斯麥克菲恩飾)三大元首為達成和平協定破天荒舉辦了全球矚目的高峰會談。然過程中北韓護衛總局局長(郭度沅飾)卻突然發動武裝政變，將三大元首綁架到一艘核子潛艦上，面對南北韓僵局、中美角力和日本的箝制，全球戰爭一觸即發。  三國領袖變成人質、世界和平危在旦夕，他們更要想出一起逃出升天的辦法，在核子潛艦上的高峰會議即將展開… ,2020-07-29,片長：02時11分,劇情,D:\Users\Administrator\gb5566\yahoo_ptt\media\movie\images\yahoo\鋼鐵雨：深潛行動.jpg,4.0,鋼鐵雨：深潛行動
100,★榮登韓國六月新片票房冠軍 ★經典神劇《信號》、《毒戰》演技派男星 趙震雄 再度化身正義警探，追查謎樣多重真相 ★韓劇多產作品實力派 裴秀彬 X《與神同行》鄭海均  名叫炯求的刑警(趙震雄飾) 前來調查小鎮上發生的神祕火災，他探查每一個村民，卻得不到任何線索，全村總有種不安的詭譎氣氛。一晚，村民們邀請炯求作客，酒後三巡，炯求失去意識，第二天他醒來時，全村民卻尊稱他為“老師”，炯求漸漸意識到他變成了小鎮上另一個身分…這到底是一場夢、騙局、還是現實…他要如何發掘這一連串的謎團真相！？,2020-07-31,片長：01時45分,懸疑/驚悚,D:\Users\Administrator\gb5566\yahoo_ptt\media\movie\images\yahoo\雙面追緝.jpg,3.4,雙面追緝
99,★風靡全台「北海小英雄」小威重返大銀幕，暑假唯一親子動畫電影！ ★驚險的航海冒險，當「北海小英雄」小威遇上「北歐神話」雷神索爾，全新風格，視覺效果直逼《馴龍高手》。 ★戳戳鼻子、動動腦筋、「啊哈」一聲「有了」，五六年級生最懷念的卡通，小小腦袋瓜總能蹦出令人驚喜的點子鼓舞人心。  在層層冰封的維京群島中有一個布蘭村，住著一群維京海盜，他們個性單純熱情，但有勇無謀，靠著村長，也是海盜船船長哈維帶著大家賺錢謀生。  哈維的兒子小威一心嚮往登上父親的維京船，沿著北歐海岸展開刺激的冒險，但哈維不確定兒子是否有本事成為一名真正的維京戰士。當哈維從多年的死對頭屎凡那裡偷來一支神祕的寶劍，他們發現寶劍擁有神奇的力量，竟然能點物成金，哈維和村民興奮過頭，胡亂使用，竟誤將小威的母親變成了一座黃金雕像。  為了解除魔咒救回母親，小威和琪琪偷偷溜上船，與父親一同踏上前往神奇的洛基峽灣，在這場充滿驚奇和危險的旅程中，小威不會錯過機會向他父親證明，他確實有本領成為真正的維京海盜。  本故事並結合北歐神話，與雷神索爾驚喜相遇，是本片一大驚喜與賣點。  【關於北海小英雄的故事】  電影的主人翁小威源自於1963年出版，由瑞典作家努勒強森所寫的童書《維京海盜小威》，1974年由德國和日本共同製作卡通版本，在日本首播後獲得廣大迴響，也陸續於歐洲、亞洲與美洲的多個國家以不同的語言版本播出，電視卡通熱播超過40年，版權賣到超過130個國家，是名聞全球的冒險趣味動畫。 1978年《北海小英雄》在台灣首播，1982年及1990年也曾播出不同配音版本，極受觀眾的喜愛，2013年也曾再度重播，尤其主題曲傳唱率極高，是5、6年級生共同回憶的經典作品。  小威生性敏銳有創造力，小小腦袋瓜總能想出令人驚喜的聰明對策鼓舞人心，戳戳鼻子，動動腦筋「啊哈」，一聲「有了」，小威向小孩和大人證明，想更快速又更有效地克服挑戰，那就要善用卓越的點子和聰明才智，而不是動用武力，強烈傳達「運用智慧」這個歷久彌新的價值觀。 ,2020-07-31,片長：01時22分,冒險,D:\Users\Administrator\gb5566\yahoo_ptt\media\movie\images\yahoo\北海小英雄.jpg,4.0,北海小英雄
